"AHC","20150120","9.79","9.85","9.221","9.48","82593"
"AHC","20150121","9.43","9.519","9.17","9.21","66634"
"AHC","20150122","9.28","9.615","9.21","9.54","85922"
"AHC","20150123","9.57","9.62","9.36","9.41","47463"
"AHC","20150126","9.38","9.76","9.1","9.74","100630"
"AHC","20150127","9.61","9.7","9.45","9.48","38940"
"AHC","20150128","9.49","9.61","9.26","9.37","55067"
"AHC","20150129","9.37","9.72","9.28","9.68","36799"
"AHC","20150130","9.58","9.67","9","9.02","77007"
"AHC","20150202","9.02","9.02","8.52","8.83","150166"
"AHC","20150203","8.88","9.1","8.86","9","60943"
"AHC","20150204","8.94","9.2699","8.86","9.2","57096"
"AHC","20150205","9.3","9.4999","9.1664","9.4","36603"
"AHC","20150206","9.43","9.5425","9.18","9.3","69209"
"AHC","20150209","9.29","9.355","9.1","9.13","44710"
"AHC","20150210","9.22","9.22","8.74","8.79","102978"
"AHC","20150211","8.64","9.06","8.64","8.98","478970"
"AHC","20150212","9.03","9.15","9","9.05","26440"
"AHC","20150213","9.08","9.2","8.99","9.13","30670"
"AHC","20150217","9.07","9.1","8.77","8.89","47265"
"AHC","20150218","8.89","8.96","8.74","8.75","46034"
"AHC","20150219","8.76","9","8.61","8.79","90067"
"AHC","20150220","8.79","8.89","8.65","8.8","76522"
"AHC","20150223","8.79","9.125","8.7","9.06","63896"
"AHC","20150224","9.07","9.24","8.94","9","34582"
"AHC","20150225","8.96","9.14","8.9401","9.07","17859"
"AHC","20150226","9.05","9.23","8.92","8.97","129272"
"AHC","20150227","8.93","9.12","8.65","8.69","50613"
"AHC","20150302","8.7","9.0325","8.7","8.94","56419"
"AHC","20150303","8.89","9","8.7","8.81","57878"
"AHC","20150304","8.8","8.8801","8.69","8.77","31234"
"AHC","20150305","8.81","8.86","8.6548","8.79","31611"
"AHC","20150306","8.8","8.84","8.65","8.71","44312"
"AHC","20150309","8.76","8.824","8.61","8.64","26322"
"AHC","20150310","8.54","8.6","7.93","8.12","65583"
"AHC","20150311","8.13","8.13","7.85","8.02","34467"
"AHC","20150312","8.04","8.33","8","8.11","58413"
"AHC","20150313","8.13","8.18","7.93","8.08","69317"
"AHC","20150316","8.12","8.19","8.03","8.04","25576"
"AHC","20150317","7.99","8.07","7.975","8.01","45787"
"AHC","20150318","8","8.19","7.96","8.04","40489"
"AHC","20150319","8.08","8.223","8","8.19","25554"
"AHC","20150320","8.25","8.35","8.02","8.31","80195"
"AHC","20150323","8.3","8.37","8.19","8.29","21345"
"AHC","20150324","8.26","8.46","8.23","8.37","65501"
"AHC","20150325","8.4","8.4","8.15","8.15","35261"
"AHC","20150326","8.14","8.24","8.11","8.15","37580"
"AHC","20150327","8.16","8.42","8.15","8.35","51169"
"AHC","20150330","8.38","8.4","8.14","8.22","66185"
"AHC","20150331","8.26","8.26","8.13","8.23","26596"
"AHC","20150401","8.2","8.29","8","8.28","66544"
"AHC","20150402","8.27","8.41","8.16","8.27","48389"
"AHC","20150406","8.25","8.25","8.18","8.2","31786"
"AHC","20150407","8.18","8.32","8.14","8.21","21392"
"AHC","20150408","8.23","8.39","8.21","8.24","18154"
"AHC","20150409","8.25","8.29","8.13","8.2","18058"
"AHC","20150410","8.24","8.24","8","8.02","33424"
"AHC","20150413","8","8.13","7.97","7.98","42006"
"AHC","20150414","7.97","8.01","7.92","7.98","51791"
"AHC","20150415","7.98","8","7.95","7.96","43698"
"AHC","20150416","7.95","7.95","7.55","7.55","103224"
"AHC","20150417","7.45","7.57","7.4","7.45","91672"
"AHC","20150420","7.46","7.7","7.45","7.55","30987"
"AHC","20150421","7.55","7.67","7.53","7.55","29099"
"AHC","20150422","7.58","7.68","7.44","7.58","26480"
"AHC","20150423","7.6","7.6","7.47","7.55","28666"
"AHC","20150424","7.52","7.59","7.46","7.52","42167"
"AHC","20150427","7.52","7.6375","7.35","7.35","88010"
"AHC","20150428","7.33","7.33","6.762","6.8","88080"
"AHC","20150429","6.78","6.95","6.76","6.8","67268"
"AHC","20150430","6.78","6.85","6.57","6.69","93549"
"AHC","20150501","6.73","6.73","6.49","6.53","105310"
"AHC","20150504","6.52","6.6","6.43","6.46","48699"
"AHC","20150505","6.42","6.54","6.18","6.19","82708"
"AHC","20150506","6.23","6.29","5.79","6.13","179759"
"AHC","20150507","6.12","6.16","6","6","81748"
"AHC","20150508","6","6.08","5.94","6.01","76412"
"AHC","20150511","6","6.2899","6","6.23","123877"
"AHC","20150512","6.16","6.2899","6.04","6.25","74779"
"AHC","20150513","6.2","6.32","6.18","6.2","51715"
"AHC","20150514","6.22","6.2899","6.11","6.17","55167"
"AHC","20150515","6.15","6.3","6.15","6.29","50548"
"AHC","20150518","6.3","6.49","6.25","6.4","79385"
"AHC","20150519","6.38","6.39","6.03","6.05","73582"
"AHC","20150520","6.09","6.18","5.9","6.07","58288"
"AHC","20150521","6.04","6.16","6.02","6.15","48728"
"AHC","20150522","6.12","6.17","6.12","6.15","78512"
"AHC","20150526","6.15","6.35","6.15","6.26","87028"
"AHC","20150527","6.24","6.35","6.14","6.15","81781"
"AHC","20150528","6.14","6.17","5.93","5.97","115302"
"AHC","20150529","5.95","5.99","5.76","5.81","234306"
"AHC","20150601","5.86","5.99","5.72","5.81","132420"
"AHC","20150602","5.77","5.86","5.72","5.73","126584"
"AHC","20150603","5.76","5.98","5.7","5.92","82425"
"AHC","20150604","5.87","6.04","5.82","6","65679"
"AHC","20150605","5.94","6.08","5.92","5.92","72798"
"AHC","20150608","5.9","5.92","5.8","5.8","55583"
"AHC","20150609","5.77","5.77","5.57","5.6","70555"
"AHC","20150610","5.64","5.785","5.57","5.76","70605"
"AHC","20150611","5.74","5.77","5.66","5.71","40315"
"AHC","20150612","5.67","5.73","5.56","5.62","50650"
"AHC","20150615","5.61","5.7","5.47","5.48","93358"
"AHC","20150616","5.49","5.71","5.4","5.66","69288"
"AHC","20150617","5.67","5.82","5.6","5.8","67070"
"AHC","20150618","5.83","5.91","5.7","5.88","85510"
"AHC","20150619","5.86","6.01","5.7","5.98","128331"
"AHC","20150622","5.98","6.17","5.9","6.11","103656"
"AHC","20150623","6.1","6.41","6.04","6.37","66606"
"AHC","20150624","6.41","6.41","6.02","6.12","123876"
"AHC","20150625","6.14","6.24","6","6.09","87984"
"AHC","20150626","6.12","6.2","5.95","6.01","327222"
"AHC","20150629","5.99","6.0899","5.58","5.59","170806"
"AHC","20150630","5.71","5.83","5.52","5.6","138838"
"AHC","20150701","5.68","5.845","5.47","5.56","91006"
"AHC","20150702","5.58","5.63","5.418","5.5","82436"
"AHC","20150706","5.47","5.5","5.26","5.33","141285"
"AHC","20150707","5.35","5.44","5.3","5.36","84027"
"AHC","20150708","5.31","5.45","5.22","5.3","64935"
"AHC","20150709","5.37","5.4","5.07","5.11","106170"
"AHC","20150710","5.19","5.33","5.14","5.19","63473"
"AHC","20150713","5.24","5.41","5.23","5.27","96688"
"AHC","20150714","5.28","5.37","5.2","5.24","25526"
"AHC","20150715","5.23","5.31","5.04","5.16","137130"
"AHC","20150716","5.13","5.24","5.09","5.11","72409"
"AHC","20150717","5.09","5.1","4.9","5.01","82060"
"AHC","20150720","5.16","5.16","4.95","4.99","42943"
"AHC","20150721","5.06","5.06","4.9","4.91","43516"
"AHC","20150722","4.9","5.0543","4.9","4.99","71915"
"AHC","20150723","4.92","4.99","4.74","4.76","87810"
"AHC","20150724","4.75","4.78","4.59","4.69","34930"
"AHC","20150727","4.71","4.73","4.4288","4.59","236490"
"AHC","20150728","4.43","5.44","4.43","5.34","131061"
"AHC","20150729","5.41","5.81","5.29","5.3","135190"
"AHC","20150730","5.28","5.65","5.1601","5.35","85773"
"AHC","20150731","5.36","5.42","5.15","5.15","81066"
"AHC","20150803","5.27","5.4","5.21","5.33","66435"
"AHC","20150804","5.34","5.39","5.16","5.37","47710"
"AHC","20150805","5.38","5.522","5.23","5.25","161448"
"AHC","20150806","5.23","5.29","5.15","5.21","28976"
"AHC","20150807","5.2","5.23","5.16","5.16","33851"
"AHC","20150810","5.19","5.21","5.1","5.11","53168"
"AHC","20150811","5.1","5.14","4.99","5.01","32428"
"AHC","20150812","4.93","5.05","4.75","4.91","82302"
"AHC","20150813","4.9","5.11","4.57","4.71","104880"
"AHC","20150814","4.76","5.08","4.63","4.94","115399"
"AHC","20150817","5","5.17","4.7471","4.76","51517"
"AHC","20150818","4.75","4.868","4.63","4.68","75959"
"AHC","20150819","4.66","5.029","4.66","4.92","32879"
"AHC","20150820","4.87","4.98","4.72","4.72","27627"
"AHC","20150821","4.72","4.83","4.62","4.62","64040"
"AHC","20150824","4.25","4.6","4.21","4.35","225612"
"AHC","20150825","4.45","4.77","4.31","4.6","247945"
"AHC","20150826","4.75","4.75","4.6","4.64","46080"
"AHC","20150827","4.76","4.85","4.55","4.73","194771"
"AHC","20150828","4.81","4.87","4.76","4.82","76435"
"AHC","20150831","4.8","5.05","4.74","5.01","26492"
"AHC","20150901","4.94","5.034","4.9","4.9","61487"
"AHC","20150902","4.99","5.25","4.96","5.15","27081"
"AHC","20150903","5.16","5.25","4.94","4.97","62560"
"AHC","20150904","5","5.16","5","5.01","33978"
"AHC","20150908","5.11","5.11","5","5.05","90860"
"AHC","20150909","5.13","5.3","5.01","5.11","136459"
"AHC","20150910","5.13","5.209","5.0301","5.07","27568"
"AHC","20150911","5.02","5.25","5.0101","5.2","36994"
"AHC","20150914","5.13","5.24","5.09","5.1","14698"
"AHC","20150915","5.15","5.16","5.03","5.08","14355"
"AHC","20150916","5.12","5.12","5.02","5.05","34561"
"AHC","20150917","5.06","5.15","5.02","5.02","28211"
"AHC","20150918","4.99","5.07","4.91","5.03","40833"
"AHC","20150921","5.08","5.08","4.92","4.94","16782"
"AHC","20150922","4.92","5.05","4.82","4.94","35777"
"AHC","20150923","4.96","4.98","4.75","4.82","97507"
"AHC","20150924","4.81","4.91","4.8","4.87","22636"
"AHC","20150925","4.95","4.97","4.8","4.84","28377"
"AHC","20150928","4.86","4.93","4.72","4.75","54275"
"AHC","20150929","4.71","4.79","4.62","4.62","69274"
"AHC","20150930","4.73","4.94","4.69","4.93","39216"
"AHC","20151001","4.89","4.91","4.74","4.79","32833"
"AHC","20151002","4.87","4.9","4.645","4.87","31849"
"AHC","20151005","4.92","5.05","4.9","4.94","26643"
"AHC","20151006","4.94","4.97","4.66","4.77","24743"
"AHC","20151007","4.76","4.83","4.68","4.68","44057"
"AHC","20151008","4.75","5.81","4.75","5.7","124741"
"AHC","20151009","5.78","5.95","5.478","5.95","60584"
"AHC","20151012","6.08","6.32","5.731","6","70421"
"AHC","20151013","5.94","6.08","5.9217","5.98","20426"
"AHC","20151014","6","6","5.75","5.76","21847"
"AHC","20151015","5.75","5.83","5.66","5.66","19467"
"AHC","20151016","5.69","5.69","5.56","5.61","17802"
"AHC","20151019","5.58","5.58","5.4601","5.55","8947"
"AHC","20151020","5.55","5.78","5.55","5.75","15158"
"AHC","20151021","5.84","5.84","5.67","5.76","18882"
"AHC","20151022","5.79","6.15","5.75","6.01","22151"
"AHC","20151023","6","6.01","5.64","5.66","11327"
"AHC","20151026","5.65","5.8","5.53","5.62","127914"
"AHC","20151027","5.61","5.64","5.47","5.59","35971"
"AHC","20151028","5.62","5.63","5.39","5.63","33283"
"AHC","20151029","5.78","5.83","5.52","5.56","56287"
"AHC","20151030","5.55","5.58","5.395","5.41","33417"
"AHC","20151102","5.49","5.6911","5.44","5.51","64613"
"AHC","20151103","5.51","5.71","5.51","5.58","23099"
"AHC","20151104","5.61","5.74","5.455","5.53","42908"
"AHC","20151105","5.57","5.65","5.5","5.59","27977"
"AHC","20151106","5.58","5.58","5.45","5.52","15471"
"AHC","20151109","5.52","5.61","5.52","5.57","81804"
"AHC","20151110","5.54","5.61","5.21","5.22","21262"
"AHC","20151111","5.2","5.3","5.18","5.25","29349"
"AHC","20151112","5.23","5.23","5.23","5.23","45560"
"AHC","20151113","5.2","5.36","5.2","5.22","44075"
"AHC","20151116","5.24","5.38","5.2","5.32","23408"
"AHC","20151117","5.34","5.46","5.2179","5.26","26756"
"AHC","20151118","5.23","5.44","5.21","5.38","25924"
"AHC","20151119","5.39","5.42","5.21","5.24","30509"
"AHC","20151120","5.23","5.36","5.22","5.25","186538"
"AHC","20151123","5.22","5.4","5.21","5.38","27424"
"AHC","20151124","5.2758","5.41","5.24","5.41","54779"
"AHC","20151125","5.42","5.75","5.38","5.38","28294"
"AHC","20151127","5.41","5.5707","5.29","5.48","18532"
"AHC","20151130","5.48","5.64","5.44","5.54","33534"
"AHC","20151201","5.63","5.63","5.51","5.51","20481"
"AHC","20151202","5.58","5.61","5.47","5.55","91116"
"AHC","20151203","5.55","5.5899","5.33","5.4","18558"
"AHC","20151204","5.38","5.455","5.2","5.23","47600"
"AHC","20151207","5.22","5.31","5.2","5.24","39787"
"AHC","20151208","5.2","5.34","5.2","5.33","37939"
"AHC","20151209","5.3","5.35","5.2","5.32","13091"
"AHC","20151210","5.23","5.3101","5.2","5.21","20641"
"AHC","20151211","5.2","5.22","4.93","5.17","54035"
"AHC","20151214","5.19","5.27","4.96","5","94904"
"AHC","20151215","5.01","5.13","5","5.07","38489"
"AHC","20151216","5.01","5.3","5.01","5.28","25711"
"AHC","20151217","5.25","5.28","5.02","5.08","23589"
"AHC","20151218","5.13","5.16","5.03","5.11","13949"
"AHC","20151221","5.13","5.2","5.07","5.2","25841"
"AHC","20151222","5.21","5.2599","5.088","5.22","53655"
"AHC","20151223","5.24","5.35","5.22","5.34","30854"
"AHC","20151224","5.34","5.37","5.24","5.32","18738"
"AHC","20151228","5.33","5.38","4.98","5.01","65503"
"AHC","20151229","5.1","5.15","5.01","5.08","30673"
"AHC","20151230","5.09","5.17","5.025","5.13","16525"
"AHC","20151231","5.09","5.23","4.94","5","64278"
"AHC","20160104","4.94","5.11","4.9","5.06","27762"
"AHC","20160105","5.11","5.2","4.955","5.03","29862"
"AHC","20160106","5.05","5.3","5.05","5.19","15383"
"AHC","20160107","5.15","5.24","4.91","4.93","69442"
"AHC","20160108","5","5.08","5","5.01","9969"
"AHC","20160111","5.05","5.16","4.91","5.05","51551"
"AHC","20160112","5.05","5.27","4.94","4.97","37929"
"AHC","20160113","4.99","5.09","4.87","4.93","91789"
"AHC","20160114","4.94","5.08","4.79","5.02","67038"
"AHC","20160115","4.84","5.05","4.83","5.04","105145"
"AHC","20160119","5.1","5.15","4.9","5.06","121836"
"AHC","20160120","5.06","5.2","4.85","5.17","37381"
"AHC","20160121","5.17","5.42","5.0123","5.4","49303"
"AHC","20160122","5.47","5.65","5.39","5.51","29288"
"AHC","20160125","5.51","5.51","5.21","5.32","57154"
"AHC","20160126","5.35","5.72","5.35","5.7","43995"
"AHC","20160127","5.69","5.735","5.581","5.68","26746"
"AHC","20160128","5.71","5.98","5.6","5.97","36895"
"AHC","20160129","6","6.1983","5.94","5.98","54805"
"AHC","20160201","6","6.15","6","6","65103"
"AHC","20160202","6.02","6.1","5.92","6","24198"
"AHC","20160203","6.05","6.26","6","6.07","32064"
"AHC","20160204","6.1","6.15","6.01","6.12","27673"
"AHC","20160205","6.1","6.15","5.98","5.99","21530"
"AHC","20160208","5.97","5.985","5.5","5.83","55134"
"AHC","20160209","5.76","5.9","5.59","5.75","27805"
"AHC","20160210","5.69","5.84","5.636","5.74","14536"
"AHC","20160211","5.65","5.71","5.54","5.55","18114"
"AHC","20160212","5.54","5.68","5.38","5.68","22735"
"AHC","20160216","5.71","5.71","5.4","5.68","30427"
"AHC","20160217","5.7","5.85","5.42","5.66","18400"
"AHC","20160218","5.7","5.82","5.66","5.71","24611"
"AHC","20160219","5.72","5.96","5.72","5.81","30426"
"AHC","20160222","5.87","6","5.67","5.7","37406"
"AHC","20160223","5.73","5.85","5.64","5.77","38567"
"AHC","20160224","5.72","5.8","5.69","5.76","8136"
"AHC","20160225","5.8","5.92","5.77","5.88","13550"
"AHC","20160226","5.95","6.05","5.93","6","16476"
"AHC","20160229","6.03","6.2","5.98","5.98","80726"
"AHC","20160301","6.06","6.15","6.0011","6.1","23541"
"AHC","20160302","6.06","6.15","6.06","6.1","11309"
"AHC","20160303","6.08","6.12","5.72","5.72","23010"
"AHC","20160304","5.86","6.05","5.3968","5.64","62233"
"AHC","20160307","5.7","5.96","5.55","5.76","73821"
"AHC","20160308","5.72","5.72","5.43","5.48","53117"
"AHC","20160309","5.53","5.91","5.33","5.9","42616"
"AHC","20160310","5.93","5.93","5.53","5.62","16578"
"AHC","20160311","5.68","5.83","5.54","5.55","12630"
"AHC","20160314","5.55","5.6","5.3901","5.47","16398"
"AHC","20160315","5.48","5.52","5.39","5.41","6279"
"AHC","20160316","5.41","5.41","5.33","5.35","2639"
"AHC","20160317","5.37","5.45","5.29","5.42","18570"
"AHC","20160318","5.29","5.5","5.09","5.33","106489"
"AHC","20160321","5.22","5.3","5.1","5.17","35377"
"AHC","20160322","5.12","5.17","5.09","5.16","13976"
"AHC","20160323","5.15","5.15","5.03","5.06","37180"
"AHC","20160324","5.02","5.0239","4.9601","5.01","23161"
"AHC","20160328","5","5.04","4.9","4.97","15615"
"AHC","20160329","4.98","5","4.9","4.97","27612"
"AHC","20160330","4.98","5.0375","4.8996","4.9","35377"
"AHC","20160331","4.93","5","4.81","4.81","64517"
"AHC","20160401","4.79","4.96","4.79","4.87","22632"
"AHC","20160404","4.87","4.87","4.8","4.8","22517"
"AHC","20160405","4.8","4.84","4.79","4.81","15802"
"AHC","20160406","4.85","4.86","4.8","4.85","37117"
"AHC","20160407","4.8","4.896","4.8","4.8","17728"
"AHC","20160408","4.8526","4.87","4.84","4.84","21293"
"AHC","20160411","4.88","4.8812","4.79","4.8","6678"
"AHC","20160412","4.84","4.87","4.79","4.85","10579"
"AHC","20160413","4.87","4.89","4.82","4.87","7321"
"AHC","20160414","4.9","4.9","4.82","4.87","9866"
"AHC","20160415","4.86","4.9","4.84","4.84","15537"
"AHC","20160418","4.87","4.94","4.84","4.9","9884"
"AHC","20160419","4.9","4.96","4.75","4.86","41973"
"AHC","20160420","4.82","4.91","4.75","4.88","17733"
"AHC","20160421","4.87","4.9","4.77","4.81","52809"
"AHC","20160422","4.82","4.96","4.8","4.8","19494"
"AHC","20160425","5.01","5.2464","4.8","4.82","94273"
"AHC","20160426","4.82","4.95","4.8","4.8","94024"
"AHC","20160427","4.83","4.949","4.78","4.82","64540"
"AHC","20160428","4.81","4.9099","4.76","4.76","39898"
"AHC","20160429","4.75","4.96","4.75","4.93","35946"
"AHC","20160502","4.98","5.15","4.9061","5.09","57529"
"AHC","20160503","5.24","5.24","5.06","5.07","28623"
"AHC","20160504","5.06","5.14","4.86","4.86","52273"
"AHC","20160505","4.91","5","4.81","4.97","60955"
"AHC","20160506","4.97","5.02","4.895","4.97","24147"
"AHC","20160509","4.98","5","4.96","4.97","17392"
"AHC","20160510","4.95","5","4.95","4.98","23827"
"AHC","20160511","4.89","5.03","4.89","5","49192"
"AHC","20160512","5","5.05","5","5.02","26377"
"AHC","20160513","5","5.09","4.91","5.09","16333"
"AHC","20160516","5.06","5.06","4.92","4.94","17496"
"AHC","20160517","4.93","5.08","4.855","4.98","39594"
"AHC","20160518","5","5.045","4.81","4.88","33789"
"AHC","20160519","4.89","4.89","4.77","4.83","21157"
"AHC","20160520","4.85","4.95","4.8","4.93","15158"
"AHC","20160523","4.93","5.07","4.85","5.01","31242"
"AHC","20160524","5.06","5.09","5.01","5.03","15503"
"AHC","20160525","5.08","5.11","5.02","5.08","12554"
"AHC","20160526","5.04","5.09","4.96","5.09","8718"
"AHC","20160527","5.09","5.09","4.9301","5.03","34284"
"AHC","20160531","5.03","5.13","5.02","5.11","23372"
"AHC","20160601","5.07","5.11","4.96","4.98","19847"
"AHC","20160602","4.96","5.17","4.96","5.13","8591"
"AHC","20160603","5.16","5.16","5.024","5.1","8596"
"AHC","20160606","5.11","5.169","5.08","5.1","13720"
"AHC","20160607","5.1","5.22","5.1","5.12","5914"
"AHC","20160608","5.14","5.21","5","5.11","21457"
"AHC","20160609","5.1","5.15","5.0901","5.14","4187"
"AHC","20160610","5.13","5.16","5.01","5.01","11453"
"AHC","20160613","5.1165","5.1165","4.87","5","13880"
"AHC","20160614","5.03","5.03","4.95","4.98","4909"
"AHC","20160615","4.96","5.09","4.96","5.05","17154"
"AHC","20160616","5.05","5.05","4.92","4.99","7052"
"AHC","20160617","5.03","5.13","4.98","5","66820"
"AHC","20160620","5.06","5.1","5.02","5.02","15428"
"AHC","20160621","5.06","5.06","4.9201","5.02","57279"
"AHC","20160622","5.0474","5.06","4.99","5.03","14163"
"AHC","20160623","5.03","5.06","4.96","4.97","20468"
"AHC","20160624","4.88","4.97","4.77","4.8","53538"
"AHC","20160627","4.8","4.88","4.8","4.84","12813"
"AHC","20160628","4.89","4.96","4.8","4.8","11225"
"AHC","20160629","4.81","4.96","4.81","4.93","10129"
"AHC","20160630","4.91","5.01","4.897","5","18230"
"AHC","20160701","4.99","4.99","4.87","4.93","9510"
"AHC","20160705","5.052","5.052","4.88","5.01","13243"
"AHC","20160706","4.9899","5.04","4.92","4.99","31665"
"AHC","20160707","4.8801","5","4.8801","4.98","9906"
"AHC","20160708","4.97","4.98","4.93","4.96","46796"
"AHC","20160711","5","5.008","4.93","4.96","48646"
"AHC","20160712","4.96","5.03","4.95","4.96","13404"
"AHC","20160713","4.96","5.03","4.96","4.97","19292"
"AHC","20160714","5.02","5.04","4.98","4.99","112914"
"AHC","20160715","5.01","5.19","5.008","5.17","11450"
"AHC","20160718","5.1","5.21","5.07","5.17","40350"
"AHC","20160719","5.246","5.3","5.17","5.27","14699"
"AHC","20160720","5.27","5.39","5.22","5.39","44585"
"AHC","20160721","5.34","5.4","5.2886","5.4","4782"
"AHC","20160722","5.35","5.45","5.35","5.45","13816"
"AHC","20160725","5.4","5.46","5.3311","5.4","3945"
"AHC","20160726","5.5","5.89","5.46","5.51","19516"
"AHC","20160727","5.6","5.6","5.452","5.51","15005"
"AHC","20160728","5.54","5.54","5.3077","5.33","6514"
"AHC","20160729","5.319","5.53","5.15","5.17","32441"
"AHC","20160801","5.2","5.26","5.13","5.22","8639"
"AHC","20160802","5.31","5.72","5.25","5.61","89752"
"AHC","20160803","5.69","5.72","5.55","5.57","130488"
"AHC","20160804","5.66","5.69","5.57","5.6","63594"
"AHC","20160805","5.63","5.68","5.61","5.65","40142"
"AHC","20160808","5.66","5.765","5.65","5.74","49701"
"AHC","20160809","5.74","5.885","5.74","5.83","48153"
"AHC","20160810","5.77","5.88","5.68","5.87","13400"
"AHC","20160811","5.88","5.96","5.82","5.84","39137"
"AHC","20160812","5.88","5.88","5.71","5.85","53096"
"AHC","20160815","5.81","5.96","5.697","5.75","49809"
"AHC","20160816","5.73","5.87","5.7","5.87","36133"
"AHC","20160817","5.87","5.87","5.79","5.87","23338"
"AHC","20160818","5.85","5.85","5.85","5.85","6052"
"AHC","20160819","5.85","5.97","5.84","5.93","6944"
"AHC","20160822","5.94","5.97","5.8168","5.86","9414"
"AHC","20160823","5.9","5.98","5.89","5.97","9586"
"AHC","20160824","5.94","6.1","5.94","6.1","42729"
"AHC","20160825","6.1","6.15","5.98","6.03","47106"
"AHC","20160826","5.99","6.13","5.941","5.97","15122"
"AHC","20160829","6.02","6.1","5.95","6.1","54421"
"AHC","20160830","6.1","6.11","5.98","5.99","125352"
"AHC","20160831","6.055","6.25","5.94","6.25","34242"
"AHC","20160901","6.23","6.31","6.1798","6.18","34807"
"AHC","20160902","6.19","6.2","5.905","6.15","55190"
"AHC","20160906","6.25","6.36","6.1","6.2","50509"
"AHC","20160907","6.25","6.38","6.23","6.25","63817"
"AHC","20160908","6.26","6.33","6.22","6.3","31450"
"AHC","20160909","6.24","6.45","6.22","6.38","39909"
"AHC","20160912","6.37","6.47","6.28","6.38","47488"
"AHC","20160913","6.4","6.42","6.2","6.21","38305"
"AHC","20160914","6.22","6.29","6.04","6.26","28111"
"AHC","20160915","6.29","6.35","6.21","6.29","13257"
"AHC","20160916","6.27","6.72","6.25","6.6","80474"
"AHC","20160919","6.6","6.79","6.6","6.74","27665"
"AHC","20160920","6.82","6.99","6.74","6.99","65262"
"AHC","20160921","6.99","7","6.84","6.98","15524"
"AHC","20160922","6.93","7.09","6.87","6.89","16399"
"AHC","20160923","7.2","7.9","6.95","7.79","244364"
"AHC","20160926","7.85","7.95","7.29","7.41","144387"
"AHC","20160927","7.47","7.792","7.47","7.61","50583"
"AHC","20160928","7.66","7.66","7.45","7.55","104873"
"AHC","20160929","7.59","7.59","7.26","7.31","41917"
"AHC","20160930","7.27","7.49","7.15","7.35","36843"
"AHC","20161003","7.2","7.4516","7.2","7.37","46227"
"AHC","20161004","7.35","7.46","7.17","7.33","37163"
"AHC","20161005","7.36","7.43","7.27","7.3","38843"
"AHC","20161006","7.26","7.44","7.26","7.33","11051"
"AHC","20161007","7.26","7.325","7.194","7.29","22490"
"AHC","20161010","7.27","7.33","7.15","7.17","21065"
"AHC","20161011","7.17","7.33","7.17","7.27","25049"
"AHC","20161012","7.25","7.46","7.25","7.26","5083"
"AHC","20161013","7.34","7.34","7.17","7.25","17742"
"AHC","20161014","7.23","7.27","7.05","7.11","22492"
"AHC","20161017","7.2","7.2","6.8","7","29407"
"AHC","20161018","7.05","7.2","6.965","7.15","32560"
"AHC","20161019","7.1","7.2","6.95","7.1","16647"
"AHC","20161020","7.05","7.1076","6.9217","7","33025"
"AHC","20161021","7","7.05","6.85","6.95","30984"
"AHC","20161024","6.95","7.1489","6.85","6.9","24078"
"AHC","20161025","6.9","6.95","6.8","6.8","27218"
"AHC","20161026","6.85","6.85","6.6","6.7","8559"
"AHC","20161027","6.7","6.7","6.3","6.4","83130"
"AHC","20161028","6.4","6.7","6.35","6.6","35299"
"AHC","20161031","6.6","6.6","6.35","6.35","47571"
"AHC","20161101","6.45","6.45","5.95","6","93221"
"AHC","20161102","5.75","6.35","5.35","6.35","38507"
"AHC","20161103","6.3","6.45","6.15","6.3","39084"
"AHC","20161104","6.35","6.55","6.35","6.4","40694"
"AHC","20161107","6.5","6.5","6.1","6.2","41150"
"AHC","20161108","6.15","6.3","5.85","5.9","16767"
"AHC","20161109","5.85","6.15","5.75","6.1","18193"
"AHC","20161110","6","6.25","5.95","6.05","16310"
"AHC","20161111","6.05","6.2","5.95","6","97719"
"AHC","20161114","6.05","6.25","6","6.2","47164"
"AHC","20161115","6.15","6.25","6","6.2","10918"
"AHC","20161116","6.2","6.25","6.15","6.15","11193"
"AHC","20161117","6.2","6.25","6.15","6.15","4935"
"AHC","20161118","6.15","6.15","5.95","6.05","20994"
"AHC","20161121","6","6.1","5.95","6.05","114725"
"AHC","20161122","6.05","6.35","6","6.15","14094"
"AHC","20161123","6.25","6.25","6","6.2","24720"
"AHC","20161125","6.2","6.2","5.95","6.2","163819"
"AHC","20161128","6.05","6.25","6.05","6.2","23762"
"AHC","20161129","6.25","6.35","6.0625","6.15","26472"
"AHC","20161130","6.39","6.4","6.05","6.15","23513"
"AHC","20161201","6.1","6.25","6.1","6.15","34767"
"AHC","20161202","6.1","6.3","6.1","6.15","24289"
"AHC","20161205","6.1","6.3","6.1","6.25","27179"
"AHC","20161206","6.2","6.25","6.1","6.1","23478"
"AHC","20161207","6.1","6.3","6.1","6.15","10327"
"AHC","20161208","6.15","6.25","6.15","6.15","14555"
"AHC","20161209","6.2","6.25","6.1","6.1","52454"
"AHC","20161212","6.15","6.3","6.15","6.225","18873"
"AHC","20161213","6.25","6.65","6.25","6.65","16170"
"AHC","20161214","6.65","6.9","6.505","6.65","17950"
"AHC","20161215","6.55","6.7","6.55","6.65","13888"
"AHC","20161216","6.7111","6.7111","6.4","6.5","33080"
"AHC","20161219","6.4","6.5","6.2","6.35","62914"
"AHC","20161220","6.25","6.5","6.25","6.45","30384"
"AHC","20161221","6.5","6.5","6.35","6.5","31768"
"AHC","20161222","6.45","6.5","6.4","6.5","13370"
"AHC","20161223","6.45","6.5","6.4","6.5","3237"
"AHC","20161227","6.493","6.5","6.15","6.25","45328"
"AHC","20161228","6.3","6.35","6.2","6.25","15540"
"AHC","20161229","6.325","6.35","6.25","6.3","40141"
"AHC","20161230","6.3","6.4","6.3","6.35","53835"
"AHC","20170103","6.35","6.4","6.3","6.4","7061"
"AHC","20170104","6.45","6.5","6.2","6.4","26700"
"AHC","20170105","6.35","6.45","6.3","6.45","15034"
"AHC","20170106","6.4","6.5","6.2","6.3","81200"
"AHC","20170109","6.35","6.35","6.25","6.25","18525"
"AHC","20170110","6.2","6.45","6.2","6.45","19599"
"AHC","20170111","6.4","6.5","6.399","6.45","18961"
"AHC","20170112","6.4","6.5","6.4","6.4","13482"
"AHC","20170113","6.45","6.5","6.3","6.3","20986"
"AHC","20170117","6.3","6.4","6.3","6.3","16796"
"AHC","20170118","6.25","6.5","6.25","6.45","10077"
"AHC","20170119","6.35","6.45","6.3","6.45","12823"
"AHC","20170120","6.3199","6.5","6.3","6.5","23081"
"AHC","20170123","6.45","6.5","6.4","6.5","100129"
"AHC","20170124","6.45","6.55","6.4","6.55","55653"
"AHC","20170125","6.6","6.6","6.4","6.4","23789"
"AHC","20170126","6.5","6.6499","6.3","6.35","59602"
"AHC","20170127","6.4053","6.45","6.35","6.4","18960"
"AHC","20170130","6.35","6.45","6.3","6.45","3640"
"AHC","20170131","6.35","6.4","6.35","6.35","10528"
"AHC","20170201","6.5","6.55","6.4","6.5","17401"
"AHC","20170202","6.55","6.55","6.4","6.45","5309"
"AHC","20170203","6.43","6.5","6.35","6.5","34109"
"AHC","20170206","6.45","6.5","6.4348","6.5","8773"
"AHC","20170207","6.5","6.5499","6.45","6.45","19708"
"AHC","20170208","6.4","6.45","6.3","6.35","44337"
"AHC","20170209","6.3","6.4","6.3","6.35","46503"
"AHC","20170210","6.4","6.4","6.3","6.35","16141"
"AHC","20170213","6.4","6.4","6.3","6.35","22112"
"AHC","20170214","6.4","6.4","6.3","6.3","30244"
"AHC","20170215","6.4","6.4","6.275","6.35","30467"
"AHC","20170216","6.35","6.45","6.3","6.4","15586"
"AHC","20170217","6.45","6.45","6.35","6.45","11440"
"AHC","20170221","6.45","6.45","6.3","6.3","25807"
"AHC","20170222","6.3","6.45","6.25","6.25","58710"
"AHC","20170223","6.35","6.35","6.3","6.3","5290"
"AHC","20170224","6.3","6.4","6.3","6.4","14913"
"AHC","20170227","6.3","6.4","6.3","6.35","15969"
"AHC","20170228","6.3","6.35","6.3","6.3","8665"
"AHC","20170301","6.3","6.35","6.25","6.25","9573"
"AHC","20170302","6.334","6.35","6.25","6.25","13450"
"AHC","20170303","6.3","6.3","6.2","6.25","33760"
"AHC","20170306","6.25","6.25","6.1","6.15","32953"
"AHC","20170307","6.1","6.15","6.025","6.1","32824"
"AHC","20170308","6.05","6.3","6.025","6.3","13985"
"AHC","20170309","6.2908","6.3","6.15","6.15","28042"
"AHC","20170310","6.1011","6.25","6.001","6.2","33331"
"AHC","20170313","6.2","6.3","6.05","6.15","44345"
"AHC","20170314","6.15","6.25","6.1","6.25","14120"
"AHC","20170315","6.3","6.35","6.2","6.25","16223"
"AHC","20170316","6.25","6.3","6.15","6.2","34193"
"AHC","20170317","6.25","6.3","6.2","6.3","16585"
"AHC","20170320","6.3","6.35","6.2","6.2","6979"
"AHC","20170321","6.2","6.25","6.15","6.15","14606"
"AHC","20170322","6.15","6.2","6.0999","6.1","11637"
"AHC","20170323","6.15","6.2","6.15","6.2","3562"
"AHC","20170324","6.2","6.2","6","6.1","23057"
"AHC","20170327","6.1","6.2","6.046","6.163","35123"
"AHC","20170328","6.15","6.2","6.1","6.2","10610"
"AHC","20170329","6.15","6.15","6.05","6.05","17158"
"AHC","20170330","6.05","6.15","5.9","5.9","43545"
"AHC","20170331","5.9","6.2","5.9","6.15","140646"
"AHC","20170403","6.15","6.2","5.95","5.95","17971"
"AHC","20170404","6.04","6.05","5.9","5.9","21448"
"AHC","20170405","5.9","6.05","5.75","5.8","34003"
"AHC","20170406","5.8","5.95","5.8","5.8","12778"
"AHC","20170407","5.9","6.05","5.8","6.05","52792"
"AHC","20170410","6.05","6.15","6.025","6.15","21823"
"AHC","20170411","6.15","6.15","6.0501","6.1","8152"
"AHC","20170412","6.1","6.2","6.1","6.15","19870"
"AHC","20170413","6.15","6.2","6.1257","6.2","7412"
"AHC","20170417","6.2","6.4","6.15","6.3","28344"
"AHC","20170418","6.25","6.25","6.1","6.1","43295"
"AHC","20170419","6.15","6.25","6.1","6.1","14519"
"AHC","20170420","6.1","6.2205","6.1","6.1","13993"
"AHC","20170421","6.1","6.25","6.1","6.2","19947"
"AHC","20170424","6.2","6.25","6.1","6.2","8837"
"AHC","20170425","6.15","6.2","6.15","6.2","2353"
"AHC","20170426","6.2","6.25","6.1","6.1","16123"
"AHC","20170427","6.1","6.2","6.1","6.1","7177"
"AHC","20170428","6.1","6.25","6.1","6.25","16981"
"AHC","20170501","6.25","6.29","6.1","6.1","15388"
"AHC","20170502","6.2","6.2","6.1","6.1","9103"
"AHC","20170503","6.1","6.25","6.1","6.15","19430"
"AHC","20170504","6.15","6.3","6.05","6.1","26564"
"AHC","20170505","6.1","6.15","5.9","6.1","65968"
"AHC","20170508","6.15","6.15","6.05","6.05","35644"
"AHC","20170509","6.1","6.15","6","6","12781"
"AHC","20170510","5.9","6","5.8","5.85","14785"
"AHC","20170511","5.8","5.8499","5.7","5.7","11824"
"AHC","20170512","5.75","6.049","5.7","5.95","29188"
"AHC","20170515","6","6","5.65","5.7","11764"
"AHC","20170516","5.65","5.7443","5.6","5.65","2300"
"AHC","20170517","5.55","5.55","5.2","5.35","53144"
"AHC","20170518","5.35","5.55","5.35","5.45","12345"
"AHC","20170519","5.5","5.5","5.45","5.5","6846"
"AHC","20170522","5.5","5.6","5.4","5.5","14710"
"AHC","20170523","5.5","5.6","5.405","5.6","17294"
"AHC","20170524","5.5579","5.5579","5.3","5.55","19387"
"AHC","20170525","5.55","5.55","5.4","5.45","3275"
"AHC","20170526","5.8693","5.8693","5.45","5.5","4011"
"AHC","20170530","5.5","5.5","5.35","5.45","6226"
"AHC","20170531","5.55","5.65","5.45","5.65","15232"
"AHC","20170601","5.65","5.65","5.45","5.5","8227"
"AHC","20170602","5.55","5.55","5.35","5.45","24073"
"AHC","20170605","5.6436","5.6436","5.3","5.45","2561"
"AHC","20170606","5.4","5.45","5.3","5.35","12942"
"AHC","20170607","5.35","5.35","5.3","5.3","18401"
"AHC","20170608","5.3","5.4","5.3","5.4","43250"
"AHC","20170609","5.4","5.55","5.4","5.45","3264"
"AHC","20170612","5.45","5.5","5.45","5.45","1379"
"AHC","20170613","5.4514","5.5","5.4","5.475","5724"
"AHC","20170614","5.51","5.55","5.45","5.5","7783"
"AHC","20170615","5.5","5.55","5.45","5.45","8323"
"AHC","20170616","5.45","5.55","5.45","5.55","7467"
"AHC","20170619","5.55","5.6","5.45","5.45","16517"
"AHC","20170620","5.5","5.55","5.45","5.45","9819"
"AHC","20170621","5.45","5.5","5.45","5.5","10850"
"AHC","20170622","5.45","5.5","5.45","5.5","25616"
"AHC","20170623","5.45","5.55","5.4","5.55","32943"
"AHC","20170626","5.5","5.5999","5.45","5.45","12246"
"AHC","20170627","5.4","5.45","5.4","5.4","14518"
"AHC","20170628","5.4","5.5","5.4","5.4","1844"
"AHC","20170629","5.4","5.5","5.4","5.45","28176"
"AHC","20170630","5.45","5.55","5.4","5.5","13860"
"AHC","20170703","5.45","5.5001","5.45","5.5","672"
"AHC","20170705","5.5","5.6","5.45","5.5","5694"
"AHC","20170706","5.45","5.55","5.4","5.4","7815"
"AHC","20170707","5.4","5.45","5.4","5.45","2233"
"AHC","20170710","5.45","5.5","5.35","5.35","9795"
"AHC","20170711","5.35","5.5","5.35","5.5","3086"
"AHC","20170712","5.55","5.6","5.4","5.4","15913"
"AHC","20170713","5.4","5.55","5.35","5.45","4193"
"AHC","20170714","5.5","5.55","5.4","5.4","10288"
"AHC","20170717","5.4","5.45","5.25","5.25","71402"
"AHC","20170718","5.3","5.4","5.25","5.25","14870"
"AHC","20170719","5.25","5.4","5.25","5.35","16144"
"AHC","20170720","5.3","5.35","5.25","5.25","10874"
"AHC","20170721","5.25","5.45","5.25","5.4","25515"
"AHC","20170724","5.4","5.4","5.25","5.25","10556"
"AHC","20170725","5.4","5.4","5.25","5.25","14217"
"AHC","20170726","5.25","5.35","5.2","5.3","17888"
"AHC","20170727","5.3","5.3","5.25","5.3","6518"
"AHC","20170728","5.25","5.4","5.25","5.25","5315"
"AHC","20170731","5.25","5.45","5.25","5.3","12998"
"AHC","20170801","5.25","5.35","5.25","5.3","9046"
"AHC","20170802","5.25","5.3","5.2","5.2","38181"
"AHC","20170803","5.2","5.2","4.95","4.975","73582"
"AHC","20170804","5","5.0708","4.85","4.9","49801"
"AHC","20170807","4.95","5.1","4.9","4.95","82465"
"AHC","20170808","5","5.05","4.95","5","26619"
"AHC","20170809","5","5.05","5","5","27125"
"AHC","20170810","4.95","5.1","4.95","5","27556"
"AHC","20170811","4.75","5","4.75","4.9","29300"
"AHC","20170814","4.9","5.1","4.85","5","9487"
"AHC","20170815","4.9682","4.9682","4.75","4.75","31320"
"AHC","20170816","4.75","4.9","4.75","4.8","11094"
"AHC","20170817","4.85","4.85","4.75","4.8","8036"
"AHC","20170818","4.8","4.9","4.8","4.9","5703"
"AHC","20170821","4.9","4.9","4.65","4.65","14813"
"AHC","20170822","4.65","4.731","4.65","4.65","6850"
"AHC","20170823","4.65","4.75","4.6","4.6","24373"
"AHC","20170824","4.6523","4.8","4.65","4.75","58387"
"AHC","20170825","4.8341","4.95","4.8","4.95","10389"
"AHC","20170828","5","5.1","4.9","4.95","13467"
"AHC","20170829","4.9","5.1","4.8","5.05","14267"
"AHC","20170830","5.1","5.1","5","5","8489"
"AHC","20170831","5.05","5.1","4.956","5","22295"
"AHC","20170901","5","5.1","5","5.05","4733"
"AHC","20170905","5.1","5.1","4.9","4.9","11828"
"AHC","20170906","4.95","4.95","4.7","4.75","23974"
"AHC","20170907","4.85","4.85","4.6148","4.65","45817"
"AHC","20170908","4.7","4.796","4.55","4.55","34500"
"AHC","20170911","4.6","4.7","4.45","4.5","61618"
"AHC","20170912","4.5","4.75","4.4","4.5","24920"
"AHC","20170913","4.567","4.7","4.567","4.65","8808"
"AHC","20170914","4.7","4.7","4.5","4.6","16021"
"AHC","20170915","4.65","4.65","4.5","4.5","35432"
"AHC","20170918","4.55","4.558","4.45","4.45","40123"
"AHC","20170919","4.5","4.5","4.45","4.5","24825"
"AHC","20170920","4.5","4.6","4.45","4.5","28002"
"AHC","20170921","4.55","4.55","4.4","4.5","51542"
"AHC","20170922","4.45","4.55","4.45","4.45","31449"
"AHC","20170925","4.5","4.8","4.5","4.75","48166"
"AHC","20170926","4.7","4.85","4.65","4.65","34293"
"AHC","20170927","4.7","4.75","4.5","4.55","42546"
"AHC","20170928","4.45","4.75","4.45","4.65","39590"
"AHC","20170929","4.7","4.75","4.6","4.6","14309"
"AHC","20171002","4.55","4.7","4.55","4.7","20449"
"AHC","20171003","4.7","4.7585","4.6","4.65","25461"
"AHC","20171004","4.6","4.7","4.5","4.55","8828"
"AHC","20171005","4.55","4.6","4.5","4.55","20434"
"AHC","20171006","4.5422","4.65","4.4","4.45","120168"
"AHC","20171009","4.45","4.5992","4.45","4.55","3595"
"AHC","20171010","4.5","4.55","4.45","4.5","21540"
"AHC","20171011","4.5","4.6","4.45","4.45","24577"
"AHC","20171012","4.4","4.55","4.4","4.5","30788"
"AHC","20171013","4.55","4.55","4.45","4.45","22114"
