"AKOB","20150120","16.2","16.49","16.2","16.39","18798"
"AKOB","20150121","16.15","16.59","16.15","16.42","65776"
"AKOB","20150122","16.4","17.15","16.4","17.01","26187"
"AKOB","20150123","17.02","17.3","16.8","16.8","10643"
"AKOB","20150126","17.09","17.09","16.38","16.48","15590"
"AKOB","20150127","16.07","16.96","16.07","16.73","15772"
"AKOB","20150128","16.96","16.96","16.41","16.6","27553"
"AKOB","20150129","16.67","16.85","16.51","16.72","16411"
"AKOB","20150130","16.535","16.87","16.37","16.74","14621"
"AKOB","20150202","16.73","17.06","16.54","16.87","26192"
"AKOB","20150203","16.94","17.09","16.89","17.01","11601"
"AKOB","20150204","16.87","17.05","16.87","17.03","8325"
"AKOB","20150205","16.99","17.18","16.87","17.1","29611"
"AKOB","20150206","17.34","17.34","16.94","16.94","14899"
"AKOB","20150209","16.86","17.3899","16.69","17.13","10457"
"AKOB","20150210","17","17.27","16.7","17.1","22135"
"AKOB","20150211","16.77","16.77","16.34","16.42","27192"
"AKOB","20150212","16.27","16.81","16.27","16.73","14157"
"AKOB","20150213","16.74","16.91","16.28","16.91","17371"
"AKOB","20150217","17.06","17.21","16.841","17.07","7409"
"AKOB","20150218","16.91","16.98","16.77","16.94","2173"
"AKOB","20150219","17.05","17.77","17.05","17.48","12594"
"AKOB","20150220","17.61","17.61","17.175","17.31","7546"
"AKOB","20150223","17.25","17.25","17","17.01","8780"
"AKOB","20150224","17.12","17.17","16.67","16.84","6183"
"AKOB","20150225","16.84","16.9","16.66","16.89","4499"
"AKOB","20150226","16.75","17.07","16.75","16.85","28505"
"AKOB","20150227","16.8","16.97","16.63","16.63","14143"
"AKOB","20150302","16.53","16.67","16.07","16.31","48304"
"AKOB","20150303","16.43","17.07","16.43","16.99","27050"
"AKOB","20150304","16.93","17.185","16.87","17.12","13833"
"AKOB","20150305","17.06","17.26","16.87","17.165","15292"
"AKOB","20150306","17.21","17.21","16.89","17.02","23451"
"AKOB","20150309","17.2","17.2","16.665","16.72","74360"
"AKOB","20150310","16.85","16.86","16.37","16.52","22510"
"AKOB","20150311","16.26","16.26","15.8701","15.98","56802"
"AKOB","20150312","15.98","16.1","15.32","15.5","33754"
"AKOB","20150313","15.51","15.59","15.04","15.41","17628"
"AKOB","20150316","15.59","15.82","15.3","15.68","63233"
"AKOB","20150317","15.67","15.72","14.87","14.96","88198"
"AKOB","20150318","15.25","15.54","15.1","15.49","48682"
"AKOB","20150319","15.12","15.39","15.04","15.11","44904"
"AKOB","20150320","15.02","15.41","14.92","15","125290"
"AKOB","20150323","15.21","15.6101","15.21","15.6","34463"
"AKOB","20150324","15.58","15.74","15.26","15.56","105286"
"AKOB","20150325","15.68","15.98","15.57","15.75","30522"
"AKOB","20150326","15.82","15.83","15.07","15.2","21160"
"AKOB","20150327","15.29","15.5","15.16","15.24","20794"
"AKOB","20150330","15.17","15.3","14.9","14.9","19170"
"AKOB","20150331","14.98","15.444","14.92","15.05","26175"
"AKOB","20150401","15.32","15.97","15.32","15.88","32269"
"AKOB","20150402","15.85","16.12","15.73","16.04","21836"
"AKOB","20150406","15.84","16.5","15.84","16.32","17069"
"AKOB","20150407","16.094","16.74","16.06","16.64","41788"
"AKOB","20150408","16.51","16.73","16.38","16.55","17581"
"AKOB","20150409","16.71","16.71","15.8","15.98","24204"
"AKOB","20150410","16.08","16.14","15.85","15.99","12448"
"AKOB","20150413","15.86","16.06","15.77","16","13221"
"AKOB","20150414","16.03","16.06","15.74","15.94","8118"
"AKOB","20150415","15.7","15.95","15.62","15.62","33494"
"AKOB","20150416","15.6","16.17","15.6","16.17","19826"
"AKOB","20150417","16.16","16.16","15.65","15.66","50358"
"AKOB","20150420","15.94","16.12","15.92","16.03","19179"
"AKOB","20150421","15.99","16.59","15.99","16.44","33763"
"AKOB","20150422","16.54","16.63","16.3","16.39","80133"
"AKOB","20150423","16.4","16.68","16.27","16.64","94152"
"AKOB","20150424","16.74","16.92","16.6","16.84","18562"
"AKOB","20150427","16.99","17.43","16.75","17.09","72466"
"AKOB","20150428","17.29","17.42","17.05","17.23","149565"
"AKOB","20150429","17.48","17.48","16.91","17.28","37847"
"AKOB","20150430","18.12","19.09","18.12","18.91","122384"
"AKOB","20150501","18.9","19.2","18.81","19","11892"
"AKOB","20150504","19.09","19.8","19.09","19.73","115691"
"AKOB","20150505","19.4","20.075","19.4","19.88","207370"
"AKOB","20150506","20.15","20.15","19.49","19.55","102306"
"AKOB","20150507","19.88","20.13","19.855","19.9675","79543"
"AKOB","20150508","20","20.07","19.85","20.02","113491"
"AKOB","20150511","20.02","20.13","19.87","19.87","20893"
"AKOB","20150512","19.77","20.38","19.77","20.3","193352"
"AKOB","20150513","20.37","21.17","20.12","21.1","158473"
"AKOB","20150514","20.92","21.34","20.86","21.07","107070"
"AKOB","20150515","20.67","21.29","20.67","20.94","79382"
"AKOB","20150518","20.53","21.25","20.53","21.17","185348"
"AKOB","20150519","21.18","21.28","20.82","21.15","86851"
"AKOB","20150520","21.16","21.45","21.03","21.33","84645"
"AKOB","20150521","21.13","21.46","21.13","21.24","20056"
"AKOB","20150522","21.07","21.34","21.02","21.11","15985"
"AKOB","20150526","20.9","20.9","19.9","19.99","35140"
"AKOB","20150527","20.19","20.2","19.78","19.98","56299"
"AKOB","20150528","19.73","19.98","19.07","19.38","57392"
"AKOB","20150529","19.38","19.48","19.07","19.14","87871"
"AKOB","20150601","19.45","19.71","19.12","19.44","201575"
"AKOB","20150602","19.47","19.69","19.41","19.51","46237"
"AKOB","20150603","19.36","19.64","19.3","19.48","27617"
"AKOB","20150604","19.45","19.59","19.28","19.48","45753"
"AKOB","20150605","19.1801","19.45","19.02","19.26","24397"
"AKOB","20150608","19.55","19.55","19.09","19.17","38496"
"AKOB","20150609","19.18","19.36","18.61","19.09","34213"
"AKOB","20150610","19.48","19.48","18.52","18.55","42081"
"AKOB","20150611","18.5","19.23","18.5","18.93","42250"
"AKOB","20150612","18.98","20.035","18.97","19.82","25529"
"AKOB","20150615","19.8","19.8","19.41","19.56","28265"
"AKOB","20150616","19.7","19.7","19.15","19.24","22100"
"AKOB","20150617","19.38","19.77","19.28","19.52","18867"
"AKOB","20150618","19.72","19.83","19.11","19.39","103249"
"AKOB","20150619","19.11","19.54","19.11","19.38","38954"
"AKOB","20150622","19.7","19.78","19.43","19.43","23312"
"AKOB","20150623","19.62","20","19.59","19.69","36273"
"AKOB","20150624","19.5","19.92","19.5","19.63","43639"
"AKOB","20150625","19.87","20.14","19.405","19.67","42138"
"AKOB","20150626","20.05","20.05","19.3","19.32","20813"
"AKOB","20150629","19.85","19.85","19.04","19.09","11138"
"AKOB","20150630","19.43","20.3","19","19.94","71182"
"AKOB","20150701","19.8","20.19","19.295","19.4","21013"
"AKOB","20150702","19.8","19.8","19.36","19.51","16587"
"AKOB","20150706","19.14","19.14","18.57","18.96","17901"
"AKOB","20150707","18.8","19.73","18.47","19.28","39832"
"AKOB","20150708","18.9","19.31","18.51","18.74","47934"
"AKOB","20150709","18.74","19.49","18.66","19.38","32473"
"AKOB","20150710","19.88","19.88","19.14","19.76","63821"
"AKOB","20150713","19.69","19.7","19.43","19.68","21624"
"AKOB","20150714","19.51","19.58","19.188","19.41","31051"
"AKOB","20150715","19.69","19.69","19.2","19.56","10566"
"AKOB","20150716","19.5211","19.67","19.08","19.14","10399"
"AKOB","20150717","19.4799","19.51","18.85","18.97","12773"
"AKOB","20150720","19.034","19.11","18.76","18.85","7474"
"AKOB","20150721","19.11","19.11","18.69","18.77","3372"
"AKOB","20150722","18.73","18.73","18.07","18.39","10198"
"AKOB","20150723","18.77","18.77","17.35","17.55","69432"
"AKOB","20150724","18.45","18.45","16.99","17","24944"
"AKOB","20150727","16.8001","17.3799","16.35","17.31","26224"
"AKOB","20150728","17.45","17.77","17.12","17.46","17670"
"AKOB","20150729","17.23","17.85","17.11","17.34","31979"
"AKOB","20150730","17.15","17.15","16.39","16.39","26933"
"AKOB","20150731","16.82","17.43","16.42","16.65","21151"
"AKOB","20150803","17.43","17.43","16.74","17.17","13496"
"AKOB","20150804","17.49","17.69","16.8508","17.15","29286"
"AKOB","20150805","17.21","17.845","17.02","17.52","27497"
"AKOB","20150806","17.655","17.655","17.06","17.46","27300"
"AKOB","20150807","17.96","17.96","17.03","17.38","26477"
"AKOB","20150810","17.229","17.57","17.19","17.57","2669"
"AKOB","20150811","17.45","17.45","16.85","16.91","8900"
"AKOB","20150812","16.72","16.89","16.56","16.64","10407"
"AKOB","20150813","16.69","16.8","16.52","16.65","9836"
"AKOB","20150814","16.94","16.94","16.37","16.37","8666"
"AKOB","20150817","16.89","19.5","16.89","18.92","108236"
"AKOB","20150818","18.52","19.0135","17.91","18.1","85043"
"AKOB","20150819","17.9","18.61","17.7","18.57","18050"
"AKOB","20150820","18.64","19.07","18.36","18.84","16131"
"AKOB","20150821","19.1","19.1","18.13","18.43","33460"
"AKOB","20150824","17.8","18.823","17.48","18.04","43073"
"AKOB","20150825","19.12","19.12","18.15","18.6","35158"
"AKOB","20150826","19.12","19.3","18.62","18.85","40538"
"AKOB","20150827","19.18","20.54","18.84","20.18","24939"
"AKOB","20150828","20.47","20.49","19.99","20.06","19519"
"AKOB","20150831","20.45","20.81","19.8","20.81","26831"
"AKOB","20150901","20.93","20.93","19.51","19.72","19748"
"AKOB","20150902","19.75","19.76","18.585","18.85","55398"
"AKOB","20150903","19.09","19.74","18.59","19.39","15850"
"AKOB","20150904","19.45","19.54","18.96","19.04","12483"
"AKOB","20150908","19.47","20.08","18.606","18.97","52814"
"AKOB","20150909","18.97","19.45","18.24","18.61","37354"
"AKOB","20150910","18","19.1599","17.87","18.74","36655"
"AKOB","20150911","18.46","20.51","18.46","20.5099","72539"
"AKOB","20150914","20.8","21.2","20.235","21.2","88334"
"AKOB","20150915","21.21","21.99","21.21","21.77","38649"
"AKOB","20150916","21.88","22.54","21.78","22.455","35813"
"AKOB","20150917","22.54","22.65","21.49","22.43","37804"
"AKOB","20150918","22.45","22.96","21.42","21.78","25829"
"AKOB","20150921","21.96","22.1","21.7","21.9","56400"
"AKOB","20150922","21.56","21.76","21.05","21.75","17159"
"AKOB","20150923","21.8","23.32","21.8","23.17","48996"
"AKOB","20150924","22.67","23.74","22.67","23.51","38137"
"AKOB","20150925","23.195","23.71","21.795","22.15","58691"
"AKOB","20150928","21.99","21.99","20.5","20.85","67711"
"AKOB","20150929","20.72","20.79","20.28","20.66","64582"
"AKOB","20150930","20.85","21.15","20.68","20.75","83150"
"AKOB","20151001","20.5","21.14","20.3901","20.46","88495"
"AKOB","20151002","20.47","20.47","20","20.23","35783"
"AKOB","20151005","20.44","21.18","20.37","20.74","75093"
"AKOB","20151006","20.9389","21.97","20.92","21.73","37200"
"AKOB","20151007","22.14","22.2599","21.53","22.04","47351"
"AKOB","20151008","21.66","22.24","21.43","21.57","27026"
"AKOB","20151009","21.95","22.545","21.74","22.24","66770"
"AKOB","20151012","23.42","23.42","22.41","22.77","22546"
"AKOB","20151013","22.65","22.65","21.95","22.08","24230"
"AKOB","20151014","22.19","22.7","21.97","22.2","26740"
"AKOB","20151015","22.7","22.7","22.2999","22.58","28560"
"AKOB","20151016","22.5","23.99","22.5","23.97","33533"
"AKOB","20151019","23.5","24.01","22.92","23.04","21703"
"AKOB","20151020","23.2289","23.545","22.89","23.49","17640"
"AKOB","20151021","23","23.18","22.31","22.76","40171"
"AKOB","20151022","22.91","23.46","22.76","23.32","7740"
"AKOB","20151023","22.85","23.23","22.48","23.23","16546"
"AKOB","20151026","23.25","23.25","21.78","22.18","34043"
"AKOB","20151027","22.55","22.55","21.67","22.05","62942"
"AKOB","20151028","21.74","22.15","21.17","21.81","37333"
"AKOB","20151029","21.85","22.59","21.5","22.37","56892"
"AKOB","20151030","22","22.48","21.77","22.05","44248"
"AKOB","20151102","21.75","22.33","21.6789","22.1","31808"
"AKOB","20151103","21.97","22.23","21.92","21.94","22947"
"AKOB","20151104","21.94","22","21.47","21.86","15035"
"AKOB","20151105","21.71","21.95","20.76","20.94","41087"
"AKOB","20151106","20.94","21.44","20.8089","21.13","8306"
"AKOB","20151109","20.92","20.945","20.57","20.64","12517"
"AKOB","20151110","20.61","20.68","20.22","20.34","14462"
"AKOB","20151111","20.59","21.02","20.5","20.94","12938"
"AKOB","20151112","20.51","20.51","20.43","20.51","13354"
"AKOB","20151113","20.22","20.48","19.95","20.34","30188"
"AKOB","20151116","20.12","20.29","19.8","20.06","31002"
"AKOB","20151117","20.47","20.47","18.99","19.19","26076"
"AKOB","20151118","19.06","19.14","18.72","18.89","44690"
"AKOB","20151119","18.91","19.42","18.91","19.3","35500"
"AKOB","20151120","19.35","20.81","19.35","20.21","24641"
"AKOB","20151123","20.3","20.3","19.63","19.67","15246"
"AKOB","20151124","19.96","20.43","19.31","20.29","23864"
"AKOB","20151125","19.88","19.94","19.31","19.4801","21915"
"AKOB","20151127","19.349","19.64","19.17","19.17","5249"
"AKOB","20151130","19.22","19.54","18.28","18.72","21348"
"AKOB","20151201","18.9","18.9","18.24","18.55","14901"
"AKOB","20151202","18.42","18.42","18.12","18.29","29803"
"AKOB","20151203","18.18","18.45","18.06","18.31","16091"
"AKOB","20151204","18.04","18.24","17.81","18.11","31520"
"AKOB","20151207","17.83","17.87","17.26","17.34","32036"
"AKOB","20151208","17.48","17.52","16.9","16.95","10334"
"AKOB","20151209","16.97","17.2983","16.9","16.9","20526"
"AKOB","20151210","17.1499","17.1499","16.65","16.65","21184"
"AKOB","20151211","16.79","17.75","16.56","17.5","19118"
"AKOB","20151214","17.35","17.71","16.75","17.28","26286"
"AKOB","20151215","17.36","17.89","17.36","17.45","26598"
"AKOB","20151216","17.47","18.47","17.1","18.32","38764"
"AKOB","20151217","18.44","18.85","18.35","18.62","40357"
"AKOB","20151218","18.55","18.84","18.21","18.37","51894"
"AKOB","20151221","18.28","18.49","17.95","18.1","37023"
"AKOB","20151222","18.19","18.46","17.83","18.03","37809"
"AKOB","20151223","18.03","18.2","17.75","17.96","57832"
"AKOB","20151224","17.83","18.19","17.76","18.15","3506"
"AKOB","20151228","17.96","18.13","17.86","18.07","20771"
"AKOB","20151229","18.16","18.16","17.57","17.72","37424"
"AKOB","20151230","17.87","17.87","17.3826","17.45","6459"
"AKOB","20151231","17.55","17.55","17.4","17.41","7045"
"AKOB","20160104","17.29","17.8","17.29","17.66","215268"
"AKOB","20160105","17.74","17.76","17.31","17.57","70824"
"AKOB","20160106","17.32","17.59","17.2","17.28","34627"
"AKOB","20160107","17.016","17.19","16.14","16.54","62799"
"AKOB","20160108","16.49","16.49","15.9","16.08","29597"
"AKOB","20160111","16.17","16.18","15.63","15.76","30623"
"AKOB","20160112","15.7","15.78","15.5","15.59","27287"
"AKOB","20160113","15.8","15.8","15.4","15.52","35449"
"AKOB","20160114","15.41","15.62","15.27","15.53","47846"
"AKOB","20160115","15.37","15.47","15.143","15.28","22118"
"AKOB","20160119","15.2","15.2","14.77","14.9","20662"
"AKOB","20160120","14.68","14.74","14.21","14.63","23284"
"AKOB","20160121","14.77","14.77","14.43","14.57","25806"
"AKOB","20160122","14.83","15.14","14.74","14.88","64170"
"AKOB","20160125","14.86","15.02","14.72","14.76","33339"
"AKOB","20160126","14.89","15.04","14.76","15","43645"
"AKOB","20160127","15.05","15.6","14.98","15.08","80215"
"AKOB","20160128","15.7","16.16","15.69","16.12","68493"
"AKOB","20160129","16.32","17.05","16.25","16.83","48480"
"AKOB","20160201","16.73","17.1","16.49","16.85","94239"
"AKOB","20160202","16.78","16.9","16.34","16.45","60388"
"AKOB","20160203","16.5","16.59","16.15","16.4","22073"
"AKOB","20160204","16.6","16.95","16.6","16.8","25123"
"AKOB","20160205","16.75","17.25","15.86","16.45","40952"
"AKOB","20160208","16.74","16.75","15.38","15.51","26944"
"AKOB","20160209","15.3","16.29","15.3","16.07","27142"
"AKOB","20160210","16.45","16.91","16.45","16.8","28403"
"AKOB","20160211","16.78","16.78","14.78","16.69","26688"
"AKOB","20160212","16.85","16.9","16.25","16.41","16072"
"AKOB","20160216","16.55","16.69","16.46","16.65","15965"
"AKOB","20160217","16.83","17.44","16.83","17.26","28871"
"AKOB","20160218","17.12","17.63","16.9","17.61","24208"
"AKOB","20160219","17.68","18.02","17.59","17.99","20210"
"AKOB","20160222","18.26","18.3","18.06","18.28","25287"
"AKOB","20160223","18.27","18.27","17.7","17.9","19316"
"AKOB","20160224","17.86","18.06","17.46","17.91","39782"
"AKOB","20160225","17.87","17.8999","17.54","17.69","18029"
"AKOB","20160226","17.95","17.95","17.67","17.78","10181"
"AKOB","20160229","17.9","18.04","17.61","17.87","39879"
"AKOB","20160301","17.72","18.4","17.56","18.11","26971"
"AKOB","20160302","18.21","18.24","17.765","17.92","29226"
"AKOB","20160303","18.05","18.3","17.725","18.18","43979"
"AKOB","20160304","18.4","18.47","18","18.14","11352"
"AKOB","20160307","18.34","18.55","18.23","18.51","15776"
"AKOB","20160308","18.65","18.65","18.37","18.42","9352"
"AKOB","20160309","18.65","18.65","18.41","18.41","4371"
"AKOB","20160310","18.51","18.82","18.35","18.65","5922"
"AKOB","20160311","18.58","18.7","18.53","18.61","4425"
"AKOB","20160314","18.57","18.58","18.24","18.25","26747"
"AKOB","20160315","18.14","18.38","18.05","18.05","4391"
"AKOB","20160316","18.01","18.32","17.85","18.31","13326"
"AKOB","20160317","18.48","18.65","18.3","18.45","22023"
"AKOB","20160318","18.65","19.73","18.65","19.73","43602"
"AKOB","20160321","19.55","19.55","19.13","19.2","21322"
"AKOB","20160322","19.02","19.12","18.765","18.91","26683"
"AKOB","20160323","18.8","18.8","18.19","18.39","10655"
"AKOB","20160324","18.13","18.49","18.1","18.36","16244"
"AKOB","20160328","18.16","18.71","18.1","18.58","7151"
"AKOB","20160329","18.35","18.83","18","18.5","27008"
"AKOB","20160330","18.86","19.25","18.85","19.08","12621"
"AKOB","20160331","19.16","19.82","18.88","19.07","24259"
"AKOB","20160401","18.87","19.545","18.87","19.36","27804"
"AKOB","20160404","19.38","19.485","19.21","19.37","6825"
"AKOB","20160405","19.2","19.5","19.06","19.06","10970"
"AKOB","20160406","19.15","19.15","18.58","18.92","8798"
"AKOB","20160407","18.5","18.82","18.47","18.64","7967"
"AKOB","20160408","18.76","18.86","18.36","18.63","7666"
"AKOB","20160411","18.4","18.6","18.39","18.55","3325"
"AKOB","20160412","18.6","18.87","18.45","18.75","15661"
"AKOB","20160413","19.1","19.13","18.83","18.96","5867"
"AKOB","20160414","19.01","19.01","18.6","18.74","4249"
"AKOB","20160415","18.69","19.42","18.69","19.35","11093"
"AKOB","20160418","19.36","19.65","18.96","19.52","17480"
"AKOB","20160419","19.84","20.05","19.71","19.81","6450"
"AKOB","20160420","19.7","19.95","19.44","19.79","11234"
"AKOB","20160421","19.92","19.92","19.55","19.66","6039"
"AKOB","20160422","19.71","19.71","19.49","19.62","7583"
"AKOB","20160425","19.7","19.71","19.24","19.43","12237"
"AKOB","20160426","19.5","20.41","19.5","20.34","17803"
"AKOB","20160427","19.99","20.41","19.53","20.28","41114"
"AKOB","20160428","20.05","20.24","19.76","19.96","16292"
"AKOB","20160429","20.06","20.74","20.06","20.45","21375"
"AKOB","20160502","20.29","20.73","18.99","20.68","36193"
"AKOB","20160503","20.03","20.66","20.03","20.63","14748"
"AKOB","20160504","20.48","20.48","20.1973","20.23","4157"
"AKOB","20160505","20.54","20.54","20.35","20.47","692"
"AKOB","20160506","20.52","20.61","20.28","20.535","4177"
"AKOB","20160509","20.57","20.57","19.927","20.09","3836"
"AKOB","20160510","20.04","20.84","20.04","20.72","11344"
"AKOB","20160511","20.66","20.72","20.44","20.654","7914"
"AKOB","20160512","20.56","21.09","20.56","20.91","14022"
"AKOB","20160513","20.76","20.84","20.21","20.79","7302"
"AKOB","20160516","20.57","20.57","19.94","20.3","15499"
"AKOB","20160517","20.3","20.3","20.1","20.29","5970"
"AKOB","20160518","20.6899","20.69","20.03","20.15","8502"
"AKOB","20160519","19.9399","20.22","19.7092","20.12","2942"
"AKOB","20160520","19.9","20.22","19.6","20.07","23431"
"AKOB","20160523","20.19","20.19","19.37","19.39","12227"
"AKOB","20160524","19.77","19.77","19.31","19.39","3168"
"AKOB","20160525","19.35","19.83","19.24","19.74","16845"
"AKOB","20160526","19.94","19.94","19.585","19.67","13419"
"AKOB","20160527","19.55","19.82","19.5389","19.63","2147"
"AKOB","20160531","19.46","19.53","18.65","18.88","25325"
"AKOB","20160601","18.86","19.3","18.43","19.29","14847"
"AKOB","20160602","19.31","19.38","18.99","19.38","9011"
"AKOB","20160603","19.61","19.85","19.25","19.52","6057"
"AKOB","20160606","19.9","20.17","19.8","20.12","6288"
"AKOB","20160607","20.14","20.98","20.05","20.64","111156"
"AKOB","20160608","20.95","21.15","20.85","20.9","7951"
"AKOB","20160609","20.94","20.94","20.69","20.76","126625"
"AKOB","20160610","20.75","20.75","20.21","20.21","7024"
"AKOB","20160613","20","20","19.43","19.65","10058"
"AKOB","20160614","19.3601","19.66","19.26","19.42","10739"
"AKOB","20160615","19.8099","20.22","19.79","20.18","7858"
"AKOB","20160616","20.07","20.14","19.9118","20.03","2664"
"AKOB","20160617","20.24","20.5298","20.21","20.3","9033"
"AKOB","20160620","20.6","20.61","20.34","20.6","3810"
"AKOB","20160621","20.5309","20.77","20.45","20.57","13252"
"AKOB","20160622","20.86","21.07","20.75","20.79","7540"
"AKOB","20160623","21.05","21.18","20.72","21.1","16974"
"AKOB","20160624","20.76","20.76","20.17","20.46","5835"
"AKOB","20160627","20.06","20.24","20.06","20.15","1503"
"AKOB","20160628","20.4699","20.86","20.2","20.6","41855"
"AKOB","20160629","20.82","21.06","20.79","21","7410"
"AKOB","20160630","21","21.33","20.97","21.2","8414"
"AKOB","20160701","21.28","21.28","21.054","21.09","2935"
"AKOB","20160705","20.93","21.24","20.93","21.09","23057"
"AKOB","20160706","21.17","21.17","20.82","20.91","2514"
"AKOB","20160707","21.22","21.6","20.8942","21.5","16704"
"AKOB","20160708","21.92","23.74","21.92","23.68","22334"
"AKOB","20160711","23.52","23.72","23.112","23.72","9004"
"AKOB","20160712","23.53","23.63","22.557","23.02","27162"
"AKOB","20160713","22.83","23.19","22.42","22.9","13214"
"AKOB","20160714","22.82","23.22","22.79","22.79","6569"
"AKOB","20160715","22.94","22.9801","22.34","22.36","8120"
"AKOB","20160718","22.44","22.6","22.12","22.45","12397"
"AKOB","20160719","22.4","23.31","22.4","23","36339"
"AKOB","20160720","23","23.235","22.77","22.98","20909"
"AKOB","20160721","22.84","23.2077","22.84","22.9501","8137"
"AKOB","20160722","22.94","23.91","22.94","23.81","9271"
"AKOB","20160725","23.67","23.89","23.13","23.23","8220"
"AKOB","20160726","23.47","23.47","22.7","22.75","19325"
"AKOB","20160727","22.81","23.24","22.56","23.11","10423"
"AKOB","20160728","23.2","23.2","22.74","22.74","8524"
"AKOB","20160729","22.99","23.41","22.64","23.38","18521"
"AKOB","20160801","23.08","23.59","23.08","23.59","14322"
"AKOB","20160802","23.39","24.105","23.39","24.07","17752"
"AKOB","20160803","23.87","24.02","23.2001","23.46","7082"
"AKOB","20160804","23.56","23.66","23.14","23.33","15163"
"AKOB","20160805","23.493","23.55","23.12","23.46","34475"
"AKOB","20160808","23.21","23.39","22.87","23.22","8731"
"AKOB","20160809","23.17","23.67","23.17","23.55","13453"
"AKOB","20160810","23.64","23.64","23.41","23.52","2784"
"AKOB","20160811","23.53","24.64","23.53","24.22","53399"
"AKOB","20160812","24.1","24.29","23.8644","23.97","20799"
"AKOB","20160815","24.02","24.15","23.81","23.96","9786"
"AKOB","20160816","24.08","24.49","23.98","24.35","3600"
"AKOB","20160817","24.16","24.44","24.01","24.14","1317"
"AKOB","20160818","23.64","23.64","23.53","23.64","2139"
"AKOB","20160819","23.64","23.65","23.26","23.47","1600"
"AKOB","20160822","23.06","23.32","22.82","23.08","9507"
"AKOB","20160823","23.25","23.304","22.71","22.75","5686"
"AKOB","20160824","22.66","23.17","22.5","23.04","5500"
"AKOB","20160825","23.1","23.13","22.62","22.73","35782"
"AKOB","20160826","22.65","22.94","22.24","22.24","38736"
"AKOB","20160829","22.35","22.48","22.01","22.04","8340"
"AKOB","20160830","22.4","22.4","22.01","22.03","56545"
"AKOB","20160831","22.2","22.2","21.2","21.22","22586"
"AKOB","20160901","21.4999","21.68","21.35","21.53","15004"
"AKOB","20160902","21.8","22.225","21.78","22.06","16107"
"AKOB","20160906","21.93","22.15","21.7801","22.02","6490"
"AKOB","20160907","22.02","22.24","21.95","22.09","6773"
"AKOB","20160908","22.0701","22.0701","21.45","21.56","3894"
"AKOB","20160909","21.56","21.706","21.11","21.18","10202"
"AKOB","20160912","21.02","21.68","21.02","21.47","12895"
"AKOB","20160913","21.44","21.98","20.955","21.42","16702"
"AKOB","20160914","21.42","21.97","21.42","21.88","9342"
"AKOB","20160915","21.98","22.13","21.32","21.43","12529"
"AKOB","20160916","21.58","21.99","21.15","21.43","13488"
"AKOB","20160919","21.63","21.77","21.22","21.76","12533"
"AKOB","20160920","21.76","22.23","21.47","21.88","11751"
"AKOB","20160921","22.26","22.6","22.24","22.34","9193"
"AKOB","20160922","22.6112","23.09","22.57","22.57","15421"
"AKOB","20160923","22.58","23.26","22.48","22.97","17308"
"AKOB","20160926","22.84","23.07","22.64","22.64","11850"
"AKOB","20160927","22.73","22.75","22.23","22.46","50448"
"AKOB","20160928","22.33","22.8805","22.32","22.5","36298"
"AKOB","20160929","22.61","23.32","21.88","22.08","67762"
"AKOB","20160930","22.04","22.93","22.04","22.6","20191"
"AKOB","20161003","22.74","23.07","22.62","23.07","14904"
"AKOB","20161004","22.88","23.41","22.88","22.94","5702"
"AKOB","20161005","23.21","23.6","22.92","23.37","12892"
"AKOB","20161006","23.1418","23.52","23.1418","23.42","6999"
"AKOB","20161007","23.38","23.38","22.97","23.12","17000"
"AKOB","20161010","23.46","23.5199","23.1316","23.4499","964"
"AKOB","20161011","23.24","23.25","22.77","23.22","5156"
"AKOB","20161012","23.21","23.33","22.88","23.25","6876"
"AKOB","20161013","22.91","22.94","22.65","22.71","4486"
"AKOB","20161014","22.87","23.25","22.8276","23.05","8806"
"AKOB","20161017","23","23.12","22.87","23.12","4835"
"AKOB","20161018","23","23.23","22.85","23.22","9718"
"AKOB","20161019","23.16","23.49","23.05","23.23","6951"
"AKOB","20161020","23.38","23.38","23.33","23.35","964"
"AKOB","20161021","23.37","23.45","23.37","23.4","2271"
"AKOB","20161024","23.67","24.35","23.59","24.1","16817"
"AKOB","20161025","24.284","25.07","24.284","24.5","18185"
"AKOB","20161026","24.23","24.5999","24.02","24.14","3365"
"AKOB","20161027","24.25","24.59","24.22","24.56","7357"
"AKOB","20161028","24.44","24.53","23.62","24.39","12086"
"AKOB","20161031","24.46","24.49","23.8201","24.08","7369"
"AKOB","20161101","24.08","24.12","23.88","24.07","14616"
"AKOB","20161102","24.02","24.34","23.99","24.25","27311"
"AKOB","20161103","24.05","24.13","23.61","23.73","19674"
"AKOB","20161104","23.65","23.91","23.39","23.39","21439"
"AKOB","20161107","23.86","24.24","23.86","24.1399","8011"
"AKOB","20161108","23.65","24.53","23.65","24.53","30957"
"AKOB","20161109","24.11","24.33","23.8","24.33","8226"
"AKOB","20161110","24.34","24.34","22.83","22.83","23598"
"AKOB","20161111","22.7","22.77","22.21","22.51","13528"
"AKOB","20161114","22.68","22.68","22","22.18","7334"
"AKOB","20161115","22.24","22.33","22.15","22.24","11449"
"AKOB","20161116","22.23","23.04","22.23","22.66","14562"
"AKOB","20161117","22.66","23.11","22.6005","22.78","17641"
"AKOB","20161118","22.55","23.07","22.03","22.06","14407"
"AKOB","20161121","22.07","22.59","22","22.22","13186"
"AKOB","20161122","22.374","22.49","22.09","22.09","9371"
"AKOB","20161123","21.75","22.58","21.75","22.36","22240"
"AKOB","20161125","22.4681","22.51","22.36","22.51","4691"
"AKOB","20161128","22.64","22.81","22.61","22.61","2347"
"AKOB","20161129","22.56","22.8214","22.5","22.52","16774"
"AKOB","20161130","22.52","22.66","22.03","22.11","9492"
"AKOB","20161201","21.98","22.31","21.71","21.72","33911"
"AKOB","20161202","21.8","22.28","21.63","22.28","48505"
"AKOB","20161205","22.27","22.53","22.1933","22.31","2607"
"AKOB","20161206","22.4","22.62","22.4","22.48","11547"
"AKOB","20161207","22.64","22.67","22.18","22.3","23142"
"AKOB","20161208","22.12","22.26","22.0517","22.26","2187"
"AKOB","20161209","22.34","23.2899","22.34","22.73","8649"
"AKOB","20161212","22.83","22.96","22.8","22.81","2100"
"AKOB","20161213","22.82","22.9521","22.8","22.8","3014"
"AKOB","20161214","22.81","22.81","22.61","22.8","3267"
"AKOB","20161215","22.56","23.05","22.31","22.37","7597"
"AKOB","20161216","22.6","22.6","21.66","22.42","4517"
"AKOB","20161219","22.26","22.26","21.8104","21.82","7504"
"AKOB","20161220","21.82","22.6","21.73","22.16","27473"
"AKOB","20161221","22.37","22.62","21.42","21.42","16074"
"AKOB","20161222","21.42","21.81","21.12","21.73","16523"
"AKOB","20161223","21.49","21.83","21.42","21.66","5102"
"AKOB","20161227","21.6176","21.66","21.58","21.66","5845"
"AKOB","20161228","21.72","22.13","21.72","22.1","3519"
"AKOB","20161229","22.2","22.82","22.13","22.52","4338"
"AKOB","20161230","22.5","22.5","21.99","22.47","4276"
"AKOB","20170103","22.1657","22.62","22.08","22.38","4895"
"AKOB","20170104","22.38","22.7","22.28","22.59","10090"
"AKOB","20170105","22.46","22.79","22.32","22.54","10976"
"AKOB","20170106","22.6","22.67","22.5","22.51","24622"
"AKOB","20170109","22.49","22.9","22.49","22.61","6096"
"AKOB","20170110","22.52","23.17","22.52","22.54","10049"
"AKOB","20170111","22.55","22.79","22.305","22.37","6201"
"AKOB","20170112","22.81","23.64","22.74","23.32","11022"
"AKOB","20170113","23.32","23.4211","22.84","23","5404"
"AKOB","20170117","23.11","23.1199","22.83","22.83","4096"
"AKOB","20170118","22.53","22.87","22.53","22.53","3210"
"AKOB","20170119","22.99","23.07","22.55","22.55","1893"
"AKOB","20170120","22.7514","23","22.57","22.57","4439"
"AKOB","20170123","23.02","23.12","22.58","22.97","13355"
"AKOB","20170124","22.9225","23.23","22.56","22.65","18859"
"AKOB","20170125","23","23.05","22.65","23.02","9117"
"AKOB","20170126","22.84","23.04","22.67","22.82","10318"
"AKOB","20170127","22.94","23","22.46","22.54","5925"
"AKOB","20170130","22.5","22.5","21.77","21.79","3503"
"AKOB","20170131","21.66","21.89","21.47","21.5","36516"
"AKOB","20170201","21.48","21.92","21.39","21.5592","13805"
"AKOB","20170202","21.6","21.8399","21.59","21.75","19502"
"AKOB","20170203","21.7","22.26","21.7","22.17","9409"
"AKOB","20170206","22.0999","22.18","21.73","22.02","1700"
"AKOB","20170207","21.92","22.35","21.63","22.26","17127"
"AKOB","20170208","22.0898","22.0898","21.8","21.83","2871"
"AKOB","20170209","21.84","23.18","21.84","23","7699"
"AKOB","20170210","23.09","23.36","22.872","23.36","6615"
"AKOB","20170213","23.2","23.7099","23.13","23.7099","9830"
"AKOB","20170214","23.42","23.42","22.91","22.91","7899"
"AKOB","20170215","22.71","23.4599","22.68","22.68","12421"
"AKOB","20170216","22.731","22.97","22.64","22.72","18041"
"AKOB","20170217","22.4","22.71","22.27","22.36","3971"
"AKOB","20170221","22.53","23.26","22.27","23.19","14280"
"AKOB","20170222","22.99","23.4","22.78","22.93","15585"
"AKOB","20170223","23.195","23.4","22.89","22.91","94497"
"AKOB","20170224","22.9","23.06","22.53","22.94","12977"
"AKOB","20170227","22.9799","23.06","22.77","22.81","2665"
"AKOB","20170228","22.757","22.94","22.6","22.87","56427"
"AKOB","20170301","22.8","23.73","22.8","23.55","16990"
"AKOB","20170302","23.2901","24.01","23.2901","23.78","14038"
"AKOB","20170303","23.59","24.08","23.4562","24.08","3434"
"AKOB","20170306","23.9","24.47","23.66","24.47","19532"
"AKOB","20170307","23.98","24.36","23.88","23.96","19541"
"AKOB","20170308","23.83","24.2773","23.6701","23.84","19661"
"AKOB","20170309","23.68","24.05","23.26","23.26","12358"
"AKOB","20170310","23.69","23.69","22.92","23.1","6768"
"AKOB","20170313","22.93","23.41","22.84","22.98","10078"
"AKOB","20170314","23.112","23.26","22.94","23.21","5228"
"AKOB","20170315","23.2399","23.57","22.9301","23.51","10808"
"AKOB","20170316","23.61","24.9","23.61","24.48","12968"
"AKOB","20170317","24.61","24.84","23.9","24.31","22471"
"AKOB","20170320","24.01","24.98","24.01","24.28","9601"
"AKOB","20170321","24.26","24.4999","23.42","23.43","17321"
"AKOB","20170322","23.4","23.78","23.1103","23.54","21003"
"AKOB","20170323","23.77","23.95","23.62","23.62","25933"
"AKOB","20170324","23.86","24.45","23.84","23.97","24123"
"AKOB","20170327","24.04","24.25","23.4901","24.24","9349"
"AKOB","20170328","24.09","24.54","24.0201","24.28","20391"
"AKOB","20170329","24.1","24.3","23.9","24.18","46719"
"AKOB","20170330","24.12","24.17","23.62","23.63","10324"
"AKOB","20170331","23.81","23.81","23.37","23.39","8946"
"AKOB","20170403","23.36","23.4","22.99","22.99","24400"
"AKOB","20170404","22.62","23.96","22.55","23.81","75236"
"AKOB","20170405","23.99","24.45","23.55","24.15","28667"
"AKOB","20170406","24.44","24.45","23.8","24.27","28994"
"AKOB","20170407","24.39","25.12","24.38","24.9608","12221"
"AKOB","20170410","25.16","25.16","24.5178","24.66","12627"
"AKOB","20170411","24.56","24.77","24.4","24.7","7990"
"AKOB","20170412","24.85","25.074","24.32","24.45","29000"
"AKOB","20170413","24.56","25.149","24.4401","24.52","20729"
"AKOB","20170417","24.24","25.47","24.1572","25.43","26933"
"AKOB","20170418","25.46","25.9999","25.46","25.94","20960"
"AKOB","20170419","25.81","26.58","25.81","26.22","27947"
"AKOB","20170420","26.1","26.29","25.501","25.96","26377"
"AKOB","20170421","25.61","25.68","25.3","25.55","34130"
"AKOB","20170424","25.9","26.48","25.7","26.14","25947"
"AKOB","20170425","26.13","26.64","25.49","25.49","25413"
"AKOB","20170426","25.5","26.01","24.55","24.55","29356"
"AKOB","20170427","24.39","25.4","24.39","24.9","25178"
"AKOB","20170428","25.14","25.5453","24.65","25.42","14767"
"AKOB","20170501","25.9","26.27","25.2601","25.43","9236"
"AKOB","20170502","25.56","25.63","24.54","24.87","30993"
"AKOB","20170503","24.8501","24.92","23.96","24.53","27155"
"AKOB","20170504","24.7","24.7","24.06","24.27","23791"
"AKOB","20170505","24.4","24.48","23.91","24.26","24497"
"AKOB","20170508","24.05","24.199","23.81","23.89","17997"
"AKOB","20170509","23.79","24.15","23.32","23.52","15644"
"AKOB","20170510","23.37","24.14","23.33","23.35","12909"
"AKOB","20170511","23.32","23.71","23.13","23.21","13532"
"AKOB","20170512","23.15","23.94","23.15","23.5","12807"
"AKOB","20170515","23.75","23.99","23.51","23.6","95738"
"AKOB","20170516","23.6","24.77","23.6","24.52","23022"
"AKOB","20170517","24.39","24.6349","24.01","24.39","9734"
"AKOB","20170518","23.6","24.43","22.99","24","24020"
"AKOB","20170519","23.65","24.57","23.65","24.28","14347"
"AKOB","20170522","23.75","24.9","23.7301","23.79","36057"
"AKOB","20170523","23.81","24.28","23.75","23.98","10770"
"AKOB","20170524","23.42","24.24","23.42","24.08","9038"
"AKOB","20170525","24.11","24.51","24.06","24.51","22908"
"AKOB","20170526","24.53","25.37","24.5","25.37","23949"
"AKOB","20170530","24.92","24.95","24.2","24.47","14532"
"AKOB","20170531","24.68","25.02","24.06","24.46","30239"
"AKOB","20170601","24.34","25.13","24.3101","24.74","5362"
"AKOB","20170602","24.36","24.99","23.74","24.67","25881"
"AKOB","20170605","24.91","25.41","24.5","25.41","11834"
"AKOB","20170606","25.295","25.78","24.85","25","19517"
"AKOB","20170607","25.26","25.26","24.86","25.0508","5438"
"AKOB","20170608","25.63","25.63","24.7","25.02","13074"
"AKOB","20170609","25.29","25.29","24.38","24.73","25588"
"AKOB","20170612","24","24.73","23.9","24.71","14648"
"AKOB","20170613","24.7","25.21","24.11","24.62","15787"
"AKOB","20170614","25.07","25.27","24.9","25.12","1900"
"AKOB","20170615","24.57","25.2524","24.47","24.88","3006"
"AKOB","20170616","24.24","25.2222","24.24","24.72","15032"
"AKOB","20170619","24","25.2","24","25.04","9646"
"AKOB","20170620","24.63","25.1","24.45","24.83","15634"
"AKOB","20170621","24.6765","25.15","24.19","24.38","10759"
"AKOB","20170622","24.85","24.96","24.31","24.54","136440"
"AKOB","20170623","24.84","25.27","24.51","25.18","44881"
"AKOB","20170626","25.21","25.57","25.01","25.095","2260"
"AKOB","20170627","25.57","25.57","24.42","24.94","7872"
"AKOB","20170628","25.27","25.28","24.42","25.01","8167"
"AKOB","20170629","25.36","25.88","24.86","25.26","47827"
"AKOB","20170630","25.2799","25.4","24.68","25.4","15476"
"AKOB","20170703","25.235","25.235","24.86","24.86","2800"
"AKOB","20170705","25.4","25.94","25.37","25.94","11925"
"AKOB","20170706","25.6304","25.9","25.1599","25.87","10805"
"AKOB","20170707","25.71","26.02","25.51","25.9","15909"
"AKOB","20170710","25.6706","26.17","25.6706","25.69","12842"
"AKOB","20170711","25.51","25.87","24.79","25.75","9633"
"AKOB","20170712","25.9","26.4199","25.5","25.73","18717"
"AKOB","20170713","25.61","25.98","25.24","25.32","24601"
"AKOB","20170714","25.03","25.68","24.65","25.02","106538"
"AKOB","20170717","25.39","25.56","24.91","25.55","59915"
"AKOB","20170718","25.79","25.98","25.445","25.67","70161"
"AKOB","20170719","25.34","26.13","24.7463","25.25","52320"
"AKOB","20170720","25.35","25.88","25.3","25.77","50797"
"AKOB","20170721","25.77","26.32","25.29","25.72","33840"
"AKOB","20170724","25.72","26.592","25.72","26.2","36738"
"AKOB","20170725","26.16","26.17","25.8","25.99","4877"
"AKOB","20170726","26.16","26.32","25.39","26.01","23143"
"AKOB","20170727","25.99","26.27","25.62","25.71","17438"
"AKOB","20170728","26.08","27.29","25.71","26.98","18533"
"AKOB","20170731","27.29","27.93","26.93","27.21","32358"
"AKOB","20170801","26.64","27.42","26.45","26.6875","8700"
"AKOB","20170802","26.24","26.7464","26.24","26.4","8584"
"AKOB","20170803","26.26","26.96","26.26","26.81","7512"
"AKOB","20170804","26.9","27.19","26.75","27.08","8256"
"AKOB","20170807","26.82","27.09","26.82","27.05","3107"
"AKOB","20170808","27.2","27.46","26.34","26.97","20758"
"AKOB","20170809","26.16","27.21","26.16","27.19","17447"
"AKOB","20170810","27","27.47","26.85","27.13","7493"
"AKOB","20170811","26.6603","27.07","26.53","26.875","5244"
"AKOB","20170814","26.0868","27.44","26.01","27.05","22903"
"AKOB","20170815","26.84","27.31","26.55","27.14","4105"
"AKOB","20170816","27.48","27.48","26.5","26.66","14876"
"AKOB","20170817","26.8","28.18","26.66","27.3","25727"
"AKOB","20170818","27.6","27.6","26.38","26.4","5718"
"AKOB","20170821","26.93","27.41","26.52","26.52","8416"
"AKOB","20170822","26.8","27.3","26.8","27.1","17059"
"AKOB","20170823","27.22","27.53","26.99","27","267414"
"AKOB","20170824","27.1","27.97","27.1","27.32","8026"
"AKOB","20170825","27.86","28.35","27.24","27.56","6973"
"AKOB","20170828","28.41","29.07","28.02","28.74","12743"
"AKOB","20170829","28.4","29.3","27.79","28.56","34107"
"AKOB","20170830","28.01","28.61","27.91","28.19","6549"
"AKOB","20170831","27.63","29.13","27.42","28.23","25789"
"AKOB","20170901","28.76","29.1399","28.24","28.71","67597"
"AKOB","20170905","28.92","28.97","27.9","28.76","16981"
"AKOB","20170906","28.8","28.8","27.69","28.51","49424"
"AKOB","20170907","27.92","28.84","27.92","28.28","15333"
"AKOB","20170908","28.05","29.02","28.05","28.71","25772"
"AKOB","20170911","28.989","29.59","28.51","29.05","14527"
"AKOB","20170912","29","29.14","28.35","28.54","16045"
"AKOB","20170913","28.13","28.5","27.45","28.09","20683"
"AKOB","20170914","27.51","28.2","27.1","27.66","27603"
"AKOB","20170915","27.32","28.0595","26.955","27.14","23250"
"AKOB","20170918","27","27.66","26.63","27.3","10919"
"AKOB","20170919","27.47","27.69","26.8","27.1","14339"
"AKOB","20170920","27.51","28.5642","27.335","27.74","55952"
"AKOB","20170921","28.24","28.61","27.21","28","25336"
"AKOB","20170922","28.46","28.46","27.69","28","12812"
"AKOB","20170925","28.4","28.4","27.01","27.89","24461"
"AKOB","20170926","27.58","28.36","27.52","27.55","9381"
"AKOB","20170927","27.42","28.37","27.25","27.54","21492"
"AKOB","20170928","27.94","28.37","27.68","27.9","11772"
"AKOB","20170929","27.02","28.03","27.02","27.54","12759"
"AKOB","20171002","27.52","27.97","27.3255","27.6","9706"
"AKOB","20171003","27.98","29.41","27.73","28.62","112611"
"AKOB","20171004","28.42","29.54","28.42","28.8","16217"
"AKOB","20171005","29.37","29.78","28.86","28.99","27662"
"AKOB","20171006","28.26","29.29","28.26","28.84","15731"
"AKOB","20171009","28.47","29.0306","28.11","28.65","1011"
"AKOB","20171010","29.07","29.69","28.21","29.22","25007"
"AKOB","20171011","28.92","29.76","28.65","29.105","14579"
"AKOB","20171012","28.9403","29.5","28.81","28.95","15760"
"AKOB","20171013","29.2","29.875","29.05","29.1","13835"
