"BXE","20150120","13.6","13.65","12.8445","12.85","51720"
"BXE","20150121","12.7","13.4","12.55","12.75","107425"
"BXE","20150122","12.85","12.9","12.271","12.5","47333"
"BXE","20150123","12.3","13.35","12.3","12.6","41486"
"BXE","20150126","12.6","13","12.25","12.35","50496"
"BXE","20150127","12.3","12.65","12","12.05","71319"
"BXE","20150128","12.05","12.05","9.9","10.25","267797"
"BXE","20150129","10.5","10.55","9.4505","9.6","156991"
"BXE","20150130","9.5","10.5","9.3","10.15","121397"
"BXE","20150202","10.5","10.9","10","10.75","135379"
"BXE","20150203","11.15","12.55","11.1","11.95","231854"
"BXE","20150204","11.75","11.75","10.4","10.75","111162"
"BXE","20150205","11.05","11.6","10.7","11.125","97278"
"BXE","20150206","11.45","11.5","10.85","11.4","90911"
"BXE","20150209","11.7","12.3","11.6","12.05","95393"
"BXE","20150210","12.15","12.15","10.95","11.1","119926"
"BXE","20150211","12.25","13.05","11.924","13.05","428612"
"BXE","20150212","13.85","14.6","13.55","13.65","550134"
"BXE","20150213","14.45","14.65","13.8","13.9","254989"
"BXE","20150217","14.7","15.55","13.95","15.55","513474"
"BXE","20150218","15.1","15.8","13.95","14.1505","433498"
"BXE","20150219","13.7","14.6","13.35","14.3","226224"
"BXE","20150220","14.65","14.85","13.75","14.05","206190"
"BXE","20150223","13.7","13.9","13.4","13.85","214993"
"BXE","20150224","13.85","13.955","13.55","13.65","159496"
"BXE","20150225","13.8","14.7","13.6","14.55","194708"
"BXE","20150226","14.2","14.45","14.05","14.25","104817"
"BXE","20150227","14.5","14.6","14.2","14.45","168120"
"BXE","20150302","14.3","14.6","13.75","14.15","136750"
"BXE","20150303","14.4","15.5","14.3","15.05","235636"
"BXE","20150304","15","15.75","14.85","15.55","179338"
"BXE","20150305","15.55","15.85","15.1","15.25","173586"
"BXE","20150306","15.15","15.3615","14.8015","14.9","195257"
"BXE","20150309","15.15","15.35","14.4","14.5","208711"
"BXE","20150310","14.4","14.5","13.7","13.75","249623"
"BXE","20150311","13.9","14.45","13.7","13.8","329845"
"BXE","20150312","14.65","14.8","13.65","13.7","141686"
"BXE","20150313","13.55","13.5995","12.85","12.95","343690"
"BXE","20150316","12.75","12.95","12.2","12.45","219100"
"BXE","20150317","12.25","12.6","11.65","11.95","229306"
"BXE","20150318","11.7","12.7","11.6","12.55","193767"
"BXE","20150319","11.95","12.1","11.65","11.75","218790"
"BXE","20150320","12.35","12.45","11.7","11.9","143397"
"BXE","20150323","11.85","12.25","11.85","12.1","182071"
"BXE","20150324","12.15","12.25","11.9","12","173645"
"BXE","20150325","12.3","13","12.1","12.8","279986"
"BXE","20150326","13.35","13.5","12.45","13","138905"
"BXE","20150327","13","13.3","12.9","12.95","92192"
"BXE","20150330","13.05","13.1","12.1","12.4","131877"
"BXE","20150331","12.15","12.45","12.05","12.15","99198"
"BXE","20150401","12.35","12.55","12","12.35","133168"
"BXE","20150402","12.15","12.65","12.05","12.15","100392"
"BXE","20150406","12.8","12.9","12.3","12.7","264773"
"BXE","20150407","12.6","13.45","12.6","13","226516"
"BXE","20150408","13","13.45","12.5","12.6","184212"
"BXE","20150409","12.7","12.9","12.4","12.85","150542"
"BXE","20150410","12.8","13.4","12.8","13.3","164824"
"BXE","20150413","13.4","13.65","13.25","13.45","97546"
"BXE","20150414","13.7","14.45","13.7","14.4","241756"
"BXE","20150415","14.55","16.4","14.5","15.6","419663"
"BXE","20150416","15.45","16.3","15.25","15.9","188903"
"BXE","20150417","15.8","16","15.3","15.7","149597"
"BXE","20150420","15.85","16.4","15.65","16.35","175256"
"BXE","20150421","16.2","16.25","15.2","15.65","171175"
"BXE","20150422","15.45","15.9","15.175","15.65","143214"
"BXE","20150423","15.8","16.1","15.55","15.75","133531"
"BXE","20150424","15.55","15.9495","15.35","15.65","66869"
"BXE","20150427","15.8","15.9","15.2","15.508","137383"
"BXE","20150428","15.45","16","15.3","15.4","124363"
"BXE","20150429","15.4","16.05","15.2","15.6","163213"
"BXE","20150430","15.5","15.85","14.95","15.7","195914"
"BXE","20150501","15.55","15.85","15.2","15.5","123600"
"BXE","20150504","15.6","15.7705","15.3","15.35","109319"
"BXE","20150505","15.65","16.25","15.15","15.35","284489"
"BXE","20150506","15.7","15.7","14.75","14.85","278196"
"BXE","20150507","14.65","14.75","13.85","14.15","249291"
"BXE","20150508","14.3","15","14","14.9","228248"
"BXE","20150511","15.05","15.55","14.875","15.55","136137"
"BXE","20150512","15.75","16.25","15.55","16.05","116001"
"BXE","20150513","16.3","16.9","15.65","16.15","142373"
"BXE","20150514","16.3","16.3","15.45","15.5","127470"
"BXE","20150515","15.3","15.4","15","15.1","147596"
"BXE","20150518","15.05","15.15","14.5","14.8","122867"
"BXE","20150519","14.65","14.7","14.05","14.2","197251"
"BXE","20150520","14.4","14.9","14.266","14.9","91370"
"BXE","20150521","15.05","15.5","15","15.3","112823"
"BXE","20150522","14.7","15.45","14.5","15.4","122627"
"BXE","20150526","14.65","14.95","14.25","14.5","238353"
"BXE","20150527","14.3","14.5","14","14.15","185654"
"BXE","20150528","13.95","14.1","13.6","14.05","123550"
"BXE","20150529","13.9","14.1","13.9","14.1","116313"
"BXE","20150601","13.85","14.45","13.65","14.35","86793"
"BXE","20150602","14.65","15.15","14.6","14.75","92781"
"BXE","20150603","14.65","14.9","14.25","14.5","64131"
"BXE","20150604","14.25","14.3","13.65","13.7","111520"
"BXE","20150605","13.55","14.3","13.35","14","91776"
"BXE","20150608","14.25","14.25","13.4","13.65","99361"
"BXE","20150609","14.05","14.2","13.8","13.9","65180"
"BXE","20150610","14.4","14.45","14.1","14.2","99084"
"BXE","20150611","14.1","14.25","13.9","14.05","46115"
"BXE","20150612","13.8","14.1","13.75","14","33024"
"BXE","20150615","13.8","14.05","13.55","13.85","26288"
"BXE","20150616","14","14.05","13.65","13.8","53197"
"BXE","20150617","14.05","14.05","13.5","13.5","51219"
"BXE","20150618","13.7","13.75","13.25","13.3","72181"
"BXE","20150619","13.1","13.35","12.65","12.95","153423"
"BXE","20150622","13","13.1","12.65","12.9","140744"
"BXE","20150623","12.8","13.1","12.75","13","177905"
"BXE","20150624","12.95","13.05","12.75","12.95","138438"
"BXE","20150625","12.85","13.1","12.7","12.75","101026"
"BXE","20150626","12.65","12.8","12","12.5","143678"
"BXE","20150629","11.9","12.15","11.6","11.65","160549"
"BXE","20150630","11.8","11.95","11.55","11.6","166773"
"BXE","20150701","11.55","12.2","11.55","11.9","103101"
"BXE","20150702","11.65","11.95","11.45","11.85","65469"
"BXE","20150706","11.35","11.65","10.8","10.9","242714"
"BXE","20150707","10.85","11.35","10.3","11.3","263645"
"BXE","20150708","11.15","11.325","10.6","10.85","96429"
"BXE","20150709","11.05","11.65","10.9","11.45","130414"
"BXE","20150710","11.4","11.5","11.2","11.5","65992"
"BXE","20150713","11.35","12","11.1","11.95","93078"
"BXE","20150714","11.8","12.6","11.75","12.6","51151"
"BXE","20150715","12.15","12.85","11.85","11.95","69217"
"BXE","20150716","12.1","12.15","11.8","11.85","36452"
"BXE","20150717","11.7","11.75","11.05","11.3","105920"
"BXE","20150720","11.25","11.3","10.4","10.5","95876"
"BXE","20150721","10.6","11.05","10.6","10.8","86233"
"BXE","20150722","10.6","10.65","10.175","10.45","103514"
"BXE","20150723","10.4","10.95","9.9","10.25","150135"
"BXE","20150724","10.25","10.45","10","10.2","56770"
"BXE","20150727","9.85","10.25","9.5","9.65","141282"
"BXE","20150728","9.6","10.4","9.55","10.35","133759"
"BXE","20150729","10.1","11.55","9.95","11.35","72677"
"BXE","20150730","11.35","11.5","10.225","10.4","68063"
"BXE","20150731","10.5","10.5","9.639","9.75","93896"
"BXE","20150803","9.65","10.25","9.35","9.55","76502"
"BXE","20150804","10.15","10.2","9.65","9.65","60673"
"BXE","20150805","9.65","9.95","8.55","8.55","334393"
"BXE","20150806","8.6","8.75","7.85","8.7","259226"
"BXE","20150807","8.5","8.9","8.25","8.35","128017"
"BXE","20150810","8.25","8.75","8.05","8.6","70664"
"BXE","20150811","8.3","8.7","8.2","8.55","234805"
"BXE","20150812","8.55","9.3","8.35","9.25","116731"
"BXE","20150813","9.1","9.1","8.65","8.7","123052"
"BXE","20150814","8.55","9.1","8.55","9.05","88230"
"BXE","20150817","8.9","9","8.7","8.7","41716"
"BXE","20150818","8.65","8.7","8.15","8.25","143806"
"BXE","20150819","8.25","8.5","7.95","7.95","72040"
"BXE","20150820","8.05","8.4","7.85","8.35","82312"
"BXE","20150821","8.2","8.55","8","8.05","124622"
"BXE","20150824","7.45","7.9","6.9","7.3","163167"
"BXE","20150825","7.75","7.8","6.975","7.05","147483"
"BXE","20150826","7.3","7.4","6.9","6.95","111581"
"BXE","20150827","7.4","8.35","7.25","7.9","199830"
"BXE","20150828","8.05","9.4","8","9.1","182156"
"BXE","20150831","8.95","9.85","8.4","9.35","121512"
"BXE","20150901","9.15","9.6","8.8005","9","73304"
"BXE","20150902","9.25","9.25","8.5","9.05","49823"
"BXE","20150903","9.15","9.5","8.766","8.8","44001"
"BXE","20150904","8.8","9","8.5","8.55","29206"
"BXE","20150908","8.85","9.1","8.6","8.95","49045"
"BXE","20150909","8.9","9.05","8.15","8.35","55990"
"BXE","20150910","8.25","8.45","7.95","8.2","47749"
"BXE","20150911","8","8.2","7.6","7.6","51489"
"BXE","20150914","7.7","7.7","7.05","7.25","82626"
"BXE","20150915","7.2","7.9","7.15","7.25","59510"
"BXE","20150916","7.55","8.25","7.45","8.05","96505"
"BXE","20150917","8.1","9.2","7.982","9.05","143896"
"BXE","20150918","8.8","10.2","8.65","10.1","1547733"
"BXE","20150921","9.9","10.05","9.1","9.1","180298"
"BXE","20150922","8.95","9.4","8.85","9","125014"
"BXE","20150923","9.1","9.25","8.1","8.1","157508"
"BXE","20150924","8.15","8.65","7.9","8.5","187701"
"BXE","20150925","8.5","8.75","7.95","8","155374"
"BXE","20150928","7.75","7.95","7.45","7.45","94289"
"BXE","20150929","7.6","7.925","7.45","7.75","217289"
"BXE","20150930","7.75","7.85","7.3","7.6","150880"
"BXE","20151001","7.95","8.24","7.45","7.55","139339"
"BXE","20151002","7.95","7.95","7.95","7.95","208418"
"BXE","20151005","8","8.8","7.9","8.8","316819"
"BXE","20151006","8.8","9.5","8.7","9.5","324451"
"BXE","20151007","9.65","10.3","9.455","9.7","199192"
"BXE","20151008","9.85","10.65","9.55","10.65","243295"
"BXE","20151009","10.85","11.25","10.4","10.95","227846"
"BXE","20151012","11.2","11.2","10.1","10.25","176496"
"BXE","20151013","9.8","10.55","9.65","9.9","128555"
"BXE","20151014","10.05","10.475","9.8","10.45","144777"
"BXE","20151015","10.25","10.45","9.8","10.45","164446"
"BXE","20151016","10.65","10.65","9.875","10","112071"
"BXE","20151019","9.65","9.8","8.95","8.95","113104"
"BXE","20151020","9","9.55","8.925","9.3","65909"
"BXE","20151021","9.2","9.35","8.6","8.7","113067"
"BXE","20151022","8.8","8.9495","8.45","8.45","56380"
"BXE","20151023","8.45","8.8","8.3","8.4","48552"
"BXE","20151026","8.4","8.475","7.8","8.05","210712"
"BXE","20151027","7.9","7.9","7.6","7.75","256724"
"BXE","20151028","7.9","8.525","7.85","8.3","133505"
"BXE","20151029","8.4","8.75","7.9","8","117527"
"BXE","20151030","7.95","8.3","7.65","8.2","174651"
"BXE","20151102","8.1","8.5625","8.1","8.3","120656"
"BXE","20151103","8.45","9","8.35","9","202489"
"BXE","20151104","8.95","9.15","8.5","8.8","117800"
"BXE","20151105","8.8","9.35","8.8","9.05","269012"
"BXE","20151106","8.85","9.25","8.8","8.85","96411"
"BXE","20151109","9","9.15","8.55","8.65","99768"
"BXE","20151110","8.65","8.875","8.55","8.7","90467"
"BXE","20151111","8.8","8.8","8.175","8.25","410812"
"BXE","20151112","8.45","8.6","8.05","8.45","171723"
"BXE","20151113","8.4","9","8.35","8.95","220747"
"BXE","20151116","8.75","9.25","8.55","9.25","166326"
"BXE","20151117","9.15","9.2","8.75","8.9","124940"
"BXE","20151118","9.05","9.275","8.6","8.95","100766"
"BXE","20151119","8.75","9.05","8.45","8.45","216453"
"BXE","20151120","8.5","8.5","7.95","7.95","255171"
"BXE","20151123","8.35","8.55","8","8.05","149256"
"BXE","20151124","8.25","8.7","8.25","8.7","190701"
"BXE","20151125","8.45","9","8.325","8.85","111962"
"BXE","20151127","8.45","8.6","7.95","7.95","95043"
"BXE","20151130","8.15","8.35","8","8.05","115523"
"BXE","20151201","8.05","8.25","7.85","7.95","166384"
"BXE","20151202","7.8","8","7.7","7.7","300251"
"BXE","20151203","7.9","8.3","7.65","7.9","243530"
"BXE","20151204","7.8","7.95","7.5","7.5","173389"
"BXE","20151207","7.5","7.55","6.3","6.3","465981"
"BXE","20151208","6.35","6.5","5.95","6.15","305342"
"BXE","20151209","6.25","6.55","5.95","6.1","136680"
"BXE","20151210","6.1","6.35","6","6.25","174365"
"BXE","20151211","6.1","6.15","5.55","5.65","179704"
"BXE","20151214","5.75","5.75","5.075","5.15","252245"
"BXE","20151215","5.15","5.4","4.901","5.05","407449"
"BXE","20151216","4.965","5.15","4.711","4.7975","283999"
"BXE","20151217","4.925","5.078","4.75","4.75","158765"
"BXE","20151218","4.9","5.25","4.85","4.935","243061"
"BXE","20151221","4.85","5.1","4.803","5.05","184943"
"BXE","20151222","5","5.35","5","5.05","233869"
"BXE","20151223","5.3","6.5","5.15","6.4","490300"
"BXE","20151224","6.45","6.45","5.75","5.85","143526"
"BXE","20151228","5.75","5.9","5.6","5.7","144573"
"BXE","20151229","5.85","6","5.45","5.85","290672"
"BXE","20151230","5.65","5.775","5.3","5.3","279632"
"BXE","20151231","5.35","6.05","5.3","6.05","343805"
"BXE","20160104","6","6.25","5.65","5.95","162535"
"BXE","20160105","5.9","5.9","5.505","5.6","113405"
"BXE","20160106","5.5","5.75","5.3","5.3","263926"
"BXE","20160107","5.3","5.45","5","5.1","397431"
"BXE","20160108","5.1","5.55","4.945","5.5","248342"
"BXE","20160111","5.35","5.35","4.5605","4.5605","227504"
"BXE","20160112","4.6295","4.76","4.55","4.6","160490"
"BXE","20160113","4.755","4.9545","4.6","4.6","299330"
"BXE","20160114","4.68","5.45","4.5","5.2","417754"
"BXE","20160115","4.568","4.73","4.397","4.397","234525"
"BXE","20160119","4.495","4.689","4.0145","4.0145","351001"
"BXE","20160120","3.9625","4.9","3.75","4.8135","388116"
"BXE","20160121","4.575","5.3","4.456","5.3","321055"
"BXE","20160122","5.35","5.65","5.1","5.45","378570"
"BXE","20160125","5.2","5.65","4","4","560839"
"BXE","20160126","4.345","6.25","4.345","6","650565"
"BXE","20160127","5.7","6.15","5.4","5.7","228765"
"BXE","20160128","6.1","6.3","5.7","6.25","194450"
"BXE","20160129","6.2","6.55","5.8","6.25","257238"
"BXE","20160201","5.95","6.2","5.6","5.75","149102"
"BXE","20160202","5.45","5.6","4.95","4.95","283651"
"BXE","20160203","5.3","5.8","4.255","5.7","455371"
"BXE","20160204","5.55","6.25","5.4505","5.65","183450"
"BXE","20160205","5.45","5.8","5.1495","5.4","119518"
"BXE","20160208","5.2","5.3","5","5.05","119739"
"BXE","20160209","5.05","5.2","4.735","4.925","167417"
"BXE","20160210","4.95","5.2","4.75","4.7725","133971"
"BXE","20160211","4.75","5.1","4.625","4.937","256044"
"BXE","20160212","5.2","5.35","5","5.1","224452"
"BXE","20160216","5.3","5.3","5.05","5.2","216303"
"BXE","20160217","5.15","6.3","5.12","5.85","416003"
"BXE","20160218","6.15","6.2","4.85","5.1","453348"
"BXE","20160219","5","5.65","4.9","5.5","197274"
"BXE","20160222","5.7","5.8","5.45","5.55","386484"
"BXE","20160223","5.6","5.6","4.955","5.25","386838"
"BXE","20160224","4.995","5.7","4.925","5.65","356814"
"BXE","20160225","5.65","5.7","5.3","5.35","124492"
"BXE","20160226","5.55","5.8","5.55","5.8","149970"
"BXE","20160229","5.8","6","5.7","5.7","95498"
"BXE","20160301","5.75","6.35","5.7","6.2","213314"
"BXE","20160302","6","7.05","6","6.95","399489"
"BXE","20160303","6.95","7.4","6.75","7.05","444725"
"BXE","20160304","7.2","7.4","6.55","6.8","562609"
"BXE","20160307","6.9","7.1","6.75","7.1","313583"
"BXE","20160308","6.9","6.9","6","6","283959"
"BXE","20160309","6.55","6.55","6","6.25","407065"
"BXE","20160310","6.05","6.25","5.85","6.1","190501"
"BXE","20160311","6.35","6.55","6","6.15","212144"
"BXE","20160314","5.95","6","5.6","5.6","215606"
"BXE","20160315","5.6","5.6","5","5.1","402929"
"BXE","20160316","5.45","5.8","5.25","5.8","611962"
"BXE","20160317","5.85","6.2","5.5","5.65","311432"
"BXE","20160318","5.7","5.85","4.9505","5","1401086"
"BXE","20160321","5.15","5.3","5","5.1","403854"
"BXE","20160322","5.05","5.15","5.05","5.1","202783"
"BXE","20160323","5.05","5.1","4.8005","4.95","329898"
"BXE","20160324","4.805","4.96","4.755","4.8375","129534"
"BXE","20160328","5","5","4.6595","4.742","89482"
"BXE","20160329","4.615","5","4.5","4.9","208847"
"BXE","20160330","5.05","5.2","5","5.05","177714"
"BXE","20160331","5.1","5.2","5","5.05","96738"
"BXE","20160401","5.05","5.05","4.81","4.9505","138390"
"BXE","20160404","4.9","4.9775","4.6705","4.6735","156130"
"BXE","20160405","4.7","4.77","4.635","4.695","77696"
"BXE","20160406","4.93","5.15","4.755","4.9625","134659"
"BXE","20160407","4.945","5.1","4.777","4.8935","65293"
"BXE","20160408","5.1","5.25","4.95","4.9665","86852"
"BXE","20160411","4.9705","5.2","4.93","5","150590"
"BXE","20160412","5","5.25","5","5.1","249324"
"BXE","20160413","5.15","5.15","4.95","5","154509"
"BXE","20160414","5.05","5.15","4.7675","4.909","184752"
"BXE","20160415","4.845","4.9175","4.625","4.827","99286"
"BXE","20160418","4.55","5.05","4.51","4.8965","135389"
"BXE","20160419","5","5.175","5","5.05","165938"
"BXE","20160420","5.1","5.45","5","5.35","145435"
"BXE","20160421","5.45","5.6","5.3005","5.55","131465"
"BXE","20160422","5.55","5.95","5.55","5.9","208931"
"BXE","20160425","5.9","5.9","5.55","5.55","151041"
"BXE","20160426","5.65","5.75","5.45","5.5","88998"
"BXE","20160427","5.7","5.9","5.55","5.8","140336"
"BXE","20160428","5.85","5.85","5.6","5.6","114741"
"BXE","20160429","5.7","5.85","5.5","5.6","118417"
"BXE","20160502","5.55","5.6455","5.3","5.5","82253"
"BXE","20160503","5.4","5.4","4.91","5.05","220322"
"BXE","20160504","5","5.15","4.7605","4.8","121347"
"BXE","20160505","5","5.125","4.8125","5","104766"
"BXE","20160506","4.949","5.15","4.8755","4.995","63409"
"BXE","20160509","4.95","4.95","4.75","4.906","110831"
"BXE","20160510","4.95","5","4.85","4.95","63954"
"BXE","20160511","5.05","5.2","4.8025","5.05","92574"
"BXE","20160512","5.2","5.3","4.8845","5","87097"
"BXE","20160513","5.2","5.2","4.96","5","92594"
"BXE","20160516","5.05","5.25","5.05","5.25","68516"
"BXE","20160517","5.25","5.5","5.235","5.5","120014"
"BXE","20160518","5.45","5.45","5","5.1","175037"
"BXE","20160519","5","5.05","4.81","4.9995","110494"
"BXE","20160520","5","5.15","4.935","5.0995","48754"
"BXE","20160523","4.95","5.35","4.95","5.3","79522"
"BXE","20160524","5.2","5.2","4.9","4.96","117574"
"BXE","20160525","5.05","5.1995","5","5.1","92000"
"BXE","20160526","5.3","5.3","5","5.15","94015"
"BXE","20160527","5.05","5.15","4.95","5.1","53061"
"BXE","20160531","4.9875","4.9875","4.66","4.807","171096"
"BXE","20160601","4.8","4.8","4.51","4.6575","311512"
"BXE","20160602","4.7","4.95","4.6","4.8755","161955"
"BXE","20160603","5","5.05","4.925","4.993","54990"
"BXE","20160606","5.15","5.35","5.075","5.3","320680"
"BXE","20160607","5.4","5.65","5.25","5.6","146009"
"BXE","20160608","5.65","6","5.55","5.9","168308"
"BXE","20160609","5.8","6.35","5.713","6.1","362024"
"BXE","20160610","5.95","5.95","5.7","5.825","114049"
"BXE","20160613","5.65","6.35","5.65","6","170138"
"BXE","20160614","6.05","6.35","5.95","6.35","143736"
"BXE","20160615","6.35","6.5","6","6.25","502436"
"BXE","20160616","6.25","6.25","5.4","5.8","192164"
"BXE","20160617","5.95","6.05","5.9","5.95","91507"
"BXE","20160620","6.05","6.25","6","6.05","89706"
"BXE","20160621","6","6.1","5.9","6.05","80303"
"BXE","20160622","6.25","6.25","5.7","5.75","109414"
"BXE","20160623","5.8","5.85","5.75","5.8","43573"
"BXE","20160624","5.35","5.65","5.3","5.375","88891"
"BXE","20160627","5.35","5.35","4.95","5","203565"
"BXE","20160628","5.15","5.2","4.65","4.9015","308118"
"BXE","20160629","4.95","5.05","4.9","4.92","226935"
"BXE","20160630","4.95","4.9695","4.7605","4.948","98743"
"BXE","20160701","4.85","5.25","4.85","5.15","115683"
"BXE","20160705","5.15","5.2","4.95","4.975","121371"
"BXE","20160706","4.95","5.1","4.818","5.1","65041"
"BXE","20160707","5.15","5.2","4.9055","4.9745","115842"
"BXE","20160708","5.35","5.35","5","5.2505","308222"
"BXE","20160711","5.35","5.45","5.2","5.25","80791"
"BXE","20160712","5.45","5.45","5.2","5.35","141596"
"BXE","20160713","5.25","5.35","5.15","5.2","69848"
"BXE","20160714","5.3","5.425","5.25","5.35","78066"
"BXE","20160715","5.4","5.45","5.3","5.4","53597"
"BXE","20160718","5.4","5.55","5.1","5.3","128919"
"BXE","20160719","5.35","5.35","5.1","5.1","94257"
"BXE","20160720","4.65","4.765","4.455","4.6","692525"
"BXE","20160721","4.65","4.6935","4.575","4.6","121424"
"BXE","20160722","4.6","4.6","4.45","4.5435","119969"
"BXE","20160725","4.468","4.515","4.386","4.3895","138461"
"BXE","20160726","4.35","4.4095","4.26","4.4","125329"
"BXE","20160727","4.4005","4.502","4.2605","4.3","97823"
"BXE","20160728","4.35","4.35","4.1925","4.23","78583"
"BXE","20160729","4.193","4.3305","4.193","4.2905","192415"
"BXE","20160801","4.2","4.291","4.15","4.173","71092"
"BXE","20160802","4.1625","4.28","4","4.025","101794"
"BXE","20160803","4","4.175","3.95","4.1005","102830"
"BXE","20160804","4.16","4.4335","4.155","4.3495","97829"
"BXE","20160805","4.4","4.4","4.213","4.345","393851"
"BXE","20160808","4.3","4.461","4.25","4.4325","63588"
"BXE","20160809","4.5","4.5","4.25","4.3","67990"
"BXE","20160810","4.1","4.265","3.97","4.005","169596"
"BXE","20160811","4.05","4.1005","3.799","3.835","348165"
"BXE","20160812","3.95","3.95","3.7635","3.772","130416"
"BXE","20160815","3.771","4.0685","3.751","4.0265","148428"
"BXE","20160816","4.095","4.095","3.907","3.969","74818"
"BXE","20160817","4","4","3.95","3.954","66420"
"BXE","20160818","4.0635","4.1645","3.9645","4.0635","69625"
"BXE","20160819","4.05","4.09","3.977","4.005","36346"
"BXE","20160822","3.95","3.9625","3.75","3.843","98120"
"BXE","20160823","3.758","3.985","3.758","3.939","41629"
"BXE","20160824","3.9","3.943","3.8","3.8185","67642"
"BXE","20160825","3.85","3.88","3.75","3.7875","26743"
"BXE","20160826","3.75","3.862","3.75","3.8495","21614"
"BXE","20160829","3.85","4.24","3.7895","4.117","160299"
"BXE","20160830","4.1","4.185","3.95","3.996","64681"
"BXE","20160831","4","4.095","3.825","4.015","70464"
"BXE","20160901","3.95","3.9695","3.7655","3.775","192083"
"BXE","20160902","3.9","3.94","3.8155","3.8645","199284"
"BXE","20160906","3.885","4.215","3.8825","4.2","112595"
"BXE","20160907","4.2","4.3395","4.085","4.155","160498"
"BXE","20160908","4.1505","4.38","4.1505","4.3055","115356"
"BXE","20160909","4.38","4.4","4.2105","4.32","60046"
"BXE","20160912","4.245","4.4505","4.155","4.43","45192"
"BXE","20160913","4.365","4.445","4.1695","4.24","236152"
"BXE","20160914","4.2","4.4","4.15","4.2045","79663"
"BXE","20160915","4.17","4.334","4.17","4.28","18696"
"BXE","20160916","4.17","4.22","4","4.1","63533"
"BXE","20160919","4","4.28","4","4.1675","53699"
"BXE","20160920","4.25","4.675","4.25","4.55","205602"
"BXE","20160921","4.6","4.7755","4.488","4.6805","118519"
"BXE","20160922","4.75","4.9","4.75","4.7795","66741"
"BXE","20160923","4.815","4.8505","4.735","4.7495","120818"
"BXE","20160926","4.7375","4.8175","4.4","4.478","85082"
"BXE","20160927","4.45","4.45","4.25","4.26","53175"
"BXE","20160928","4.29","4.6245","4.29","4.5985","86408"
"BXE","20160929","4.655","4.655","4.4","4.45","89195"
"BXE","20160930","4.4505","4.5","4.22","4.273","30710"
"BXE","20161003","4.25","4.3945","4.229","4.276","70328"
"BXE","20161004","4.35","4.35","3.955","4.05","217965"
"BXE","20161005","4.1","4.287","4.085","4.287","97978"
"BXE","20161006","4.284","4.3295","4.18","4.325","139074"
"BXE","20161007","4.25","4.415","4.25","4.339","71524"
"BXE","20161010","4.6","4.6","4.414","4.4275","31273"
"BXE","20161011","4.55","4.55","4.3","4.3005","41496"
"BXE","20161012","4.271","4.55","4.2025","4.54","69735"
"BXE","20161013","4.55","4.6465","4.4215","4.6","94340"
"BXE","20161014","4.6005","4.7705","4.6005","4.6955","125895"
"BXE","20161017","4.8","4.8","4.5","4.52","42828"
"BXE","20161018","4.6465","4.65","4.525","4.55","31840"
"BXE","20161019","4.6","4.8","4.5605","4.75","97152"
"BXE","20161020","4.75","4.75","4.64","4.6645","39291"
"BXE","20161021","4.65","4.8","4.6","4.7635","39253"
"BXE","20161024","4.787","4.787","4.605","4.646","49810"
"BXE","20161025","4.6","4.675","4.545","4.6135","56480"
"BXE","20161026","4.597","4.6945","4.5375","4.5375","19279"
"BXE","20161027","4.644","4.688","4.513","4.6395","35197"
"BXE","20161028","4.615","4.6605","4.515","4.65","73933"
"BXE","20161031","4.64","4.64","4.4","4.542","74016"
"BXE","20161101","4.6005","4.6005","4.401","4.5015","211550"
"BXE","20161102","4.45","4.4715","4.1635","4.27","85531"
"BXE","20161103","4.2005","4.27","4.106","4.1455","30754"
"BXE","20161104","4.1","4.1","3.8995","3.929","70435"
"BXE","20161107","4","4.15","3.871","4.0865","93760"
"BXE","20161108","4.1","4.104","3.96","4.005","48329"
"BXE","20161109","4.008","4.1815","3.9","4.114","47172"
"BXE","20161110","4.15","4.15","3.8535","3.8535","63942"
"BXE","20161111","3.94","3.95","3.775","3.85","102805"
"BXE","20161114","3.825","3.8995","3.75","3.765","152772"
"BXE","20161115","3.875","4.01","3.7835","3.8815","144788"
"BXE","20161116","3.813","3.9345","3.805","3.9","44032"
"BXE","20161117","3.95","4","3.85","3.872","48803"
"BXE","20161118","3.905","3.91","3.805","3.85","38334"
"BXE","20161121","3.9","4.09","3.9","4.0005","106962"
"BXE","20161122","4","4.08","3.9","3.908","47452"
"BXE","20161123","3.91","3.955","3.8115","3.94","53211"
"BXE","20161125","4.03","4.03","3.85","3.8965","54051"
"BXE","20161128","3.85","3.97","3.8205","3.8205","51727"
"BXE","20161129","3.825","3.825","3.6","3.68","153659"
"BXE","20161130","3.82","4.05","3.82","3.984","236192"
"BXE","20161201","4.015","4.4","4.001","4.1995","185482"
"BXE","20161202","4.2","4.3","4.0505","4.125","72020"
"BXE","20161205","4.39","4.585","4.321","4.4695","189308"
"BXE","20161206","4.385","4.5","4.285","4.443","91592"
"BXE","20161207","4.404","4.6","4.375","4.513","150556"
"BXE","20161208","4.55","4.8","4.4465","4.685","356933"
"BXE","20161209","4.75","5.1","4.735","4.9745","311035"
"BXE","20161212","5.2","5.35","5.01","5.125","345335"
"BXE","20161213","5.15","5.25","4.95","5","98817"
"BXE","20161214","5","5","4.625","4.655","141429"
"BXE","20161215","4.75","4.79","4.425","4.78","119596"
"BXE","20161216","4.805","4.82","4.6715","4.745","150582"
"BXE","20161219","4.65","4.84","4.6","4.6","114282"
"BXE","20161220","4.602","4.725","4.5","4.5345","81657"
"BXE","20161221","4.65","4.8015","4.534","4.5485","54113"
"BXE","20161222","4.5","4.645","4.5","4.5075","36337"
"BXE","20161223","4.55","4.61","4.5","4.5005","52057"
"BXE","20161227","4.5","4.65","4.4705","4.65","44586"
"BXE","20161228","4.55","4.745","4.5","4.7195","70101"
"BXE","20161229","4.75","4.75","4.63","4.7265","77147"
"BXE","20161230","4.65","4.75","4.65","4.72","144620"
"BXE","20170103","4.8","4.9155","4.67","4.8","123968"
"BXE","20170104","4.75","4.895","4.75","4.863","37376"
"BXE","20170105","4.85","5.15","4.85","4.854","126831"
"BXE","20170106","5","5","4.77","4.8275","50783"
"BXE","20170109","4.795","4.795","4.631","4.6505","51928"
"BXE","20170110","4.7","4.7","4.455","4.5455","134783"
"BXE","20170111","4.603","4.7155","4.5","4.616","63277"
"BXE","20170112","4.75","4.8935","4.6","4.85","152787"
"BXE","20170113","4.95","4.95","4.656","4.6755","91480"
"BXE","20170117","4.8495","4.8495","4.575","4.6055","46503"
"BXE","20170118","4.605","4.605","4.285","4.337","199263"
"BXE","20170119","4.386","4.5","4.308","4.395","75479"
"BXE","20170120","4.35","4.5555","4.35","4.5355","71055"
"BXE","20170123","4.5995","4.5995","4.3485","4.3745","58167"
"BXE","20170124","4.3","4.55","4.3","4.503","83934"
"BXE","20170125","4.6","4.6005","4.445","4.489","102824"
"BXE","20170126","4.625","4.625","4.425","4.5125","124074"
"BXE","20170127","4.62","4.62","4.375","4.4995","118574"
"BXE","20170130","4.5","4.5","4.2","4.21","226100"
"BXE","20170131","4.105","4.204","4.078","4.1375","109749"
"BXE","20170201","4.3","4.3","3.925","3.95","189010"
"BXE","20170202","4","4.05","3.85","3.9865","103346"
"BXE","20170203","4","4.05","3.91","3.935","146755"
"BXE","20170206","3.95","4","3.785","3.8005","204849"
"BXE","20170207","3.95","3.95","3.7","3.893","113541"
"BXE","20170208","3.855","4","3.775","3.95","73623"
"BXE","20170209","3.95","4.14","3.95","4","45022"
"BXE","20170210","4.05","4.135","3.965","3.98","45774"
"BXE","20170213","4","4","3.85","3.9005","73869"
"BXE","20170214","4","4","3.89","3.977","44477"
"BXE","20170215","4","4.1365","3.9755","4.1","126868"
"BXE","20170216","4.1045","4.24","4.052","4.08","111361"
"BXE","20170217","4.1","4.1495","4.0135","4.055","36013"
"BXE","20170221","4.065","4.1905","4.055","4.188","104711"
"BXE","20170222","4.1","4.181","4.005","4.0545","96516"
"BXE","20170223","4.02","4.145","3.9105","3.95","53267"
"BXE","20170224","3.9455","3.9995","3.92","3.923","47846"
"BXE","20170227","3.95","3.9985","3.8","3.81","106570"
"BXE","20170228","3.765","3.885","3.745","3.7915","101223"
"BXE","20170301","3.885","3.885","3.7505","3.815","60583"
"BXE","20170302","3.758","3.8365","3.75","3.7595","43184"
"BXE","20170303","3.75","4.0365","3.75","3.9985","109438"
"BXE","20170306","4.1","4.1","3.855","3.925","63170"
"BXE","20170307","3.93","4.25","3.876","3.9935","99032"
"BXE","20170308","4.07","4.07","3.8","3.8","122422"
"BXE","20170309","3.75","3.844","3.75","3.84","92974"
"BXE","20170310","3.9","3.925","3.73","3.85","113475"
"BXE","20170313","3.9","3.965","3.85","3.9","52872"
"BXE","20170314","3.9","3.915","3.7625","3.8325","59863"
"BXE","20170315","3.93","4.07","3.85","3.981","186153"
"BXE","20170316","4","4.025","3.845","3.88","47714"
"BXE","20170317","3.85","3.88","3.8","3.8575","63269"
"BXE","20170320","3.8335","3.8335","3.7505","3.775","49145"
"BXE","20170321","3.78","3.849","3.7005","3.735","66945"
"BXE","20170322","3.8","3.8","3.65","3.6845","101087"
"BXE","20170323","3.8","3.8","3.625","3.7","39230"
"BXE","20170324","3.75","3.7935","3.69","3.723","68621"
"BXE","20170327","3.825","3.835","3.7","3.803","83828"
"BXE","20170328","3.85","3.88","3.772","3.8625","183206"
"BXE","20170329","3.89","3.95","3.8325","3.945","182144"
"BXE","20170330","4","4.04","3.9","3.941","349355"
"BXE","20170331","4","4.001","3.925","3.97","57440"
"BXE","20170403","3.95","3.971","3.85","3.85","95286"
"BXE","20170404","3.95","3.95","3.785","3.8365","68021"
"BXE","20170405","3.925","3.992","3.875","3.916","75351"
"BXE","20170406","4.05","4.05","3.877","3.9085","63885"
"BXE","20170407","3.9445","3.945","3.865","3.8765","50250"
"BXE","20170410","3.96","4.05","3.8805","4.025","67842"
"BXE","20170411","3.99","4.199","3.968","4.156","88770"
"BXE","20170412","4.2","4.2","4.0855","4.1485","59978"
"BXE","20170413","4.2","4.25","4.1495","4.15","86662"
"BXE","20170417","4.15","4.15","3.95","4.1","122497"
"BXE","20170418","3.95","4.17","3.95","4.0325","107786"
"BXE","20170419","4.1","4.1","3.835","3.893","32015"
"BXE","20170420","3.893","3.9","3.7885","3.7885","33562"
"BXE","20170421","3.925","3.925","3.75","3.77","88804"
"BXE","20170424","3.75","3.7715","3.725","3.728","24717"
"BXE","20170425","3.725","3.752","3.7","3.7","44712"
"BXE","20170426","3.725","3.8335","3.7125","3.7485","44370"
"BXE","20170427","3.74","3.7515","3.65","3.68","42739"
"BXE","20170428","3.65","3.8165","3.65","3.729","54198"
"BXE","20170501","3.725","3.7845","3.675","3.7005","35879"
"BXE","20170502","3.65","3.7255","3.65","3.65","41536"
"BXE","20170503","3.65","3.7645","3.615","3.675","41838"
"BXE","20170504","3.7","3.7","3.5","3.5","103871"
"BXE","20170505","3.55","3.6","3.5","3.5885","112571"
"BXE","20170508","3.65","3.65","3.525","3.613","74964"
"BXE","20170509","3.655","3.655","3.525","3.5345","36643"
"BXE","20170510","3.5","3.78","3.5","3.6965","98592"
"BXE","20170511","3.7145","3.735","3.6505","3.7","40953"
"BXE","20170512","3.775","3.8","3.67","3.694","23942"
"BXE","20170515","3.703","3.836","3.7","3.79","89426"
"BXE","20170516","3.88","3.88","3.7505","3.7715","50746"
"BXE","20170517","3.65","3.795","3.617","3.64","46732"
"BXE","20170518","3.65","3.65","3.513","3.61","91489"
"BXE","20170519","3.61","3.6655","3.556","3.6285","49931"
"BXE","20170522","3.545","3.676","3.545","3.6415","11015"
"BXE","20170523","3.6","3.76","3.6","3.71","292404"
"BXE","20170524","3.71","3.77","3.66","3.7395","112419"
"BXE","20170525","3.65","3.7","3.4825","3.515","104502"
"BXE","20170526","3.5215","3.568","3.47","3.4925","80665"
"BXE","20170530","3.5","3.5","3.22","3.341","149128"
"BXE","20170531","3.2255","3.3145","3.095","3.138","155047"
"BXE","20170601","3.175","3.308","3.126","3.282","205607"
"BXE","20170602","3.3","3.3","3.1315","3.1505","43602"
"BXE","20170605","3.2","3.2","3.135","3.1995","28998"
"BXE","20170606","3.1","3.249","3.1","3.2025","68571"
"BXE","20170607","3.201","3.212","3.0625","3.1025","73187"
"BXE","20170608","3.05","3.1","3","3.07","57162"
"BXE","20170609","3.005","3.055","3.005","3.0365","83945"
"BXE","20170612","3.01","3.15","3.01","3.065","45330"
"BXE","20170613","3.1","3.2","3.05","3.2","93537"
"BXE","20170614","3.109","3.322","3.109","3.1705","77923"
"BXE","20170615","3.15","3.2145","2.965","3.0495","159871"
"BXE","20170616","3.055","3.124","3.053","3.101","36562"
"BXE","20170619","3.1","3.1545","3.059","3.0635","50220"
"BXE","20170620","3","3.1","2.8675","2.9015","156645"
"BXE","20170621","2.975","2.975","2.75","2.7915","99330"
"BXE","20170622","2.8","2.8305","2.73","2.75","150936"
"BXE","20170623","2.75","2.807","2.717","2.764","63034"
"BXE","20170626","2.75","2.96","2.75","2.85","43178"
"BXE","20170627","2.93","2.9685","2.7375","2.8175","156502"
"BXE","20170628","2.915","2.965","2.76","2.8845","126468"
"BXE","20170629","2.85","2.93","2.75","2.7605","35893"
"BXE","20170630","2.8245","2.905","2.776","2.8985","27314"
"BXE","20170703","2.9","3","2.847","2.979","26833"
"BXE","20170705","2.95","3.05","2.7","2.736","124126"
"BXE","20170706","2.61","2.83","2.57","2.59","148342"
"BXE","20170707","2.6","2.656","2.39","2.44","203726"
"BXE","20170710","2.39","2.46","2.36","2.39","141037"
"BXE","20170711","2.35","2.405","2.24","2.24","299046"
"BXE","20170712","2.24","2.34","2.24","2.27","246710"
"BXE","20170713","2.31","2.34","2.2815","2.31","208495"
"BXE","20170714","2.34","2.43","2.32","2.41","73403"
"BXE","20170717","2.43","2.47","2.35","2.41","273976"
"BXE","20170718","2.39","2.44","2.38","2.39","45167"
"BXE","20170719","2.38","2.5","2.35","2.48","64876"
"BXE","20170720","2.44","2.51","2.43","2.46","49727"
"BXE","20170721","2.45","2.48","2.43","2.44","11859"
"BXE","20170724","2.48","2.48","2.37","2.4","60155"
"BXE","20170725","2.41","2.45","2.41","2.45","62170"
"BXE","20170726","2.46","2.48","2.43","2.45","47211"
"BXE","20170727","2.48","2.5","2.46","2.47","29015"
"BXE","20170728","2.47","2.56","2.47","2.55","46883"
"BXE","20170731","2.56","2.56","2.44","2.49","96463"
"BXE","20170801","2.47","2.5","2.44","2.48","138004"
"BXE","20170802","2.44","2.5014","2.4137","2.49","47495"
"BXE","20170803","2.48","2.499","2.39","2.39","163693"
"BXE","20170804","2.41","2.6611","2.38","2.59","124180"
"BXE","20170807","2.57","2.6797","2.52","2.58","42547"
"BXE","20170808","2.57","2.605","2.49","2.55","88632"
"BXE","20170809","2.47","2.47","2.4","2.47","93052"
"BXE","20170810","2.51","2.64","2.42","2.46","209228"
"BXE","20170811","2.5","2.53","2.39","2.4","133404"
"BXE","20170814","2.42","2.43","2.39","2.4","185072"
"BXE","20170815","2.37","2.47","2.37","2.43","76706"
"BXE","20170816","2.43","2.43","2.39","2.4","96736"
"BXE","20170817","2.4","2.44","2.34","2.38","101882"
"BXE","20170818","2.36","2.4","2.35","2.35","10015"
"BXE","20170821","2.35","2.3698","2.3","2.31","35330"
"BXE","20170822","2.34","2.34","2.26","2.27","22431"
"BXE","20170823","2.26","2.309","2.23","2.3","17947"
"BXE","20170824","2.28","2.33","2.2667","2.28","41341"
"BXE","20170825","2.3","2.36","2.2916","2.35","27196"
"BXE","20170828","2.3135","2.3135","2.29","2.29","8285"
"BXE","20170829","2.26","2.3012","2.26","2.28","19250"
"BXE","20170830","2.2724","2.3114","2.27","2.31","31707"
"BXE","20170831","2.3","2.47","2.3","2.46","74407"
"BXE","20170901","2.47","2.47","2.41","2.45","24601"
"BXE","20170905","2.44","2.49","2.42","2.44","22039"
"BXE","20170906","2.43","2.47","2.43","2.45","15745"
"BXE","20170907","2.46","2.52","2.46","2.5","24721"
"BXE","20170908","2.5","2.5","2.4128","2.47","73392"
"BXE","20170911","2.47","2.56","2.45","2.45","51901"
"BXE","20170912","2.5","2.58","2.46","2.53","39763"
"BXE","20170913","2.57","2.65","2.5","2.63","46548"
"BXE","20170914","2.66","2.79","2.65","2.79","121695"
"BXE","20170915","2.79","2.84","2.75","2.83","36406"
"BXE","20170918","2.84","2.86","2.7465","2.79","42164"
"BXE","20170919","2.78","2.86","2.78","2.81","34928"
"BXE","20170920","2.7835","3.08","2.7835","3.01","78192"
"BXE","20170921","3.07","3.1","3","3.04","54626"
"BXE","20170922","3.06","3.07","2.92","2.95","33497"
"BXE","20170925","2.95","3.01","2.92","2.96","58575"
"BXE","20170926","2.9","3","2.9","3","19884"
"BXE","20170927","3.05","3.05","2.94","2.95","24261"
"BXE","20170928","3","3.07","2.95","3.01","37143"
"BXE","20170929","2.97","3","2.84","2.84","63289"
"BXE","20171002","2.78","2.8","2.7","2.71","28988"
"BXE","20171003","2.7","2.7607","2.7","2.71","28678"
"BXE","20171004","2.7","2.74","2.66","2.72","18442"
"BXE","20171005","2.75","2.75","2.71","2.74","7001"
"BXE","20171006","2.7","2.8","2.61","2.66","41844"
"BXE","20171009","2.66","2.79","2.66","2.73","23502"
"BXE","20171010","2.69","2.71","2.65","2.65","16691"
"BXE","20171011","2.68","2.68","2.58","2.63","31998"
"BXE","20171012","2.56","2.66","2.55","2.6","33385"
"BXE","20171013","2.62","2.71","2.55","2.5789","70311"
