"CRH","20150120","23.92","23.93","23.66","23.85","345859"
"CRH","20150121","24.05","24.22","24","24.16","204705"
"CRH","20150122","24.43","24.91","24.39","24.76","277578"
"CRH","20150123","25.47","25.54","25.01","25.04","561856"
"CRH","20150126","24.89","25.18","24.76","25.06","549673"
"CRH","20150127","24.79","24.82","24.22","24.6","640403"
"CRH","20150128","24.72","24.72","24.22","24.27","243173"
"CRH","20150129","24.5","24.62","24.26","24.59","234607"
"CRH","20150130","24.26","24.365","24.07","24.14","230513"
"CRH","20150202","25.19","25.89","25.015","25.8","834786"
"CRH","20150203","26.4","26.61","26.29","26.57","380416"
"CRH","20150204","26.72","27.11","26.62","26.75","492079"
"CRH","20150205","26.83","26.921","26.64","26.72","504926"
"CRH","20150206","26.29","26.48","26.15","26.29","878349"
"CRH","20150209","26.5","26.78","26.49","26.6","303365"
"CRH","20150210","27.08","27.21","26.95","27.13","267501"
"CRH","20150211","27.08","27.251","26.88","27.18","288349"
"CRH","20150212","27.89","28.15","27.8","28.11","335770"
"CRH","20150213","28.25","28.33","27.94","28.02","407639"
"CRH","20150217","27.79","28.01","27.64","28.01","277169"
"CRH","20150218","28.62","28.66","28.36","28.47","248428"
"CRH","20150219","28.29","28.37","28.14","28.2","169127"
"CRH","20150220","28.08","28.53","28","28.46","221407"
"CRH","20150223","28.21","28.32","28.16","28.31","191817"
"CRH","20150224","28.15","28.39","28.035","28.36","225638"
"CRH","20150225","28.33","28.45","28.22","28.34","149252"
"CRH","20150226","28.31","28.33","28.05","28.17","156922"
"CRH","20150227","28.08","28.4945","28.06","28.31","323700"
"CRH","20150302","28.22","28.25","27.88","28.19","341845"
"CRH","20150303","27.65","27.71","27.32","27.5","451572"
"CRH","20150304","27.26","27.48","27.07","27.47","331422"
"CRH","20150305","27.31","27.63","27.26","27.6","403225"
"CRH","20150306","27.27","27.28","26.91","27.025","314675"
"CRH","20150309","26.57","26.59","26.12","26.22","402785"
"CRH","20150310","26.09","26.15","25.72","25.77","400718"
"CRH","20150311","25.97","26.16","25.86","26.13","232588"
"CRH","20150312","26.83","27.0799","26.83","27.05","228156"
"CRH","20150313","26.69","26.91","26.53","26.91","200604"
"CRH","20150316","26.01","26.05","25.75","25.82","372518"
"CRH","20150317","24.97","25.28","24.858","25.21","881626"
"CRH","20150318","26.21","26.825","26.04","26.67","599391"
"CRH","20150319","26.31","26.31","25.8","25.99","238076"
"CRH","20150320","27.73","27.92","27.58","27.58","637397"
"CRH","20150323","27.64","27.87","27.63","27.67","236389"
"CRH","20150324","27.43","27.53","27.16","27.2","349310"
"CRH","20150325","27.37","27.415","27.15","27.15","425264"
"CRH","20150326","26.72","26.91","26.47","26.84","346476"
"CRH","20150327","26.93","26.98","26.59","26.8","329266"
"CRH","20150330","26.27","26.69","26.25","26.65","280950"
"CRH","20150331","26.05","26.293","25.99","26.18","399344"
"CRH","20150401","26.2","26.21","25.92","26.18","331299"
"CRH","20150402","26.02","26.35","26","26.24","245511"
"CRH","20150406","26.29","26.72","26.27","26.61","94598"
"CRH","20150407","26.55","26.64","26.4","26.4","200924"
"CRH","20150408","26.4","26.42","26.12","26.29","219199"
"CRH","20150409","26.65","26.96","26.6","26.83","325371"
"CRH","20150410","26.5","26.54","26.33","26.46","175879"
"CRH","20150413","26.39","26.53","26.17","26.28","292161"
"CRH","20150414","26.64","26.81","26.56","26.81","148120"
"CRH","20150415","27.41","27.61","27.385","27.51","256135"
"CRH","20150416","28.24","28.3","27.73","27.77","460371"
"CRH","20150417","27.77","27.9","27.28","27.43","264420"
"CRH","20150420","27.73","27.86","27.575","27.59","200595"
"CRH","20150421","27.97","28.16","27.8","28.01","425334"
"CRH","20150422","27.98","28.04","27.83","27.89","315442"
"CRH","20150423","27.88","28.14","27.79","27.99","225334"
"CRH","20150424","28.67","28.94","28.64","28.81","391564"
"CRH","20150427","28.9","29.12","28.78","28.78","262075"
"CRH","20150428","28.92","29.03","28.815","28.975","244607"
"CRH","20150429","28.37","28.43","27.95","28.29","300152"
"CRH","20150430","27.94","28.14","27.85","27.97","216881"
"CRH","20150501","28.06","28.21","27.7","28.18","303259"
"CRH","20150504","28.24","28.25","28.02","28.18","151217"
"CRH","20150505","27.9","28.165","27.88","28.1","272146"
"CRH","20150506","28.11","28.41","27.86","28.29","301537"
"CRH","20150507","27.87","28.25","27.82","28.16","272535"
"CRH","20150508","28.98","29.23","28.94","29.09","263200"
"CRH","20150511","28.83","28.91","28.6","28.78","437139"
"CRH","20150512","28.53","28.64","28.35","28.43","181681"
"CRH","20150513","28.4","28.62","28.25","28.43","238628"
"CRH","20150514","28.62","28.77","28.45","28.76","243345"
"CRH","20150515","28.66","28.7999","28.46","28.76","183978"
"CRH","20150518","28.5","28.59","28.36","28.57","203727"
"CRH","20150519","28.7","28.79","28.64","28.69","210677"
"CRH","20150520","28.72","28.9633","28.67","28.72","268870"
"CRH","20150521","28.8","28.96","28.68","28.93","223494"
"CRH","20150522","28.68","28.69","28.29","28.29","202322"
"CRH","20150526","27.93","27.93","27.15","27.28","513110"
"CRH","20150527","27.93","28.24","27.92","28.18","323053"
"CRH","20150528","28.24","28.27","27.96","28.22","219971"
"CRH","20150529","28.43","28.45","27.91","28.04","281012"
"CRH","20150601","27.85","27.9","27.34","27.55","188940"
"CRH","20150602","27.6","27.77","27.47","27.59","248166"
"CRH","20150603","28.33","28.61","28.185","28.2","287571"
"CRH","20150604","28.06","28.35","27.68","27.75","263856"
"CRH","20150605","27.54","27.76","27.48","27.64","192003"
"CRH","20150608","27.72","27.91","27.687","27.84","339077"
"CRH","20150609","27.65","27.67","27.36","27.55","144140"
"CRH","20150610","28.15","28.65","28.11","28.49","289139"
"CRH","20150611","29.06","29.25","28.98","29.17","437880"
"CRH","20150612","28.58","28.86","28.4","28.58","316265"
"CRH","20150615","28.6","28.66","28.38","28.5","361913"
"CRH","20150616","28.19","28.58","28.13","28.51","163114"
"CRH","20150617","29.01","29.08","28.56","28.91","322597"
"CRH","20150618","28.55","29.8","28.53","29.26","421273"
"CRH","20150619","29.52","29.7","29.36","29.44","362912"
"CRH","20150622","30.01","30.25","29.91","30.09","307479"
"CRH","20150623","30.26","30.47","30.11","30.17","461385"
"CRH","20150624","29.94","30.02","29.59","29.66","263440"
"CRH","20150625","29.65","29.6935","29.36","29.48","390397"
"CRH","20150626","29.36","29.4","29.09","29.21","227235"
"CRH","20150629","28.64","28.72","28.12","28.18","404962"
"CRH","20150630","28.57","28.57","27.96","28.11","378839"
"CRH","20150701","28.57","28.615","28.14","28.35","351590"
"CRH","20150702","28.33","28.41","28.27","28.4","184178"
"CRH","20150706","27.7","27.975","27.58","27.78","654234"
"CRH","20150707","27.28","27.61","26.66","27.56","425162"
"CRH","20150708","26.93","26.96","26.7","26.79","284497"
"CRH","20150709","27.52","27.71","27.33","27.33","199950"
"CRH","20150710","28.35","28.68","28.31","28.6","349237"
"CRH","20150713","28.88","28.9701","28.66","28.81","250830"
"CRH","20150714","28.74","29.01","28.65","28.92","232328"
"CRH","20150715","28.92","29.04","28.77","28.85","148620"
"CRH","20150716","29.12","29.41","29.11","29.22","182778"
"CRH","20150717","29.21","29.28","29.01","29.12","146300"
"CRH","20150720","28.98","29.2","28.83","29.19","233227"
"CRH","20150721","28.98","29.07","28.88","29.01","215993"
"CRH","20150722","29.16","29.45","29.16","29.29","146895"
"CRH","20150723","29.57","29.65","29.18","29.23","180546"
"CRH","20150724","29.44","29.54","28.89","28.97","252771"
"CRH","20150727","28.74","28.77","28.3","28.36","450391"
"CRH","20150728","28.62","29.28","28.57","29.085","270573"
"CRH","20150729","29.32","29.7","29.27","29.52","188288"
"CRH","20150730","29.3","29.37","29.1","29.355","165367"
"CRH","20150731","29.83","29.85","29.5972","29.71","202321"
"CRH","20150803","29.72","30","29.63","29.77","251588"
"CRH","20150804","29.95","30.29","29.92","30.12","274739"
"CRH","20150805","30.46","30.63","30.32","30.4","154708"
"CRH","20150806","30.27","30.31","29.84","29.9","242482"
"CRH","20150807","29.98","30.12","29.89","30.095","251913"
"CRH","20150810","30.16","30.7","30.14","30.6","207875"
"CRH","20150811","30.41","30.56","30.25","30.51","202781"
"CRH","20150812","29.6","30.17","29.42","30.16","265530"
"CRH","20150813","30.22","30.73","30.19","30.5","322361"
"CRH","20150814","30.3","30.72","30.28","30.72","178289"
"CRH","20150817","30.52","30.95","30.42","30.95","214613"
"CRH","20150818","30.8","30.85","30.67","30.79","213769"
"CRH","20150819","30.44","30.44","29.89","30.14","514271"
"CRH","20150820","30.05","30.08","29.475","29.495","210488"
"CRH","20150821","29.03","29.23","28.06","28.11","320972"
"CRH","20150824","26.59","28.05","26.18","27.18","349150"
"CRH","20150825","28.43","28.45","27.3","27.3","366540"
"CRH","20150826","28.37","28.41","27.62","28.23","416986"
"CRH","20150827","28.88","29.42","28.69","29.37","324426"
"CRH","20150828","29.18","29.8","29.14","29.62","640629"
"CRH","20150831","29.69","29.99","29.44","29.77","343704"
"CRH","20150901","28.54","28.89","28.27","28.49","601812"
"CRH","20150902","28.77","28.77","28.2","28.68","283493"
"CRH","20150903","28.46","28.64","28.27","28.41","600821"
"CRH","20150904","28.04","28.2","27.84","28.04","197759"
"CRH","20150908","29.27","29.6","29.26","29.59","403236"
"CRH","20150909","29.94","29.97","29.31","29.34","277594"
"CRH","20150910","29.29","29.77","29.29","29.59","328336"
"CRH","20150911","29.34","29.52","29.29","29.41","307776"
"CRH","20150914","29.23","29.31","29.06","29.2","459478"
"CRH","20150915","29.2","29.64","29.14","29.61","189672"
"CRH","20150916","29.47","29.7","29.45","29.65","293798"
"CRH","20150917","29.58","30.14","29.53","29.77","361139"
"CRH","20150918","29.25","29.46","28.98","29.03","319193"
"CRH","20150921","29.13","29.16","28.695","28.79","246202"
"CRH","20150922","28.24","28.25","27.73","28.02","366835"
"CRH","20150923","28.08","28.19","27.79","27.89","230465"
"CRH","20150924","27.24","27.33","26.79","27.27","264572"
"CRH","20150925","27.83","27.83","27.2","27.4","475412"
"CRH","20150928","27.15","27.15","26.48","26.53","499170"
"CRH","20150929","26.02","26.1","25.54","25.74","592642"
"CRH","20150930","26.25","26.54","26.1","26.54","556279"
"CRH","20151001","26.14","26.37","25.94","26.34","499758"
"CRH","20151002","26.63","26.64","25.74","26.63","446602"
"CRH","20151005","26.79","27.01","26.77","27","302486"
"CRH","20151006","27.08","27.24","26.75","26.85","283331"
"CRH","20151007","27.29","27.53","26.98","27.29","221659"
"CRH","20151008","27.03","27.485","26.96","27.47","379504"
"CRH","20151009","27.27","27.35","27.05","27.09","276437"
"CRH","20151012","27.13","27.19","27.04","27.13","160407"
"CRH","20151013","26.97","27.3","26.89","26.91","170649"
"CRH","20151014","26.97","27.12","26.75","26.78","191725"
"CRH","20151015","27.02","27.3768","27.01","27.27","250730"
"CRH","20151016","27.08","27.17","26.89","27.12","168849"
"CRH","20151019","26.71","26.832","26.57","26.76","43784"
"CRH","20151020","26.64","26.88","26.63","26.655","57978"
"CRH","20151021","27.67","27.71","27.35","27.37","347236"
"CRH","20151022","27.3","27.7","27.16","27.52","56008"
"CRH","20151023","28.1","28.22","27.94","28.06","53811"
"CRH","20151026","27.78","27.85","27.48","27.59","85875"
"CRH","20151027","27.09","27.15","26.71","26.89","142084"
"CRH","20151028","27.15","27.62","27.02","27.44","305754"
"CRH","20151029","26.96","27.165","26.9","27.03","164061"
"CRH","20151030","27.24","27.51","27.19","27.36","123761"
"CRH","20151102","27.81","27.99","27.76","27.91","105539"
"CRH","20151103","27.83","27.86","27.4538","27.68","288131"
"CRH","20151104","27.65","27.83","27.49","27.82","273978"
"CRH","20151105","27.43","28.08","27.16","27.96","643830"
"CRH","20151106","28.18","28.41","28.04","28.31","360190"
"CRH","20151109","28.05","28.07","27.38","27.55","191488"
"CRH","20151110","26.93","27.15","26.82","27.08","146027"
"CRH","20151111","27.34","27.41","27.14","27.24","131717"
"CRH","20151112","26.51","26.51","26.51","26.51","126568"
"CRH","20151113","26.86","27.19","26.725","26.87","262612"
"CRH","20151116","27.09","27.49","26.97","27.49","208832"
"CRH","20151117","27.5","27.54","27.1","27.18","242599"
"CRH","20151118","27.2","27.33","26.99","27.31","286318"
"CRH","20151119","28.59","28.8","28.48","28.59","272464"
"CRH","20151120","29.01","29.08","28.77","28.81","151010"
"CRH","20151123","28.92","29.12","28.78","28.88","127513"
"CRH","20151124","28.53","28.85","28.51","28.8","153503"
"CRH","20151125","29.05","29.13","28.95","29.04","123658"
"CRH","20151127","29.46","29.61","29.43","29.55","101904"
"CRH","20151130","29.62","29.64","29.32","29.32","143388"
"CRH","20151201","29.65","29.8","29.51","29.75","262702"
"CRH","20151202","29.72","29.7415","29.29","29.37","125609"
"CRH","20151203","29.48","29.51","28.8437","28.92","181340"
"CRH","20151204","29.41","29.77","29.4","29.7","236252"
"CRH","20151207","29.61","29.78","29.52","29.61","296770"
"CRH","20151208","29.13","29.28","29.07","29.18","138749"
"CRH","20151209","29.25","29.46","28.79","29.03","213679"
"CRH","20151210","29.23","29.31","28.95","29.01","121958"
"CRH","20151211","28.93","28.94","28.414","28.48","188871"
"CRH","20151214","28.55","28.71","28.28","28.71","205491"
"CRH","20151215","28.45","28.54","28.17","28.26","337540"
"CRH","20151216","28.26","28.7","28.14","28.66","167328"
"CRH","20151217","28.48","28.76","28.43","28.55","180146"
"CRH","20151218","28.5","28.59","28.17","28.2","258073"
"CRH","20151221","28.96","28.99","28.25","28.43","169125"
"CRH","20151222","28.57","28.72","28.45","28.56","253378"
"CRH","20151223","28.87","29.12","28.81","29.06","260673"
"CRH","20151224","29.16","29.35","28.98","29.25","47935"
"CRH","20151228","28.94","29.24","28.94","29.18","177814"
"CRH","20151229","29.27","29.455","29.18","29.4","230181"
"CRH","20151230","29.27","29.34","29.11","29.11","72165"
"CRH","20151231","29.03","29.06","28.81","28.82","57388"
"CRH","20160104","28.26","28.38","27.98","28.35","208806"
"CRH","20160105","28.6","28.6","28.14","28.35","247063"
"CRH","20160106","27.51","28.1","27.47","27.97","329936"
"CRH","20160107","27.03","27.38","26.74","26.8","284813"
"CRH","20160108","27.41","27.43","26.53","26.61","219546"
"CRH","20160111","26.99","27.05","26.57","26.94","170001"
"CRH","20160112","27.17","27.2","26.65","26.98","349489"
"CRH","20160113","27.09","27.2","26.29","26.4","229427"
"CRH","20160114","26.45","26.84","26.17","26.66","273631"
"CRH","20160115","25.64","25.85","25.11","25.43","391149"
"CRH","20160119","25.68","25.87","25.38","25.56","269468"
"CRH","20160120","25.17","25.48","24.6046","25.29","360846"
"CRH","20160121","25.21","25.74","24.99","25.55","211260"
"CRH","20160122","26.25","26.59","26.21","26.53","252387"
"CRH","20160125","26.4","26.49","26.06","26.08","278228"
"CRH","20160126","26.08","26.45","26.07","26.43","210414"
"CRH","20160127","26.28","26.8","26.22","26.41","405616"
"CRH","20160128","26.12","26.18","25.639","25.86","803606"
"CRH","20160129","26.01","26.93","25.99","26.92","562245"
"CRH","20160201","26.44","26.8875","26.33","26.78","313252"
"CRH","20160202","26","26.03","25.585","25.73","336492"
"CRH","20160203","26.03","26.03","25.33","25.69","707215"
"CRH","20160204","25.52","26.31","25.49","26.25","633298"
"CRH","20160205","26.17","26.27","25.37","25.52","640791"
"CRH","20160208","24.61","24.61","23.4167","23.72","541230"
"CRH","20160209","23.37","24.06","23.33","23.89","568068"
"CRH","20160210","24.58","25.02","24.48","24.6","341724"
"CRH","20160211","24.36","24.52","23.97","24.34","469151"
"CRH","20160212","24.22","24.575","24.17","24.55","430212"
"CRH","20160216","25.18","25.18","24.77","25.05","274481"
"CRH","20160217","25.45","25.89","25.44","25.74","397378"
"CRH","20160218","25.77","26.014","25.73","25.75","249538"
"CRH","20160219","25.46","25.75","25.39","25.7","265525"
"CRH","20160222","25.72","25.935","25.71","25.89","362718"
"CRH","20160223","25.71","25.89","25.53","25.6","308254"
"CRH","20160224","24.85","25.32","24.61","25.32","935380"
"CRH","20160225","25.24","25.41","25","25.41","525737"
"CRH","20160226","25.25","25.36","25.09","25.26","335695"
"CRH","20160229","25.61","25.825","25.5","25.55","350971"
"CRH","20160301","26.09","26.34","25.975","26.22","462436"
"CRH","20160302","26.1","26.34","25.91","26.33","292508"
"CRH","20160303","27.18","27.62","27.15","27.61","351827"
"CRH","20160304","27.48","27.54","27.12","27.25","326486"
"CRH","20160307","26.81","27.2","26.77","27.16","221257"
"CRH","20160308","27.26","27.37","27.07","27.08","277529"
"CRH","20160309","27.41","27.46","27.11","27.17","240691"
"CRH","20160310","26.88","27.15","26.46","26.73","368015"
"CRH","20160311","27.54","27.96","27.51","27.86","411018"
"CRH","20160314","28.34","28.4","27.88","27.88","343698"
"CRH","20160315","27.54","27.57","27.3","27.55","170993"
"CRH","20160316","27.12","27.66","27.11","27.59","390149"
"CRH","20160317","27.73","28.26","27.65","28.19","164000"
"CRH","20160318","28.32","28.36","28.13","28.19","238103"
"CRH","20160321","27.8","27.95","27.76","27.83","515079"
"CRH","20160322","27.58","27.86","27.57","27.74","237188"
"CRH","20160323","27.61","27.71","27.24","27.28","153554"
"CRH","20160324","27.6","27.71","27.53","27.66","252549"
"CRH","20160328","27.84","27.95","27.66","27.81","79786"
"CRH","20160329","28.02","28.47","27.96","28.44","338920"
"CRH","20160330","28.66","28.78","28.43","28.47","165299"
"CRH","20160331","28.41","28.41","28.11","28.18","317818"
"CRH","20160401","27.9","28.33","27.89","28.28","242813"
"CRH","20160404","28.33","28.34","28.08","28.19","157879"
"CRH","20160405","27.73","27.79","27.44","27.48","230666"
"CRH","20160406","27.96","28.09","27.87","28.07","444926"
"CRH","20160407","28.08","28.16","27.79","27.83","280664"
"CRH","20160408","28.42","28.655","28.38","28.49","202748"
"CRH","20160411","28.88","29.08","28.64","28.65","248690"
"CRH","20160412","28.77","28.86","28.57","28.82","277421"
"CRH","20160413","29.13","29.29","28.98","29.12","210380"
"CRH","20160414","28.86","29.041","28.67","28.94","151311"
"CRH","20160415","28.6","28.95","28.6","28.86","290561"
"CRH","20160418","28.71","29.06","28.71","29.02","205669"
"CRH","20160419","29.07","29.33","29","29.25","261759"
"CRH","20160420","28.9","29.04","28.875","28.8775","303109"
"CRH","20160421","28.79","28.97","28.5529","28.56","194577"
"CRH","20160422","28.68","28.73","28.39","28.5","247977"
"CRH","20160425","28.81","28.83","28.585","28.72","260911"
"CRH","20160426","29.29","29.35","29.12","29.2","362890"
"CRH","20160427","29.63","29.78","29.47","29.64","248692"
"CRH","20160428","29.25","29.64","29.2","29.26","262769"
"CRH","20160429","29.21","29.25","28.9","29.11","376177"
"CRH","20160502","29.18","29.28","29.08","29.09","246275"
"CRH","20160503","28.74","29","28.38","28.46","404813"
"CRH","20160504","28.19","28.385","28.09","28.28","298768"
"CRH","20160505","28.01","28.335","28","28.32","370028"
"CRH","20160506","28.31","28.885","28.28","28.84","652279"
"CRH","20160509","28.89","29.11","28.7311","29","440044"
"CRH","20160510","29.19","29.52","29.18","29.46","483237"
"CRH","20160511","29.28","29.41","29.13","29.14","276050"
"CRH","20160512","29.54","29.75","29.29","29.57","522035"
"CRH","20160513","29.13","29.37","29.12","29.19","522049"
"CRH","20160516","29.16","29.6","29.15","29.44","427862"
"CRH","20160517","29.49","29.58","29.29","29.35","444655"
"CRH","20160518","29.32","29.52","29.06","29.35","415973"
"CRH","20160519","29.26","29.75","29.1311","29.64","1294682"
"CRH","20160520","29.99","30.1","29.8399","29.85","284020"
"CRH","20160523","29.83","29.88","29.6916","29.71","769142"
"CRH","20160524","30.01","30.34","30.01","30.26","325892"
"CRH","20160525","30.85","30.86","30.67","30.77","801732"
"CRH","20160526","30.55","30.64","30.39","30.55","803018"
"CRH","20160527","30.53","30.82","30.53","30.69","346227"
"CRH","20160531","30.69","30.775","30.49","30.61","1238658"
"CRH","20160601","30.13","30.36","30.09","30.36","297683"
"CRH","20160602","30.18","30.28","30.03","30.27","383615"
"CRH","20160603","30.2","30.33","30.03","30.27","596729"
"CRH","20160606","30.15","30.57","30.125","30.56","355723"
"CRH","20160607","30.77","30.975","30.77","30.92","263215"
"CRH","20160608","31.18","31.545","31.17","31.4","520518"
"CRH","20160609","30.81","30.91","30.68","30.73","668455"
"CRH","20160610","29.76","29.9","29.59","29.75","735252"
"CRH","20160613","28.97","29.24","28.81","28.87","561333"
"CRH","20160614","28.77","28.85","28.42","28.59","243995"
"CRH","20160615","28.71","28.95","28.65","28.68","264857"
"CRH","20160616","28.12","28.71","27.92","28.68","530093"
"CRH","20160617","28.93","29.11","28.71","29.03","504609"
"CRH","20160620","30.45","30.55","30.28","30.29","676198"
"CRH","20160621","30.25","30.46","30.03","30.23","363868"
"CRH","20160622","30.62","30.63","30.17","30.26","493542"
"CRH","20160623","31.19","31.52","30.9","31.49","668198"
"CRH","20160624","27.97","28.97","27.96","28.62","2501020"
"CRH","20160627","26.43","26.63","25.815","26.54","1445941"
"CRH","20160628","27.25","27.87","27.23","27.8","1360199"
"CRH","20160629","28.17","28.95","28.13","28.78","797610"
"CRH","20160630","28.73","29.58","28.685","29.57","558799"
"CRH","20160701","29.57","29.61","29.31","29.46","477619"
"CRH","20160705","28.26","28.28","27.81","27.88","705392"
"CRH","20160706","27.25","27.91","27.02","27.91","1087392"
"CRH","20160707","28.02","28.05","27.45","27.64","576722"
"CRH","20160708","28.26","28.34","28.1","28.24","525822"
"CRH","20160711","28.93","28.99","28.735","28.77","427699"
"CRH","20160712","29.07","29.31","28.96","29.12","393181"
"CRH","20160713","29.82","30","29.15","29.19","979071"
"CRH","20160714","29.79","30.01","29.6","29.89","999916"
"CRH","20160715","29.37","29.54","29.34","29.48","1820016"
"CRH","20160718","29.36","29.68","29.24","29.63","711193"
"CRH","20160719","29.28","29.48","29.25","29.35","498114"
"CRH","20160720","29.46","29.61","29.42","29.51","670967"
"CRH","20160721","29.21","29.52","29.18","29.39","1233812"
"CRH","20160722","30","30.1","29.7499","29.77","616952"
"CRH","20160725","29.64","29.82","29.64","29.77","246318"
"CRH","20160726","29.89","29.98","29.635","29.93","322190"
"CRH","20160727","30.33","30.48","30.19","30.35","400991"
"CRH","20160728","30.52","30.55","30.19","30.36","365081"
"CRH","20160729","30.73","30.98","30.42","30.76","475102"
"CRH","20160801","30.54","30.62","30.23","30.33","343147"
"CRH","20160802","30.28","30.33","30.07","30.22","347737"
"CRH","20160803","30.01","30.18","30","30.16","386532"
"CRH","20160804","29.96","30.1138","29.82","30.06","439415"
"CRH","20160805","30.16","30.445","30.15","30.37","264400"
"CRH","20160808","30.51","30.7039","30.51","30.68","244168"
"CRH","20160809","30.71","31.15","30.7","31.01","323709"
"CRH","20160810","31.36","31.39","31.19","31.34","602972"
"CRH","20160811","31.51","31.66","31.42","31.44","415205"
"CRH","20160812","31.98","32.03","31.78","31.81","585708"
"CRH","20160815","32.23","32.33","32.145","32.18","310461"
"CRH","20160816","32.58","33.01","32.56","32.88","594143"
"CRH","20160817","33.59","33.6326","33.15","33.46","1105880"
"CRH","20160818","33.46","33.7","33.4","33.7","668230"
"CRH","20160819","32.98","33.29","32.92","33.1","605687"
"CRH","20160822","32.84","33.35","32.76","33.32","496931"
"CRH","20160823","33.24","33.42","33.18","33.18","502931"
"CRH","20160824","32.97","33.1","32.78","32.94","543479"
"CRH","20160825","33.92","33.92","33.56","33.56","1111230"
"CRH","20160826","33.95","34.03","33.035","33.24","1166234"
"CRH","20160829","33.68","34.14","33.575","33.91","611639"
"CRH","20160830","33.93","33.96","33.7005","33.85","484225"
"CRH","20160831","33.52","33.87","33.43","33.8","757070"
"CRH","20160901","33.52","33.87","33.45","33.82","469481"
"CRH","20160902","33.89","34.055","33.6775","33.89","1165891"
"CRH","20160906","34.25","34.28","33.94","34.04","1142132"
"CRH","20160907","34.01","34.05","33.79","34","1167104"
"CRH","20160908","34.09","34.18","33.5","33.5","560856"
"CRH","20160909","33.08","33.1","32.25","32.32","1152292"
"CRH","20160912","32.37","33.11","32.34","33.09","947227"
"CRH","20160913","32.94","33.04","32.57","32.69","1023361"
"CRH","20160914","33.09","33.21","32.88","32.94","1078469"
"CRH","20160915","33.19","33.44","32.91","33.43","1668267"
"CRH","20160916","33.23","33.25","32.13","32.14","2534427"
"CRH","20160919","32.88","32.88","32.44","32.55","1647141"
"CRH","20160920","32.95","33.02","32.53","32.61","976155"
"CRH","20160921","32.82","32.98","32.56","32.97","1149316"
"CRH","20160922","33.93","34.02","33.55","33.62","622262"
"CRH","20160923","33.46","33.79","33.445","33.54","770000"
"CRH","20160926","33.23","33.27","33.07","33.11","705193"
"CRH","20160927","32.63","33.11","32.5721","33.07","587415"
"CRH","20160928","33.64","33.68","33.24","33.53","1185560"
"CRH","20160929","33.36","33.45","32.83","33.03","775797"
"CRH","20160930","33.27","33.45","33.06","33.27","698536"
"CRH","20161003","33.19","33.37","32.88","33.03","329378"
"CRH","20161004","34.18","34.2","33.65","33.72","1042103"
"CRH","20161005","33.68","33.74","33.47","33.49","533410"
"CRH","20161006","33.48","33.63","33.32","33.6","1380874"
"CRH","20161007","33.35","33.395","32.83","32.93","583124"
"CRH","20161010","33.3","33.72","33.3","33.6","710716"
"CRH","20161011","33.19","33.21","32.56","32.74","463908"
"CRH","20161012","32.42","32.59","32.27","32.48","827685"
"CRH","20161013","32.02","32.55","31.94","32.44","613754"
"CRH","20161014","32.57","32.815","32.52","32.53","762946"
"CRH","20161017","32.38","32.79","32.37","32.69","564215"
"CRH","20161018","33.56","33.57","33.3","33.39","503208"
"CRH","20161019","33.1","33.25","33.01","33.06","579209"
"CRH","20161020","32.79","33.18","32.56","32.99","913488"
"CRH","20161021","32.95","33.14","32.85","33.1","562973"
"CRH","20161024","33.41","33.47","33.02","33.21","501663"
"CRH","20161025","33.19","33.22","32.63","32.72","386429"
"CRH","20161026","32.37","32.78","32.31","32.6","350681"
"CRH","20161027","32.75","32.75","32.15","32.45","477113"
"CRH","20161028","32.12","32.52","32.08","32.38","830442"
"CRH","20161031","32.43","32.5","32.28","32.3","630504"
"CRH","20161101","32.06","32.31","31.7","31.85","668726"
"CRH","20161102","31.89","32.15","31.81","31.83","412967"
"CRH","20161103","31.81","31.85","31.55","31.6","497971"
"CRH","20161104","31.67","32.11","31.55","31.74","548377"
"CRH","20161107","32.41","32.47","32.24","32.42","359971"
"CRH","20161108","32.58","32.99","32.51","32.8","525316"
"CRH","20161109","35.36","35.53","34.82","35.02","3361609"
"CRH","20161110","35.86","35.88","34.87","35.19","1603663"
"CRH","20161111","34.93","35.07","34.48","34.63","800335"
"CRH","20161114","34.86","35","34.66","34.92","919161"
"CRH","20161115","34.51","34.6","34.29","34.56","1028984"
"CRH","20161116","33.71","33.8","33.48","33.73","768120"
"CRH","20161117","34.09","34.27","33.93","34.16","1260906"
"CRH","20161118","33.59","33.83","33.59","33.73","1150017"
"CRH","20161121","33.97","34.09","33.65","33.71","706384"
"CRH","20161122","33.8","33.8","33.34","33.47","559759"
"CRH","20161123","32.73","32.96","32.63","32.92","490277"
"CRH","20161125","33.68","33.795","33.4948","33.77","610738"
"CRH","20161128","33.02","33.17","32.65","32.68","1938690"
"CRH","20161129","32.6","33.03","32.6","32.87","668778"
"CRH","20161130","33.61","33.62","33.09","33.11","605487"
"CRH","20161201","32.99","33.09","32.74","32.84","450996"
"CRH","20161202","32.56","32.83","32.44","32.54","443133"
"CRH","20161205","33.02","33.09","32.79","32.87","861247"
"CRH","20161206","33.29","33.85","33.29","33.81","669538"
"CRH","20161207","34.22","34.67","34.07","34.62","553074"
"CRH","20161208","34.27","34.4","34.02","34.05","954363"
"CRH","20161209","34.23","34.26","33.94","34.1","508555"
"CRH","20161212","33.94","34.14","33.74","33.87","486670"
"CRH","20161213","34.11","34.339","33.81","33.82","539804"
"CRH","20161214","33.68","33.88","33.28","33.29","545272"
"CRH","20161215","33.56","33.68","33.38","33.57","469233"
"CRH","20161216","33.74","33.77","33.455","33.48","453673"
"CRH","20161219","33.2","33.42","33.16","33.3","417026"
"CRH","20161220","33","33.46","32.96","33.38","317257"
"CRH","20161221","33.26","33.53","33.22","33.42","234254"
"CRH","20161222","33.27","33.39","33.18","33.205","376559"
"CRH","20161223","33.31","33.37","33.2","33.34","119606"
"CRH","20161227","33.52","33.52","33.4","33.43","146700"
"CRH","20161228","33.76","33.76","33.45","33.47","367582"
"CRH","20161229","33.86","34.04","33.79","33.86","302098"
"CRH","20161230","34.52","34.7056","34.28","34.38","712230"
"CRH","20170103","34.01","34.27","33.59","33.66","988868"
"CRH","20170104","33.8","33.86","33.59","33.85","694424"
"CRH","20170105","34.03","34.265","34.03","34.19","1201513"
"CRH","20170106","34.04","34.11","33.91","33.95","591461"
"CRH","20170109","33.73","33.85","33.64","33.72","385957"
"CRH","20170110","34.18","34.25","34.0101","34.04","460955"
"CRH","20170111","34.35","34.66","34.12","34.65","740218"
"CRH","20170112","34.73","34.76","34.43","34.65","500432"
"CRH","20170113","34.99","35.09","34.82","35.02","478735"
"CRH","20170117","34.85","34.88","34.54","34.68","274849"
"CRH","20170118","34.48","34.77","34.46","34.6","356917"
"CRH","20170119","34.28","34.42","34.14","34.34","430755"
"CRH","20170120","34.87","35.085","34.81","35.06","317618"
"CRH","20170123","35.17","35.41","35.06","35.39","325156"
"CRH","20170124","35.66","35.87","35.52","35.78","408694"
"CRH","20170125","36.82","36.83","36.4299","36.59","413673"
"CRH","20170126","36.03","36.11","35.78","36","486390"
"CRH","20170127","35.72","35.83","35.565","35.63","336724"
"CRH","20170130","35.31","35.32","34.91","35.15","555967"
"CRH","20170131","35.18","35.22","34.2601","34.52","1233038"
"CRH","20170201","35.36","35.59","35.07","35.54","697260"
"CRH","20170202","35.52","35.69","35.37","35.4","549418"
"CRH","20170203","35.91","35.91","35.51","35.57","414942"
"CRH","20170206","35.01","35.08","34.85","34.96","386898"
"CRH","20170207","34.27","34.527","34.17","34.27","872506"
"CRH","20170208","33.89","34.12","33.74","34.07","484325"
"CRH","20170209","33.92","34.36","33.91","34.22","385861"
"CRH","20170210","34.57","34.7","34.4","34.54","328082"
"CRH","20170213","34.79","34.98","34.73","34.78","397604"
"CRH","20170214","34.31","34.4","34.05","34.26","368502"
"CRH","20170215","34.06","34.47","34.06","34.43","576268"
"CRH","20170216","34.89","34.9","34.42","34.51","481912"
"CRH","20170217","34.28","34.33","34.07","34.21","460349"
"CRH","20170221","34.97","35.21","34.88","35.19","769019"
"CRH","20170222","34.7","34.82","34.49","34.8","507903"
"CRH","20170223","34.84","34.91","33.67","33.83","800326"
"CRH","20170224","32.87","33.49","32.84","33.41","717632"
"CRH","20170227","33.36","34.3611","33.33","34.16","944009"
"CRH","20170228","34.14","34.24","33.7","33.77","631923"
"CRH","20170301","35.26","35.29","35.02","35.08","1054202"
"CRH","20170302","34.64","34.94","34.61","34.79","881116"
"CRH","20170303","35.01","35.5","35.01","35.49","515626"
"CRH","20170306","35.2","35.22","35.0693","35.17","299621"
"CRH","20170307","35.17","35.305","34.97","35.14","405158"
"CRH","20170308","35.34","35.47","35.07","35.09","375414"
"CRH","20170309","34.78","34.93","34.665","34.89","663100"
"CRH","20170310","35.13","35.18","34.9","35.14","476609"
"CRH","20170313","35.06","35.1201","34.83","35.04","616566"
"CRH","20170314","34.52","34.63","34.34","34.56","498254"
"CRH","20170315","34.91","35.2","34.82","35.17","563248"
"CRH","20170316","34.99","35.31","34.99","35.21","537117"
"CRH","20170317","35.13","35.21","34.88","35.06","561864"
"CRH","20170320","35.36","35.52","35.09","35.21","594313"
"CRH","20170321","35.76","35.8","34.89","34.91","650796"
"CRH","20170322","34.67","35.0036","34.515","34.87","574640"
"CRH","20170323","35.3","35.65","35.22","35.34","592564"
"CRH","20170324","34.91","35.31","34.91","35.08","547924"
"CRH","20170327","34.55","34.89","34.5","34.79","443033"
"CRH","20170328","34.86","35.19","34.85","34.97","501671"
"CRH","20170329","34.54","35.01","34.51","34.97","360228"
"CRH","20170330","35.19","35.33","34.995","35.02","530566"
"CRH","20170331","34.64","35.29","34.63","35.17","569952"
"CRH","20170403","35.02","35.13","34.465","34.65","445470"
"CRH","20170404","34.77","34.91","34.71","34.89","372113"
"CRH","20170405","34.9","35.07","34.43","34.44","463505"
"CRH","20170406","34.48","34.67","34.375","34.45","430094"
"CRH","20170407","34.59","34.85","34.57","34.76","536903"
"CRH","20170410","34.61","34.68","34.465","34.49","251821"
"CRH","20170411","34.57","34.64","34.2","34.59","454487"
"CRH","20170412","34.38","34.4","34.08","34.25","292576"
"CRH","20170413","33.81","34.04","33.59","33.61","429931"
"CRH","20170417","33.8","33.91","33.64","33.91","196238"
"CRH","20170418","33.53","33.67","33.2799","33.42","452908"
"CRH","20170419","33.85","33.95","33.56","33.64","348673"
"CRH","20170420","33.98","34.34","33.92","34.2","529727"
"CRH","20170421","34.53","34.77","34.32","34.75","820739"
"CRH","20170424","36.34","36.76","36.16","36.43","1105697"
"CRH","20170425","36.55","36.58","36.2","36.2","873554"
"CRH","20170426","36.6","36.65","36.36","36.415","799030"
"CRH","20170427","36.38","36.55","36.24","36.45","385044"
"CRH","20170428","36.61","36.63","36.31","36.32","338885"
"CRH","20170501","36.51","36.64","36.41","36.52","284416"
"CRH","20170502","37.2","37.26","36.965","37.16","1138454"
"CRH","20170503","37.28","37.3","37.025","37.1","716728"
"CRH","20170504","37.47","37.54","37.26","37.45","877378"
"CRH","20170505","38.03","38.04","37.71","37.76","736536"
"CRH","20170508","37.26","37.31","37.005","37.11","986954"
"CRH","20170509","37.43","37.49","37.16","37.2","818481"
"CRH","20170510","37.18","37.39","37.13","37.28","559481"
"CRH","20170511","37.33","37.38","36.93","37.28","424950"
"CRH","20170512","36.98","37.09","36.84","36.91","427784"
"CRH","20170515","36.85","37.26","36.82","37.17","579996"
"CRH","20170516","37.14","37.25","37.03","37.04","263362"
"CRH","20170517","36.23","36.27","35.64","35.65","605092"
"CRH","20170518","35.55","36.06","35.54","35.99","437505"
"CRH","20170519","36.22","36.61","36.22","36.51","284200"
"CRH","20170522","36.59","36.635","36.29","36.41","309613"
"CRH","20170523","36.53","36.61","36.26","36.48","196636"
"CRH","20170524","35.97","36.26","35.9","36.25","490608"
"CRH","20170525","36.02","36.14","35.86","35.98","389329"
"CRH","20170526","35.77","35.87","35.6","35.71","259917"
"CRH","20170530","35.81","36.15","35.79","36.07","253909"
"CRH","20170531","36.44","36.51","35.97","36.12","371550"
"CRH","20170601","36.24","36.61","36.15","36.6","333540"
"CRH","20170602","36.51","36.7","36.48","36.63","267038"
"CRH","20170605","36.46","36.56","36.27","36.36","176998"
"CRH","20170606","35.74","35.92","35.68","35.7","324813"
"CRH","20170607","35.79","35.97","35.7","35.92","377269"
"CRH","20170608","36.25","36.5","36.19","36.21","774801"
"CRH","20170609","36.37","36.65","36.24","36.46","353585"
"CRH","20170612","36.06","36.15","35.8","36.1","305913"
"CRH","20170613","36.43","36.43","36.12","36.32","313946"
"CRH","20170614","36.21","36.48","36","36.09","334512"
"CRH","20170615","35.45","35.8","35.42","35.77","279610"
"CRH","20170616","35.83","36.165","35.71","36.15","287453"
"CRH","20170619","36.54","36.76","36.42","36.51","243527"
"CRH","20170620","36.53","36.59","36.16","36.27","306991"
"CRH","20170621","36.31","36.48","36.22","36.31","437296"
"CRH","20170622","35.77","36.05","35.68","35.89","304539"
"CRH","20170623","35.77","36.08","35.64","35.95","292917"
"CRH","20170626","36.14","36.26","35.95","36.09","215760"
"CRH","20170627","35.63","35.8","35.52","35.62","407737"
"CRH","20170628","36.24","36.42","35.8899","36.02","536126"
"CRH","20170629","35.82","35.88","35.38","35.58","498919"
"CRH","20170630","36.03","36.08","35.29","35.47","903976"
"CRH","20170703","35.57","35.9","35.54","35.8","437098"
"CRH","20170705","35.94","36.32","35.86","36.31","416833"
"CRH","20170706","35.72","35.85","35.58","35.66","356933"
"CRH","20170707","35.57","35.85","35.42","35.82","288767"
"CRH","20170710","35.74","35.95","35.69","35.85","305024"
"CRH","20170711","35.74","35.74","35.36","35.66","285557"
"CRH","20170712","36.39","36.51","36.24","36.35","305294"
"CRH","20170713","36.52","36.52","36.11","36.28","283308"
"CRH","20170714","36.08","36.2","35.91","36.11","188132"
"CRH","20170717","36.06","36.14","35.98","36.07","287198"
"CRH","20170718","35.71","35.79","35.64","35.75","201895"
"CRH","20170719","36.06","36.19","35.97","36.14","255080"
"CRH","20170720","36.21","36.24","35.69","35.78","203501"
"CRH","20170721","35.33","35.45","35.07","35.42","345454"
"CRH","20170724","34.88","35.205","34.71","35.17","481224"
"CRH","20170725","35.44","35.57","35.28","35.31","416326"
"CRH","20170726","35.47","35.75","35.34","35.64","417705"
"CRH","20170727","35.64","35.64","35.27","35.44","328371"
"CRH","20170728","34.92","35.17","34.74","35.17","276636"
"CRH","20170731","34.98","35.13","34.88","35.07","332463"
"CRH","20170801","35.48","35.48","34.79","34.87","766066"
"CRH","20170802","34.47","34.96","34.45","34.95","959745"
"CRH","20170803","35.04","35.4","34.8","34.88","639249"
"CRH","20170804","35.39","35.4","35.08","35.27","524770"
"CRH","20170807","35.04","35.14","34.96","35.1","320612"
"CRH","20170808","34.81","35.02","34.67","34.74","383520"
"CRH","20170809","34.62","34.63","34.62","34.62","339301"
"CRH","20170810","34.4","34.5","34","34.02","561152"
"CRH","20170811","34.19","34.3","33.99","34.06","449458"
"CRH","20170814","34.47","34.55","34.32","34.45","284840"
"CRH","20170815","34.92","35.005","34.81","34.86","459532"
"CRH","20170816","35.36","35.37","35.17","35.34","479685"
"CRH","20170817","34.95","35.22","34.67","34.69","629393"
"CRH","20170818","34.42","34.48","34.18","34.33","459511"
"CRH","20170821","34.22","34.37","34.12","34.25","281286"
"CRH","20170822","34.47","34.7","34.45","34.64","359703"
"CRH","20170823","34.32","34.52","34.29","34.29","290228"
"CRH","20170824","35.68","35.99","35.48","35.54","655972"
"CRH","20170825","35.63","35.633","34.97","35.11","845276"
"CRH","20170828","35.01","35.07","34.65","34.81","637385"
"CRH","20170829","34.17","34.47","34.1199","34.23","590261"
"CRH","20170830","34.39","34.69","34.3499","34.64","702933"
"CRH","20170831","34.84","35.0201","34.78","34.91","636750"
"CRH","20170901","35.6","35.62","35.36","35.47","432986"
"CRH","20170905","35.37","35.491","34.86","34.91","491526"
"CRH","20170906","34.71","34.85","34.65","34.78","378878"
"CRH","20170907","35.28","35.3","34.91","35.04","402183"
"CRH","20170908","35.01","35.06","34.86","34.89","319798"
"CRH","20170911","35.26","35.27","34.85","34.86","534737"
"CRH","20170912","35.2","35.35","35.13","35.17","334601"
"CRH","20170913","35.36","35.4","35.01","35.09","467080"
"CRH","20170914","35.18","35.42","35.06","35.26","578748"
"CRH","20170915","35.7","35.84","35.53","35.72","806448"
"CRH","20170918","36.08","36.125","35.81","35.89","469264"
"CRH","20170919","36.33","36.34","35.83","36.03","510902"
"CRH","20170920","35.93","36.13","35.72","35.94","436166"
"CRH","20170921","36.62","36.96","36.55","36.84","401452"
"CRH","20170922","36.58","36.76","36.55","36.6","352571"
"CRH","20170925","36.31","36.33","36.065","36.15","295089"
"CRH","20170926","36.11","36.165","35.75","35.93","421605"
"CRH","20170927","36.42","36.42","36.1","36.26","439811"
"CRH","20170928","36.97","37.39","36.85","37.28","568540"
"CRH","20170929","37.67","38.06","37.57","37.86","762476"
"CRH","20171002","37.26","37.39","37.1","37.16","397740"
"CRH","20171003","37.4","37.495","37.35","37.44","363372"
"CRH","20171004","37.45","37.63","37.42","37.46","269541"
"CRH","20171005","37.12","37.19","36.74","36.93","456892"
"CRH","20171006","36.17","36.25","36.07","36.25","477673"
"CRH","20171009","36.26","36.26","35.94","36.01","245192"
"CRH","20171010","36.24","36.26","36.13","36.24","450966"
"CRH","20171011","36.58","36.61","36.35","36.44","418422"
"CRH","20171012","36.26","36.29","36.152","36.19","278827"
"CRH","20171013","36.68","36.84","36.46","36.46","316567"
