"DBD","20150120","31.2","31.42","30.8201","31.07","728589"
"DBD","20150121","31.1","32.09","30.88","31.81","569549"
"DBD","20150122","32","32.11","31.56","31.62","605394"
"DBD","20150123","31.57","31.68","30.86","31.05","827129"
"DBD","20150126","31.07","32.43","30.66","32.39","775005"
"DBD","20150127","31.98","32.47","31.67","32.16","747496"
"DBD","20150128","32.43","32.43","31.66","31.68","853351"
"DBD","20150129","31.76","31.76","30.88","31.18","1196052"
"DBD","20150130","31.04","31.705","30.68","31.2","5012195"
"DBD","20150202","31.25","31.6","30.63","31.49","592334"
"DBD","20150203","31.62","32.305","31.62","32.15","456127"
"DBD","20150204","32.11","32.45","31.65","31.73","452953"
"DBD","20150205","31.85","32.34","31.72","32.33","654556"
"DBD","20150206","32.35","33.13","32.24","32.9","595079"
"DBD","20150209","32.81","32.98","32.56","32.92","459769"
"DBD","20150210","33.09","33.4","32.81","33.35","370404"
"DBD","20150211","33.23","33.56","33.01","33.56","611970"
"DBD","20150212","32.74","35.55","32.16","34.75","1971959"
"DBD","20150213","34.77","36.13","34.75","35.83","1146312"
"DBD","20150217","35.82","36.13","35.16","35.92","913805"
"DBD","20150218","35.63","35.93","35.12","35.71","817581"
"DBD","20150219","35.55","36.15","35.55","36.04","472023"
"DBD","20150220","36.03","36.41","35.76","36.3001","415636"
"DBD","20150223","36.24","36.45","36.08","36.34","457919"
"DBD","20150224","36.15","36.49","36.09","36.28","504467"
"DBD","20150225","36.28","36.3599","35.84","35.94","463708"
"DBD","20150226","35.96","36.21","35.46","35.55","315481"
"DBD","20150227","35.57","35.84","35.43","35.69","338193"
"DBD","20150302","35.73","36.25","35.525","36.02","312051"
"DBD","20150303","35.91","36.045","35.42","35.48","283337"
"DBD","20150304","35.45","35.49","35.2","35.35","253893"
"DBD","20150305","35.4","35.488","35.05","35.14","328524"
"DBD","20150306","35.02","35.18","34.17","34.27","512489"
"DBD","20150309","34.42","35.16","34.42","34.66","506850"
"DBD","20150310","34.51","34.51","33.7","33.77","435434"
"DBD","20150311","33.91","34.13","33.55","33.64","417810"
"DBD","20150312","33.62","34.04","33.47","34.02","500482"
"DBD","20150313","34.01","34.01","33.1","33.34","448011"
"DBD","20150316","33.41","33.88","33.24","33.85","499470"
"DBD","20150317","33.84","33.98","33.64","33.95","493058"
"DBD","20150318","33.96","34.535","33.56","34.29","364851"
"DBD","20150319","34.19","34.45","34.05","34.2","225318"
"DBD","20150320","34.36","34.67","34.0293","34.59","961592"
"DBD","20150323","34.78","35.29","34.63","35.24","477326"
"DBD","20150324","35.4","35.78","35.24","35.3","385052"
"DBD","20150325","35.49","35.55","34.45","34.51","249243"
"DBD","20150326","34.32","34.73","34.15","34.63","253067"
"DBD","20150327","34.65","34.73","34.29","34.64","222851"
"DBD","20150330","34.83","35.4","34.68","35.25","407291"
"DBD","20150331","35.15","35.94","35.06","35.46","511252"
"DBD","20150401","35.4","35.51","34.33","34.56","364842"
"DBD","20150402","34.56","34.99","34.44","34.86","169390"
"DBD","20150406","34.73","35.38","34.48","35.36","443930"
"DBD","20150407","35.56","35.59","35.22","35.28","301022"
"DBD","20150408","35.41","35.76","35.01","35.64","380828"
"DBD","20150409","35.71","36.12","35.26","36.02","283140"
"DBD","20150410","36.03","36.3","35.76","35.85","386459"
"DBD","20150413","35.68","35.68","34.75","35.51","814913"
"DBD","20150414","35.51","35.78","35.09","35.405","409692"
"DBD","20150415","35.51","35.77","35.38","35.55","409987"
"DBD","20150416","35.41","35.69","35.28","35.53","161959"
"DBD","20150417","35.33","35.8","35.0453","35.25","343145"
"DBD","20150420","35.43","35.72","35.33","35.64","207058"
"DBD","20150421","35.77","35.98","35.39","35.56","236558"
"DBD","20150422","35.55","35.92","35.13","35.88","204381"
"DBD","20150423","35.82","35.96","35.14","35.48","287377"
"DBD","20150424","35.54","35.55","35.0575","35.14","246962"
"DBD","20150427","35.17","35.23","34.61","34.9","401104"
"DBD","20150428","35.05","35.82","34.72","35.8","395244"
"DBD","20150429","35.55","35.62","34.87","35.27","644092"
"DBD","20150430","34.91","36.21","34.28","34.77","1084824"
"DBD","20150501","34.67","34.79","34.04","34.76","632956"
"DBD","20150504","34.67","35.07","34.35","34.75","518533"
"DBD","20150505","34.59","34.73","33.82","33.95","480093"
"DBD","20150506","34.15","34.15","33.4","33.7","407061"
"DBD","20150507","33.62","33.8","33.49","33.7","372231"
"DBD","20150508","33.87","34.11","33.595","33.71","223987"
"DBD","20150511","33.67","33.995","33.57","33.93","357440"
"DBD","20150512","33.8","33.92","33.26","33.71","368087"
"DBD","20150513","33.78","33.92","33.42","33.65","382242"
"DBD","20150514","33.94","34.37","33.85","34.37","258666"
"DBD","20150515","34.38","34.5","34.03","34.29","257962"
"DBD","20150518","34.3","34.7","34.1814","34.63","298331"
"DBD","20150519","34.73","34.98","34.05","34.96","663213"
"DBD","20150520","34.87","34.87","33.7","33.75","428522"
"DBD","20150521","33.69","34.11","33.69","34.08","326734"
"DBD","20150522","34.09","34.23","33.88","33.96","254785"
"DBD","20150526","33.8","33.88","33.21","33.41","453242"
"DBD","20150527","33.51","33.733","33.36","33.57","434537"
"DBD","20150528","33.43","34.1","33.43","34.1","457891"
"DBD","20150529","34.15","34.36","33.87","34.18","343392"
"DBD","20150601","34.38","34.5","34.01","34.35","295938"
"DBD","20150602","34.24","34.66","34.13","34.56","286477"
"DBD","20150603","34.67","35.62","34.53","35.58","766982"
"DBD","20150604","35.98","36.18","35.44","35.51","645676"
"DBD","20150605","35.42","35.71","35.11","35.59","394537"
"DBD","20150608","35.57","35.71","35.06","35.24","272173"
"DBD","20150609","35.23","38.94","34.905","37.85","4294166"
"DBD","20150610","37.56","38.195","36.87","37.51","1383986"
"DBD","20150611","37.53","37.53","36.85","36.97","632704"
"DBD","20150612","36.94","37.0898","36.744","36.8","552761"
"DBD","20150615","36.8","36.81","36.15","36.58","381068"
"DBD","20150616","36.51","38","36.37","37.37","1133605"
"DBD","20150617","37.49","37.62","36.96","37.15","378603"
"DBD","20150618","37.24","37.5","37.1","37.15","395091"
"DBD","20150619","37.2","37.26","36.75","36.77","363143"
"DBD","20150622","37.06","37.06","36.326","36.86","277903"
"DBD","20150623","36.83","37","36.53","36.94","286981"
"DBD","20150624","36.9","37.05","36.71","36.799","348772"
"DBD","20150625","36.78","36.78","36.01","36.06","268341"
"DBD","20150626","36.07","36.15","35.29","35.7","872343"
"DBD","20150629","35.54","35.86","35.26","35.39","604283"
"DBD","20150630","35.69","35.69","34.94","35.01","375899"
"DBD","20150701","35.2","35.22","34.74","35.18","577433"
"DBD","20150702","35.18","35.285","34.46","34.51","234258"
"DBD","20150706","34.17","34.37","33.62","33.82","407209"
"DBD","20150707","33.74","34.1425","33.24","34","546583"
"DBD","20150708","33.78","34.05","33.63","33.84","431715"
"DBD","20150709","34.23","34.26","33.43","33.46","282005"
"DBD","20150710","33.79","33.98","33.6","33.79","246846"
"DBD","20150713","33.9","34.11","33.73","34.11","367597"
"DBD","20150714","34.18","34.39","34","34.03","249193"
"DBD","20150715","34.09","34.18","33.69","33.85","277788"
"DBD","20150716","34.01","34.19","33.641","33.95","286182"
"DBD","20150717","33.84","34.5","33.51","33.97","557059"
"DBD","20150720","34.05","34.1","33.68","33.87","480878"
"DBD","20150721","33.91","34.27","33.64","33.95","337431"
"DBD","20150722","33.73","34.03","33.69","34.01","244162"
"DBD","20150723","34.15","34.46","34.025","34.08","308907"
"DBD","20150724","34.02","34.23","33.35","33.6","377699"
"DBD","20150727","33.33","33.71","33.0601","33.66","540005"
"DBD","20150728","33.56","33.67","32.8","33.35","706526"
"DBD","20150729","33.16","33.66","33","33.54","469492"
"DBD","20150730","33.28","34.1","32.89","32.96","809508"
"DBD","20150731","33.5","34.07","32.98","34.06","1171819"
"DBD","20150803","34.08","34.32","33.55","33.92","709900"
"DBD","20150804","33.76","34.45","33.75","34.45","815412"
"DBD","20150805","34.63","34.96","34.48","34.91","612422"
"DBD","20150806","34.89","35.18","34.75","35.09","432368"
"DBD","20150807","34.9","35.19","34.9","35.12","331983"
"DBD","20150810","35.26","35.79","35.15","35.7","295752"
"DBD","20150811","35.38","35.41","34.37","34.6","425366"
"DBD","20150812","34.28","34.55","33.5","33.85","418965"
"DBD","20150813","33.89","34.18","33.47","33.77","679436"
"DBD","20150814","33.8","34.3","33.58","34.26","202367"
"DBD","20150817","34.18","34.65","34.01","34.65","228574"
"DBD","20150818","34.5","34.68","34.3","34.56","359859"
"DBD","20150819","34.27","34.44","33.48","33.57","477517"
"DBD","20150820","33.26","33.35","32.6664","32.91","505891"
"DBD","20150821","32.41","32.88","31.66","31.69","549907"
"DBD","20150824","30.02","31.44","29.71","30.31","714650"
"DBD","20150825","31.01","31.1","30.04","30.05","619090"
"DBD","20150826","30.71","30.71","29.6","30.39","557678"
"DBD","20150827","30.72","30.96","30.2","30.91","312790"
"DBD","20150828","30.82","31.21","30.79","31.18","294194"
"DBD","20150831","31","31.22","30.6","31.12","329989"
"DBD","20150901","30.54","30.79","29.81","29.91","286659"
"DBD","20150902","30.18","30.32","29.67","30.22","207584"
"DBD","20150903","30.23","30.54","30.05","30.14","166140"
"DBD","20150904","29.77","30.04","29.65","29.74","241277"
"DBD","20150908","30.22","30.66","30.16","30.62","199134"
"DBD","20150909","30.88","30.88","29.96","30.01","240724"
"DBD","20150910","29.86","30.66","29.758","30.64","571989"
"DBD","20150911","30.53","30.8","30.3","30.8","188841"
"DBD","20150914","30.81","30.96","30.32","30.57","317300"
"DBD","20150915","30.63","31.58","30.63","31.4","381311"
"DBD","20150916","31.31","31.72","31.24","31.61","331248"
"DBD","20150917","31.56","32.28","31.24","31.94","496128"
"DBD","20150918","31.6","32.14","31.17","31.3","441608"
"DBD","20150921","31.44","31.69","31","31.11","172522"
"DBD","20150922","30.67","30.717","30.17","30.28","181264"
"DBD","20150923","30.37","30.46","29.45","29.75","188155"
"DBD","20150924","29.61","29.83","29.164","29.76","151541"
"DBD","20150925","30","30.02","29.38","29.65","306412"
"DBD","20150928","29.5","29.74","29.34","29.36","330439"
"DBD","20150929","29.36","29.75","29.2","29.41","209709"
"DBD","20150930","29.81","30.13","29.43","29.77","214482"
"DBD","20151001","30.03","31.17","29.67","30.2","689534"
"DBD","20151002","30.69","30.69","29.6","30.69","343012"
"DBD","20151005","30.84","31.79","30.84","31.68","199920"
"DBD","20151006","31.71","32.01","31.56","31.77","175314"
"DBD","20151007","31.97","32.57","31.68","32.36","258305"
"DBD","20151008","32.31","33.09","32.14","32.9","154663"
"DBD","20151009","33.01","33.55","32.8","33.24","451263"
"DBD","20151012","33.32","33.41","32.88","33.33","186331"
"DBD","20151013","33.06","33.82","33.01","33.38","443850"
"DBD","20151014","33.37","33.52","33.01","33.06","166168"
"DBD","20151015","33.23","33.49","32.719","32.91","361571"
"DBD","20151016","32.9","33.72","32.45","33.55","531699"
"DBD","20151019","35.5","36.49","35.3201","35.81","868206"
"DBD","20151020","35.85","36.17","35.69","36.04","540391"
"DBD","20151021","36.23","36.31","35.01","35.07","334565"
"DBD","20151022","35.22","35.84","35.22","35.77","62103"
"DBD","20151023","36.24","37.11","35.96","36.87","96582"
"DBD","20151026","36.87","37.58","36.6","37.47","541703"
"DBD","20151027","37.17","37.48","36.42","36.65","770375"
"DBD","20151028","36.69","37.12","36.15","36.98","573791"
"DBD","20151029","35.01","37.0699","34.51","36.35","645501"
"DBD","20151030","36.32","37.2","36.1","36.87","476955"
"DBD","20151102","36.86","37.37","36.8","37.35","399271"
"DBD","20151103","37.22","37.98","36.95","37.3","330593"
"DBD","20151104","37.37","37.57","37.14","37.26","256942"
"DBD","20151105","37.25","37.44","36.78","36.95","215667"
"DBD","20151106","36.7","37.67","36.52","37.6","239535"
"DBD","20151109","37.45","37.49","36.8","36.89","192741"
"DBD","20151110","36.77","36.98","36.45","36.8","192253"
"DBD","20151111","36.9","37.25","36.4818","37.01","215953"
"DBD","20151112","35.96","36.84","35.93","35.96","282957"
"DBD","20151113","35.84","36.11","35.27","35.54","252442"
"DBD","20151116","35.44","36.2","35.37","36.09","250889"
"DBD","20151117","36.11","36.76","35.83","36.14","302758"
"DBD","20151118","35.98","36.53","35.5","36.41","318271"
"DBD","20151119","36.4","36.63","36.12","36.23","238956"
"DBD","20151120","36.43","37.88","35.92","37.51","842030"
"DBD","20151123","36.45","36.45","33.86","35","2037621"
"DBD","20151124","34.72","34.89","33.83","33.87","1047785"
"DBD","20151125","33.87","34.19","33.76","33.93","644600"
"DBD","20151127","33.95","34.83","33.93","34.58","275356"
"DBD","20151130","34.69","34.98","34.44","34.64","558323"
"DBD","20151201","34.72","35.2","34.25","34.61","439019"
"DBD","20151202","34.7","35.23","34.42","34.92","763783"
"DBD","20151203","34.77","34.99","33.57","33.61","338774"
"DBD","20151204","33.74","34.07","33.54","33.64","318919"
"DBD","20151207","33.63","33.825","32.37","32.68","328834"
"DBD","20151208","32.4","32.69","32.18","32.33","334396"
"DBD","20151209","32.24","32.42","31.64","31.83","385153"
"DBD","20151210","31.86","32.265","31.6","32.16","277457"
"DBD","20151211","31.65","32.04","31.5","31.71","285524"
"DBD","20151214","31.67","31.7","30.49","30.69","481280"
"DBD","20151215","30.84","30.995","30.55","30.63","778209"
"DBD","20151216","30.84","31.3","30.63","31.12","318241"
"DBD","20151217","31.18","31.28","30.5","30.51","360286"
"DBD","20151218","30.61","30.95","30.28","30.39","769062"
"DBD","20151221","30.71","30.74","30.15","30.74","267568"
"DBD","20151222","30.73","31.09","30.58","30.93","354174"
"DBD","20151223","30.95","31.7","30.83","31.61","543619"
"DBD","20151224","31.49","31.72","31.36","31.51","105557"
"DBD","20151228","31.39","31.42","30.49","30.58","241095"
"DBD","20151229","30.81","31.27","30.645","31.16","239922"
"DBD","20151230","31","31.46","30.68","30.7","370962"
"DBD","20151231","30.61","30.7","30.06","30.08","264926"
"DBD","20160104","29.71","29.7999","28.93","29.5","597598"
"DBD","20160105","29.51","29.66","28.89","28.91","391891"
"DBD","20160106","28.53","28.59","27.8801","27.99","325371"
"DBD","20160107","27.51","27.51","26.32","26.74","610756"
"DBD","20160108","26.98","26.9985","25.925","25.99","431299"
"DBD","20160111","26.21","26.22","25.67","26.08","370076"
"DBD","20160112","26.24","26.34","25.49","25.84","509382"
"DBD","20160113","25.86","26.06","24.63","24.69","459151"
"DBD","20160114","24.86","25.72","24.24","25.51","491365"
"DBD","20160115","24.72","25.358","24.32","25.04","900140"
"DBD","20160119","25.37","25.3899","24.535","24.85","517577"
"DBD","20160120","24.37","25.31","23.95","25.21","617484"
"DBD","20160121","25.39","25.6199","24.6","24.84","469788"
"DBD","20160122","25.44","25.86","25.15","25.84","671018"
"DBD","20160125","26.19","28.21","25.84","26.9","1294381"
"DBD","20160126","27.08","27.34","26.6","26.99","522543"
"DBD","20160127","26.82","27.27","26.42","26.51","310199"
"DBD","20160128","26.7","26.82","26.18","26.72","305825"
"DBD","20160129","26.81","27.72","26.67","27.72","425538"
"DBD","20160201","27.49","27.77","27.0581","27.56","343183"
"DBD","20160202","27.14","27.321","26.56","26.66","320700"
"DBD","20160203","27","27.6","26.29","27.39","313410"
"DBD","20160204","27.1","28.03","26.97","27.5","397249"
"DBD","20160205","27.34","27.82","26.84","26.97","572485"
"DBD","20160208","26.7","26.8","25.39","26.07","608102"
"DBD","20160209","24.96","26.1","24.96","25.88","329891"
"DBD","20160210","25.87","26.36","25.47","25.78","440893"
"DBD","20160211","24.4","24.96","22.865","23.01","1327891"
"DBD","20160212","23.23","23.31","22.8801","23.04","777084"
"DBD","20160216","23.25","24.58","23.05","24.41","823800"
"DBD","20160217","24.44","24.9499","24.4101","24.52","639511"
"DBD","20160218","24.63","24.96","24.45","24.85","551105"
"DBD","20160219","24.71","24.86","23.63","24.04","995332"
"DBD","20160222","24.33","24.51","24.05","24.25","554327"
"DBD","20160223","24.09","24.17","23.82","23.9","616812"
"DBD","20160224","23.28","24.39","22.84","24.34","504840"
"DBD","20160225","24.29","24.33","24.04","24.23","419254"
"DBD","20160226","24.29","24.7112","24.07","24.42","538643"
"DBD","20160229","24.41","25.17","24.34","24.82","690461"
"DBD","20160301","25.06","25.63","24.62","25.62","545730"
"DBD","20160302","25.57","25.99","25.37","25.71","891650"
"DBD","20160303","25.54","25.64","25.07","25.34","621941"
"DBD","20160304","25.32","25.67","25.055","25.41","1065889"
"DBD","20160307","25.31","26.495","25.22","26.18","995429"
"DBD","20160308","25.96","25.96","24.87","25.23","559202"
"DBD","20160309","25.08","25.89","25","25.41","451363"
"DBD","20160310","25.44","25.48","24.34","25.03","488949"
"DBD","20160311","24.9","25.6","24.56","25.39","614450"
"DBD","20160314","25.24","25.61","24.87","25.32","835400"
"DBD","20160315","24.95","24.97","23.84","24.81","601136"
"DBD","20160316","24.32","25.83","24.2501","25.64","760059"
"DBD","20160317","25.62","27.54","25.49","27.33","1137343"
"DBD","20160318","27.3","28.12","27.25","28.02","1238555"
"DBD","20160321","28.12","28.24","27.34","28.02","653526"
"DBD","20160322","28.01","28.17","27.655","27.76","504200"
"DBD","20160323","27.78","27.88","26.75","27.02","551879"
"DBD","20160324","28.01","29.66","28.01","29.38","1683791"
"DBD","20160328","29.36","29.75","28.5575","28.86","479301"
"DBD","20160329","28.71","29.47","28.4561","29.22","612538"
"DBD","20160330","29.36","29.68","28.94","29.18","578797"
"DBD","20160331","29.2","29.3042","28.86","28.91","435483"
"DBD","20160401","28.63","28.81","28.06","28.57","389234"
"DBD","20160404","28.63","28.63","28.115","28.21","247933"
"DBD","20160405","27.92","28.06","27.53","27.54","346268"
"DBD","20160406","27.57","27.57","26.98","27.42","502176"
"DBD","20160407","27.27","27.32","26.7901","27","469639"
"DBD","20160408","27.21","27.59","26.705","26.89","616412"
"DBD","20160411","26.66","27.37","26.56","26.79","510830"
"DBD","20160412","26.91","27.08","26.37","26.86","340632"
"DBD","20160413","27.16","27.46","27.04","27.35","469800"
"DBD","20160414","27.33","27.69","27.28","27.29","405494"
"DBD","20160415","27.25","27.338","26.75","26.92","590093"
"DBD","20160418","26.85","27.27","26.67","27.13","300159"
"DBD","20160419","27.21","27.67","27.15","27.33","424694"
"DBD","20160420","27.38","27.49","26.98","27.05","486171"
"DBD","20160421","27.2","27.43","27.005","27.42","561537"
"DBD","20160422","27.34","28.05","27.34","28.01","570962"
"DBD","20160425","27.99","27.99","27.64","27.75","787375"
"DBD","20160426","27.94","27.99","27.43","27.75","432953"
"DBD","20160427","27.73","28.07","27.46","27.78","681599"
"DBD","20160428","27.22","27.46","26.25","26.71","1049008"
"DBD","20160429","26.55","26.7","26.04","26.27","758953"
"DBD","20160502","26.29","26.3","25.54","25.65","659285"
"DBD","20160503","25.6","25.86","25.08","25.21","666294"
"DBD","20160504","25","25.105","24.28","24.5","998548"
"DBD","20160505","24.66","24.76","24.17","24.19","678564"
"DBD","20160506","24.22","24.31","23.75","24.27","591498"
"DBD","20160509","24.25","24.47","24.16","24.36","581332"
"DBD","20160510","24.41","24.895","24.12","24.8","655948"
"DBD","20160511","24.72","24.96","24.4","24.68","1147748"
"DBD","20160512","24.83","24.92","23.73","23.78","696467"
"DBD","20160513","23.79","24.14","23.325","23.61","610413"
"DBD","20160516","23.65","24.69","23.56","24.4","573639"
"DBD","20160517","24.32","24.81","24.11","24.28","535684"
"DBD","20160518","24.02","24.53","23.45","23.65","832005"
"DBD","20160519","23.52","23.77","23.1","23.37","450519"
"DBD","20160520","23.48","23.95","23.48","23.88","395505"
"DBD","20160523","23.98","24.2699","23.75","23.81","349946"
"DBD","20160524","24","24.38","23.93","24.22","408824"
"DBD","20160525","24.28","24.61","24.2","24.58","634812"
"DBD","20160526","24.6","24.71","24.32","24.63","340917"
"DBD","20160527","24.67","24.94","24.48","24.9","455217"
"DBD","20160531","25.01","25.9","24.95","25.85","864382"
"DBD","20160601","25.8","26.08","25.33","25.97","574234"
"DBD","20160602","25.83","26.29","25.81","26.2","323234"
"DBD","20160603","26.15","26.21","25.66","26.09","367039"
"DBD","20160606","26.14","26.87","26.08","26.75","361931"
"DBD","20160607","26.7","27.02","26.7","26.97","362042"
"DBD","20160608","26.79","27.18","26.67","26.69","333727"
"DBD","20160609","26.5","26.63","26.09","26.27","296535"
"DBD","20160610","26.01","26.03","25.2","25.66","643003"
"DBD","20160613","25.51","25.79","24.92","25.13","531836"
"DBD","20160614","25.09","25.57","24.93","25.52","700849"
"DBD","20160615","25.54","25.92","25.07","25.11","507639"
"DBD","20160616","24.87","25.44","24.601","25.29","507947"
"DBD","20160617","25.41","26.21","25.4","25.44","795441"
"DBD","20160620","25.93","26.08","25.74","25.74","686716"
"DBD","20160621","25.8","26.02","25.65","25.88","607038"
"DBD","20160622","25.88","26.23","25.7","25.71","310707"
"DBD","20160623","26.11","26.31","25.88","26.15","626872"
"DBD","20160624","25.2","25.27","24.605","24.91","1753380"
"DBD","20160627","24.7","24.8099","23.23","23.34","1032689"
"DBD","20160628","23.7","23.9296","23.24","23.56","538059"
"DBD","20160629","23.81","24.16","23.52","24.02","723911"
"DBD","20160630","24.07","24.85","23.94","24.82","670960"
"DBD","20160701","24.8","25.4","24.6897","25.32","555344"
"DBD","20160705","25.04","25.08","24.33","24.58","475845"
"DBD","20160706","24.33","24.95","24.04","24.73","593953"
"DBD","20160707","24.87","25.3","24.8","25","408767"
"DBD","20160708","25.28","25.6148","25.28","25.45","543817"
"DBD","20160711","25.54","25.87","25.54","25.6","331684"
"DBD","20160712","26","26.26","25.87","25.99","472354"
"DBD","20160713","26.15","26.2008","25.77","25.8","423762"
"DBD","20160714","26.13","26.13","25.68","25.76","501468"
"DBD","20160715","25.86","26.02","25.69","25.97","244448"
"DBD","20160718","25.98","26.15","25.86","26.01","308734"
"DBD","20160719","25.9","26.04","25.56","25.63","353118"
"DBD","20160720","25.84","26.13","25.62","26.12","429533"
"DBD","20160721","26.04","26.42","25.84","25.95","323154"
"DBD","20160722","26.04","26.46","25.77","26.45","475476"
"DBD","20160725","26.19","26.34","25.685","25.86","532553"
"DBD","20160726","25.88","26.16","25.72","26.13","455507"
"DBD","20160727","26.24","26.37","25.92","26.12","556490"
"DBD","20160728","26.32","28.67","26.02","28.34","1377827"
"DBD","20160729","28.19","28.76","27.9875","28.24","732747"
"DBD","20160801","28.21","28.21","27.24","27.45","792697"
"DBD","20160802","27.42","27.49","26.79","26.83","560465"
"DBD","20160803","26.8","26.86","26.46","26.85","544006"
"DBD","20160804","27.01","27.18","26.66","26.72","470866"
"DBD","20160805","27","27.82","26.98","27.81","1069168"
"DBD","20160808","27.9","28.77","27.875","28.4","802035"
"DBD","20160809","28.36","28.562","28.09","28.15","459089"
"DBD","20160810","28.15","28.3","27.95","28.09","584669"
"DBD","20160811","28.18","28.46","27.89","28.41","488696"
"DBD","20160812","28.43","28.55","27.97","28.17","1024753"
"DBD","20160815","28.25","28.4","27.95","28.4","645946"
"DBD","20160816","28.12","28.16","27.49","27.74","1328010"
"DBD","20160817","27.65","27.915","27.47","27.79","729693"
"DBD","20160818","28.18","28.385","28.18","28.18","1150040"
"DBD","20160819","28.05","29.005","27.7901","28.98","1256759"
"DBD","20160822","28.69","28.75","27.74","28.33","771738"
"DBD","20160823","28.5","28.97","28.11","28.73","846208"
"DBD","20160824","28.69","28.9","28.48","28.54","507523"
"DBD","20160825","28.42","28.59","28.12","28.55","697621"
"DBD","20160826","28.49","28.8601","28.09","28.32","494491"
"DBD","20160829","28.35","28.49","28.07","28.24","443865"
"DBD","20160830","28.26","28.52","27.8","28.07","995959"
"DBD","20160831","28.08","28.1","27.5","28.06","668922"
"DBD","20160901","28.07","28.12","27.62","27.95","559620"
"DBD","20160902","28.2","28.44","27.95","28.42","567592"
"DBD","20160906","28.36","28.64","27.84","27.9","777934"
"DBD","20160907","27.88","28.01","27.48","27.57","1047867"
"DBD","20160908","27.56","27.72","26.78","26.84","1167553"
"DBD","20160909","26.6","26.95","25.64","25.64","1109432"
"DBD","20160912","25.5","26.15","25.44","26.08","761608"
"DBD","20160913","25.89","26.19","24.93","25.09","879027"
"DBD","20160914","25.16","25.21","24.2","24.34","1146814"
"DBD","20160915","24.37","24.86","24.27","24.78","714024"
"DBD","20160916","24.68","24.83","24.26","24.41","850121"
"DBD","20160919","24.67","24.96","24.285","24.37","705256"
"DBD","20160920","24.55","24.62","24.04","24.05","581076"
"DBD","20160921","24.18","24.4","23.95","24.32","487838"
"DBD","20160922","24.63","24.825","24.43","24.69","551781"
"DBD","20160923","24.6","24.74","24.46","24.49","829235"
"DBD","20160926","25.14","26.18","25.08","25.6","2137202"
"DBD","20160927","25.76","25.86","25.21","25.27","557436"
"DBD","20160928","25.31","25.47","24.63","24.91","1447674"
"DBD","20160929","24.93","25.12","24.27","24.45","693811"
"DBD","20160930","24.69","24.87","24.47","24.79","700341"
"DBD","20161003","24.69","24.855","24.55","24.7","674922"
"DBD","20161004","24.86","25.26","24.75","24.93","623704"
"DBD","20161005","25.19","25.49","25.07","25.1","584329"
"DBD","20161006","25.15","25.225","24.81","25.08","560440"
"DBD","20161007","25.17","25.2547","24.58","24.74","460410"
"DBD","20161010","24.96","25.25","24.64","24.66","352182"
"DBD","20161011","24.53","24.62","23.77","23.87","706041"
"DBD","20161012","23.97","23.97","23.475","23.59","801391"
"DBD","20161013","23.29","23.45","22.84","23.22","951325"
"DBD","20161014","23.27","23.39","22.86","22.89","434383"
"DBD","20161017","22.95","23.2","22.65","22.7","481733"
"DBD","20161018","23.1","23.25","22.7","22.8","498498"
"DBD","20161019","22.8","23.1","22.7","22.85","309011"
"DBD","20161020","22.75","22.95","22.3","22.4","462790"
"DBD","20161021","22.2","22.475","22.15","22.25","457222"
"DBD","20161024","22.65","22.65","22.1","22.2","408630"
"DBD","20161025","22.05","22.3","21.4","21.75","665410"
"DBD","20161026","21.7","23.73","21.5834","23","1493028"
"DBD","20161027","23.05","23.1","22.6","22.7","745789"
"DBD","20161028","22.65","23.05","22","22.1","717352"
"DBD","20161031","22.15","22.2667","21.75","21.8","668409"
"DBD","20161101","21.85","21.95","21.1","21.45","723489"
"DBD","20161102","21.45","21.65","21.1","21.25","753260"
"DBD","20161103","21.35","21.75","21.25","21.6","634139"
"DBD","20161104","21.65","21.7","21.05","21.2","678911"
"DBD","20161107","21.7","22","21.55","21.9","724414"
"DBD","20161108","21.7","22.3","21.15","22.15","1246238"
"DBD","20161109","21.75","23","21.64","22.9","857071"
"DBD","20161110","23.1","23.5","22.6","23","953920"
"DBD","20161111","22.9","24.05","22.55","24","1604848"
"DBD","20161114","24.2","24.85","23.85","24.8","2393658"
"DBD","20161115","23.8","23.975","22","23.05","3029505"
"DBD","20161116","22.95","24.5","22.9","24.25","2637440"
"DBD","20161117","24.3","24.35","23.55","24.2","1284632"
"DBD","20161118","24.25","24.4","23.5","23.7","921806"
"DBD","20161121","23.9","23.95","23.1","23.45","851773"
"DBD","20161122","23.5","23.8","22.65","23","1183600"
"DBD","20161123","23","23.35","22.95","23.15","1178302"
"DBD","20161124","23.15","23.15","23.15","23.15","0"
"DBD","20161125","23.25","23.975","23.25","23.55","1040912"
"DBD","20161128","23.5","23.5","22.75","23.3","1222517"
"DBD","20161129","23.2","23.45","22.55","22.65","1728610"
"DBD","20161130","22.75","23.1","22.6","22.8","1170294"
"DBD","20161201","22.95","23.05","22.05","22.5","1629802"
"DBD","20161202","22.5","22.75","22.2","22.3","1365470"
"DBD","20161205","22.6","22.7","22.15","22.2","1091492"
"DBD","20161206","22.25","23.1","21.925","22.95","1360580"
"DBD","20161207","22.9","24.05","22.75","24","1384719"
"DBD","20161208","24.05","24.75","24.05","24.6","1542841"
"DBD","20161209","24.6","24.95","24.55","24.8","1137539"
"DBD","20161212","24.75","25.1","24.4","24.7","1117860"
"DBD","20161213","24.7","25","23.975","24.45","1094940"
"DBD","20161214","24.5","25.325","24.45","24.9","1543553"
"DBD","20161215","24.9","25.045","24.3375","24.5","1639521"
"DBD","20161216","24.45","25.1","24.15","24.9","1574397"
"DBD","20161219","25","25.65","24.7","25.1","1393567"
"DBD","20161220","25.35","25.4","24.85","25.3","1077363"
"DBD","20161221","25.2","25.7","25.2","25.6","866383"
"DBD","20161222","25.5","25.6","25.15","25.15","1134076"
"DBD","20161223","25.15","25.825","25.15","25.6","1073760"
"DBD","20161227","25.6","25.9","25.475","25.75","915214"
"DBD","20161228","25.65","25.85","24.85","25.15","1204538"
"DBD","20161229","25.15","25.495","24.95","25.35","1116837"
"DBD","20161230","25.45","25.5","24.8","25.15","1238394"
"DBD","20170103","25.45","25.95","25.4","25.7","1249676"
"DBD","20170104","25.75","26.15","25.55","26.1","967358"
"DBD","20170105","26.15","26.25","25.65","26","1098122"
"DBD","20170106","26","26.2","25.825","25.9","805229"
"DBD","20170109","25.85","25.85","25.35","25.55","719009"
"DBD","20170110","25.55","25.8","25.225","25.4","681161"
"DBD","20170111","25.3","25.65","25.2","25.5","418086"
"DBD","20170112","25.3","25.45","24.9","25.2","706744"
"DBD","20170113","25.3","25.85","25.3","25.55","511727"
"DBD","20170117","25.55","25.7","25.3","25.45","490192"
"DBD","20170118","25.4","25.6125","25.05","25.3","688560"
"DBD","20170119","25.6","26","24.9","25.15","1018000"
"DBD","20170120","25.15","25.725","25.15","25.7","843374"
"DBD","20170123","25.65","25.85","25.25","25.85","491977"
"DBD","20170124","25.9","26.8","25.75","26.65","658867"
"DBD","20170125","26.7","27.45","26.7","27.45","976284"
"DBD","20170126","27.35","27.45","26.95","27.25","773273"
"DBD","20170127","27.15","27.45","26.75","27.1","456627"
"DBD","20170130","27","27","26.2","26.8","657225"
"DBD","20170131","26.7","27.35","26.7","27.2","938283"
"DBD","20170201","27.25","27.45","26.6","26.65","690762"
"DBD","20170202","26.65","26.9","26.2","26.4","674034"
"DBD","20170203","26.65","26.85","26.35","26.45","499380"
"DBD","20170206","26.25","26.6","26.25","26.45","518756"
"DBD","20170207","26.55","26.75","26.25","26.7","1354355"
"DBD","20170208","26.45","26.85","26.25","26.6","1308846"
"DBD","20170209","26.7","27.5","26.7","27.45","793877"
"DBD","20170210","27.5","28","27.1","27.4","737455"
"DBD","20170213","27.6","27.85","26.8","27.2","1569713"
"DBD","20170214","27","29.75","27","29.25","3189248"
"DBD","20170215","29.2","30.6","29.05","29.95","2924859"
"DBD","20170216","29.8","30","29.4","30","1023604"
"DBD","20170217","30","30.45","29.85","30.1","1278187"
"DBD","20170221","30.05","30.25","29.325","29.7","955355"
"DBD","20170222","30.15","30.15","29.55","29.85","1005187"
"DBD","20170223","29.9","30.95","29.8","30.8","1207857"
"DBD","20170224","30.4","31.25","30.3","31.05","1583292"
"DBD","20170227","31","31.4","30.75","31.05","1034125"
"DBD","20170228","31","31.095","30.2","30.2","1016214"
"DBD","20170301","30.65","31.4","30.325","31","1506138"
"DBD","20170302","30.85","31.375","30.8","31.05","1108045"
"DBD","20170303","31","31.85","30.8","31.6","1114773"
"DBD","20170306","31.35","31.55","30.825","31","848655"
"DBD","20170307","30.5","31","30","30.45","669221"
"DBD","20170308","30.5","30.8","30.15","30.25","638830"
"DBD","20170309","30.2","30.2","29.55","30","667807"
"DBD","20170310","30.15","30.4","29.7","30.05","640368"
"DBD","20170313","30.05","30.15","28.8","29.05","1134743"
"DBD","20170314","28.95","28.95","28.45","28.8","733763"
"DBD","20170315","28.8","29","28.6","28.75","861971"
"DBD","20170316","28.8","29.2","28.51","29.15","939792"
"DBD","20170317","29.3","29.5","29.1","29.3","1506041"
"DBD","20170320","29.3","29.5","29.05","29.15","651490"
"DBD","20170321","29.3","29.5","28.35","28.85","901487"
"DBD","20170322","28.9","29.15","28.6","29.05","627099"
"DBD","20170323","29","29.55","28.7","29.3","432884"
"DBD","20170324","29.35","29.85","29.1","29.3","683281"
"DBD","20170327","28.9","29.625","28.6","29.35","527526"
"DBD","20170328","29.2","30","29.1","29.8","813828"
"DBD","20170329","29.85","30.45","29.6","30.25","686699"
"DBD","20170330","30.15","30.7","30.05","30.6","654564"
"DBD","20170331","30.55","31","30.35","30.7","579205"
"DBD","20170403","30.7","30.7","29.35","29.65","731825"
"DBD","20170404","29.5","30.05","28.85","29.15","730932"
"DBD","20170405","29.25","29.55","28.45","28.55","838907"
"DBD","20170406","28.55","29","28.45","29","794688"
"DBD","20170407","28.75","29","28.45","28.9","717152"
"DBD","20170410","28.95","29.2","28.7","28.8","598752"
"DBD","20170411","28.8","29.45","28.6","29.2","828957"
"DBD","20170412","29.15","29.2","28.5","28.7","619385"
"DBD","20170413","28.6","28.85","27.85","28","536521"
"DBD","20170417","28","28.6","28","28.6","578464"
"DBD","20170418","28.4","29","28.2958","28.9","522467"
"DBD","20170419","28.95","29.25","28.6","28.65","433430"
"DBD","20170420","28.8","29.15","28.6001","29.05","439638"
"DBD","20170421","28.9","29.05","27.55","27.7","807439"
"DBD","20170424","28.25","28.25","27.6","28","682549"
"DBD","20170425","28.1","28.85","27.8","28.7","783223"
"DBD","20170426","28.6","29.25","28.55","28.8","594516"
"DBD","20170427","28.85","29.1","28.65","28.65","481092"
"DBD","20170428","28.65","28.65","28.2","28.2","564775"
"DBD","20170501","28.25","29.15","28.15","28.95","638358"
"DBD","20170502","29","29.2","28.5","28.5","584310"
"DBD","20170503","28.35","28.4","27.6","28.3","1157961"
"DBD","20170504","28.9","29.8","27.125","27.95","1398800"
"DBD","20170505","28.1","28.55","28.05","28.3","822413"
"DBD","20170508","28.2","28.8","28.15","28.7","696004"
"DBD","20170509","28.7","28.75","28.251","28.55","559139"
"DBD","20170510","28.45","28.725","27.9","28","836186"
"DBD","20170511","27.9","27.9","26.85","27.2","727223"
"DBD","20170512","27.2","27.2","26.55","26.85","470332"
"DBD","20170515","27","27.45","26.85","27.45","516349"
"DBD","20170516","27.45","27.5","27.025","27.4","750100"
"DBD","20170517","26.8","26.95","25.5","25.8","820422"
"DBD","20170518","25.7","26.5","25.55","26","1252943"
"DBD","20170519","26.05","26.525","26.05","26.3","703876"
"DBD","20170522","26.4","27.2","26.4","27.1","650152"
"DBD","20170523","27.25","27.6","26.9","27.2","1127719"
"DBD","20170524","27.25","27.45","26.6","26.7","507817"
"DBD","20170525","26.8","27","26.6","26.8","421243"
"DBD","20170526","26.75","26.95","26.5","26.8","503503"
"DBD","20170530","26.65","26.9","26.35","26.55","466032"
"DBD","20170531","26.55","26.85","26","26.45","690204"
"DBD","20170601","26.45","27.75","26.35","27.5","798681"
"DBD","20170602","27.45","28.3","27.45","28","828644"
"DBD","20170605","27.95","28.435","27.85","27.85","527981"
"DBD","20170606","27.65","27.7","26.9","27","525613"
"DBD","20170607","27","27","26.55","26.6","459031"
"DBD","20170608","26.6","27","26.5","26.8","367182"
"DBD","20170609","26.85","27.4","26.5801","26.8","491029"
"DBD","20170612","26.95","27.725","26.9","27.35","865192"
"DBD","20170613","27.25","27.4","26.55","27.05","906395"
"DBD","20170614","26.95","27.025","26.125","26.5","639578"
"DBD","20170615","26.2","26.85","26.15","26.35","614630"
"DBD","20170616","26.15","26.7","26.1","26.7","674932"
"DBD","20170619","27.1","27.95","26.75","27.95","545142"
"DBD","20170620","27.8","27.95","27.1","27.25","594420"
"DBD","20170621","27.3","27.3","26.85","26.95","414091"
"DBD","20170622","27","27.05","26.35","26.55","617954"
"DBD","20170623","26.55","26.65","26.1","26.2","568521"
"DBD","20170626","26.45","27.15","26.3","26.85","634381"
"DBD","20170627","26.7","26.7","26.05","26.15","636676"
"DBD","20170628","26.35","27.525","26.3","27.45","689911"
"DBD","20170629","27.65","28.175","27.25","28.05","851176"
"DBD","20170630","28.2","28.3067","27.7","28","882612"
"DBD","20170703","28.2","28.5","27.95","28","511808"
"DBD","20170705","24.8","25","21.55","21.6","9588439"
"DBD","20170706","21.55","22","20.1","20.4","5169119"
"DBD","20170707","20.5","21.15","19.95","21","3182284"
"DBD","20170710","21.3","21.4","20.65","21.15","2452494"
"DBD","20170711","21.15","21.5","21.05","21.35","1141510"
"DBD","20170712","21.5","21.6","20.9","21.3","916041"
"DBD","20170713","21.35","21.45","20.9","21.2","1341005"
"DBD","20170714","21.1","21.3","20.8","21.25","1676482"
"DBD","20170717","21.3","21.55","21.1999","21.35","882502"
"DBD","20170718","21.25","21.5","20.85","21.35","1728663"
"DBD","20170719","22","22.7","21.1","22","1934221"
"DBD","20170720","22","22.85","21.75","22.75","1170215"
"DBD","20170721","22.8","22.8","21.4","21.65","1761582"
"DBD","20170724","21.9","22.1","21.6","22","871960"
"DBD","20170725","22.2","23.1","22.15","23.05","1308709"
"DBD","20170726","23.05","23.1","22.55","22.75","1209558"
"DBD","20170727","22.9","23.15","22.7","23","1460399"
"DBD","20170728","22.75","23.25","22.725","23.15","1040235"
"DBD","20170731","23.15","23.45","22.875","23.35","1155599"
"DBD","20170801","23.55","23.7","23.25","23.45","1379250"
"DBD","20170802","23.4","23.4","22.6","22.7","883274"
"DBD","20170803","22.7","22.75","22.45","22.65","753919"
"DBD","20170804","22.75","22.9","22.5","22.55","592097"
"DBD","20170807","22.55","22.65","22.15","22.35","641867"
"DBD","20170808","21.8","22.55","21.5","21.65","1178128"
"DBD","20170809","20.95","21.55","20.7","20.95","972954"
"DBD","20170810","20.75","20.9","20.3","20.4","1063059"
"DBD","20170811","20.25","20.55","19.85","20.55","1118677"
"DBD","20170814","20.8","21.1","20.6","21","529474"
"DBD","20170815","21.05","21.1","20.6","20.75","748684"
"DBD","20170816","20.85","21","20.5","20.6","774403"
"DBD","20170817","20.55","20.9","19.75","19.75","860585"
"DBD","20170818","19.65","19.65","19.25","19.5","1030051"
"DBD","20170821","19.35","19.45","18.75","18.75","869616"
"DBD","20170822","18.85","18.9","17.95","18.15","2163901"
"DBD","20170823","18.55","19.35","18.05","19.1","2115253"
"DBD","20170824","19.25","19.3","18.9","19","532704"
"DBD","20170825","19.25","19.85","19.05","19.6","884777"
"DBD","20170828","19.75","19.85","19.45","19.7","551198"
"DBD","20170829","19.4","19.95","19.35","19.8","606634"
"DBD","20170830","19.75","20.1","19.6","20.05","600323"
"DBD","20170831","20.15","20.5","20.1","20.45","601141"
"DBD","20170901","20.5","20.7","20.3","20.45","590761"
"DBD","20170905","20.45","20.7","20","20.3","731224"
"DBD","20170906","20.45","20.5","20","20.2","662600"
"DBD","20170907","20.25","20.45","20.05","20.25","801484"
"DBD","20170908","20.2","20.35","20.05","20.25","484916"
"DBD","20170911","20.55","20.85","20.125","20.3","1058636"
"DBD","20170912","20.4","21.15","20.35","21.15","892417"
"DBD","20170913","21","21.3","20.45","21","832048"
"DBD","20170914","20.95","21.05","20.6","20.9","518024"
"DBD","20170915","20.85","21.3","20.6","21.15","493204"
"DBD","20170918","21.2","21.45","21","21.3","499403"
"DBD","20170919","21.3","21.65","21.2","21.55","601166"
"DBD","20170920","21.5","21.8","21.325","21.4","636037"
"DBD","20170921","21.35","21.7","21.25","21.45","506462"
"DBD","20170922","21.4","21.7","21.3","21.45","405344"
"DBD","20170925","21.45","21.65","21.15","21.65","521877"
"DBD","20170926","21.65","22.15","21.65","22.1","725375"
"DBD","20170927","22.2","22.8","22.2","22.7","1020788"
"DBD","20170928","22.55","22.85","22.25","22.85","472754"
"DBD","20170929","22.8","22.95","22.6","22.85","523784"
"DBD","20171002","22.8","23.2","22.6","23.15","593036"
"DBD","20171003","23.15","23.5","22.85","23.25","936810"
"DBD","20171004","23.15","23.2795","22.7","22.75","417229"
"DBD","20171005","22.75","22.8","22.45","22.7","462901"
"DBD","20171006","22.55","22.9","22.45","22.7","361314"
"DBD","20171009","22.85","22.975","22.65","22.7","337317"
"DBD","20171010","22.9","23.2","22.6","22.85","388381"
"DBD","20171011","22.8","23.025","22.65","22.85","347957"
"DBD","20171012","22.8","23.1","22.65","22.8","446874"
"DBD","20171013","22.8","23.25","22.65","23.05","487644"
