"DSX","20150120","6.5","6.57","6.38","6.53","430556"
"DSX","20150121","6.56","6.75","6.5","6.63","433347"
"DSX","20150122","6.7","6.7","6.54","6.59","250150"
"DSX","20150123","6.57","6.64","6.442","6.6","479882"
"DSX","20150126","6.63","6.65","6.5","6.56","277308"
"DSX","20150127","6.6","6.77","6.47","6.77","377660"
"DSX","20150128","6.79","6.8","6.39","6.42","669800"
"DSX","20150129","6.43","6.48","6.27","6.41","460248"
"DSX","20150130","6.36","6.72","6.31","6.64","529681"
"DSX","20150202","6.64","6.74","6.55","6.63","424036"
"DSX","20150203","6.66","7.29","6.64","7.19","902640"
"DSX","20150204","7.15","7.2","7","7.07","713213"
"DSX","20150205","7.13","7.22","7.04","7.1","526618"
"DSX","20150206","7.09","7.14","6.875","6.89","380291"
"DSX","20150209","6.88","7.025","6.81","6.96","616886"
"DSX","20150210","6.99","7.06","6.9101","7.05","392304"
"DSX","20150211","7.03","7.03","6.85","6.97","302332"
"DSX","20150212","7.07","7.1299","6.94","7.07","276780"
"DSX","20150213","7.12","7.32","7.09","7.24","545812"
"DSX","20150217","7.22","7.25","7.14","7.21","187508"
"DSX","20150218","7.15","7.31","7.15","7.23","322573"
"DSX","20150219","7.2","7.23","7.11","7.18","349895"
"DSX","20150220","7.05","7.24","7.05","7.23","397872"
"DSX","20150223","7.2","7.2","7","7","249901"
"DSX","20150224","7.05","7.08","6.8545","6.97","497385"
"DSX","20150225","6.75","7.03","6.63","7","327954"
"DSX","20150226","7","7.03","6.92","6.97","295340"
"DSX","20150227","6.95","7.03","6.93","6.93","291293"
"DSX","20150302","6.92","7.085","6.8601","7.02","324133"
"DSX","20150303","7.02","7.08","6.86","6.91","405161"
"DSX","20150304","6.56","7","6.45","6.96","513562"
"DSX","20150305","6.88","6.96","6.59","6.62","422593"
"DSX","20150306","6.61","6.7","6.42","6.51","263505"
"DSX","20150309","6.58","6.5899","6.35","6.55","488305"
"DSX","20150310","6.48","6.52","6.4","6.5","433701"
"DSX","20150311","6.51","6.54","6.42","6.52","200681"
"DSX","20150312","6.53","6.6","6.41","6.53","291722"
"DSX","20150313","6.47","6.59","6.4","6.48","423889"
"DSX","20150316","6.47","6.52","6.26","6.37","533713"
"DSX","20150317","6.35","6.49","6.29","6.49","248719"
"DSX","20150318","6.44","6.52","6.35","6.5","292231"
"DSX","20150319","6.45","6.58","6.42","6.53","475977"
"DSX","20150320","6.6","6.68","6.37","6.37","604297"
"DSX","20150323","6.41","6.55","6.41","6.51","313119"
"DSX","20150324","6.41","6.5","6.33","6.44","676218"
"DSX","20150325","6.45","6.48","6.31","6.32","332804"
"DSX","20150326","6.36","6.37","6.16","6.19","599588"
"DSX","20150327","6.18","6.33","6.15","6.28","404197"
"DSX","20150330","6.28","6.3083","6.18","6.19","227605"
"DSX","20150331","6.16","6.18","6.08","6.12","384486"
"DSX","20150401","6.11","6.13","6.02","6.02","380272"
"DSX","20150402","6.08","6.09","6.02","6.07","297013"
"DSX","20150406","6.06","6.18","6.04","6.17","428405"
"DSX","20150407","6.13","6.21","6.11","6.16","662190"
"DSX","20150408","6.16","6.21","6.12","6.14","251128"
"DSX","20150409","6.14","6.14","6.06","6.1","394273"
"DSX","20150410","6.08","6.12","6.04","6.08","273950"
"DSX","20150413","6.23","6.24","6.1","6.1","1950888"
"DSX","20150414","6.12","6.12","6.04","6.07","536916"
"DSX","20150415","6.1","6.32","6.08","6.2","1978936"
"DSX","20150416","6.2","6.3","6.15","6.15","881472"
"DSX","20150417","6.15","6.15","6.03","6.08","647171"
"DSX","20150420","6.1","6.38","6.09","6.3","552617"
"DSX","20150421","6.31","6.35","6.2","6.24","335235"
"DSX","20150422","6.24","6.349","6.18","6.24","352720"
"DSX","20150423","6.2","6.32","6.17","6.24","362981"
"DSX","20150424","6.25","6.32","6.16","6.21","397133"
"DSX","20150427","6.21","6.42","6.19","6.36","444332"
"DSX","20150428","6.34","6.41","6.3","6.37","256055"
"DSX","20150429","6.35","6.49","6.29","6.4","509715"
"DSX","20150430","6.36","6.42","6.21","6.27","525086"
"DSX","20150501","6.25","6.31","6.14","6.25","372540"
"DSX","20150504","6.25","6.35","6.17","6.25","271678"
"DSX","20150505","6.27","6.44","6.23","6.43","641937"
"DSX","20150506","6.46","6.66","6.42","6.58","921176"
"DSX","20150507","6.56","6.72","6.52","6.69","524605"
"DSX","20150508","6.8","7","6.69","6.88","856634"
"DSX","20150511","7.12","7.14","6.86","6.86","739675"
"DSX","20150512","6.85","6.93","6.72","6.91","995845"
"DSX","20150513","7","7.06","6.86","7.01","681944"
"DSX","20150514","7.03","7.03","6.93","7.01","513858"
"DSX","20150515","7.01","7.34","6.95","7.24","696800"
"DSX","20150518","7.16","7.18","6.91","6.95","1159784"
"DSX","20150519","6.92","6.97","6.83","6.89","746928"
"DSX","20150520","6.88","6.91","6.81","6.85","646357"
"DSX","20150521","6.86","6.94","6.835","6.91","568914"
"DSX","20150522","6.86","6.95","6.85","6.89","386298"
"DSX","20150526","6.85","6.8701","6.72","6.74","573161"
"DSX","20150527","6.8","6.8","6.54","6.57","528512"
"DSX","20150528","6.54","6.62","6.42","6.495","336158"
"DSX","20150529","6.5","6.54","6.39","6.42","399343"
"DSX","20150601","6.47","6.49","6.37","6.42","283260"
"DSX","20150602","6.5","6.64","6.43","6.58","464883"
"DSX","20150603","6.55","6.7","6.53","6.55","324183"
"DSX","20150604","6.5","6.57","6.34","6.4","265854"
"DSX","20150605","6.36","6.61","6.3113","6.46","453782"
"DSX","20150608","7.08","7.08","6.77","6.86","951936"
"DSX","20150609","6.87","6.93","6.72","6.78","386410"
"DSX","20150610","6.8","6.88","6.7","6.82","471237"
"DSX","20150611","6.79","6.95","6.78","6.89","395535"
"DSX","20150612","6.84","7.07","6.81","7.05","409965"
"DSX","20150615","7.02","7.15","6.88","7.11","563662"
"DSX","20150616","7.07","7.18","7.07","7.17","406823"
"DSX","20150617","7.19","7.52","7.18","7.39","896840"
"DSX","20150618","7.4","7.84","7.4","7.505","918985"
"DSX","20150619","7.56","7.73","7.5399","7.64","590590"
"DSX","20150622","7.7","7.74","7.3975","7.43","641172"
"DSX","20150623","7.44","7.81","7.43","7.76","595007"
"DSX","20150624","7.75","7.81","7.59","7.62","637863"
"DSX","20150625","7.66","7.71","7.47","7.49","623066"
"DSX","20150626","7.52","7.555","7.41","7.49","542407"
"DSX","20150629","7.5","7.5","6.9601","7.03","1050338"
"DSX","20150630","7.03","7.2","6.98","7.05","456651"
"DSX","20150701","7.11","7.28","7.1","7.27","762192"
"DSX","20150702","7.26","7.35","7.2","7.28","258044"
"DSX","20150706","7.19","7.3199","7.1","7.31","374729"
"DSX","20150707","7.28","7.35","7.05","7.33","488571"
"DSX","20150708","7.25","7.35","7.07","7.12","335924"
"DSX","20150709","7.14","7.35","7.05","7.095","405168"
"DSX","20150710","7.15","7.28","7.15","7.25","295007"
"DSX","20150713","7.27","7.76","7.27","7.61","596338"
"DSX","20150714","7.57","7.755","7.5101","7.61","426042"
"DSX","20150715","7.65","7.78","7.45","7.52","542735"
"DSX","20150716","7.54","7.76","7.54","7.65","404065"
"DSX","20150717","7.75","8.27","7.75","8.11","1081297"
"DSX","20150720","8.21","8.23","7.91","7.93","424012"
"DSX","20150721","7.95","8.21","7.95","8.05","239793"
"DSX","20150722","8.05","8.11","7.88","7.89","259003"
"DSX","20150723","7.9","7.96","7.57","7.6","308959"
"DSX","20150724","7.6","7.7","7.45","7.51","260633"
"DSX","20150727","7.3","7.46","7.14","7.2","317508"
"DSX","20150728","7.21","7.49","7.09","7.43","479422"
"DSX","20150729","7.42","7.62","7.42","7.6","441445"
"DSX","20150730","7.51","7.63","7.42","7.55","639166"
"DSX","20150731","7","7.64","7","7.55","514481"
"DSX","20150803","7.26","7.68","7.25","7.58","423766"
"DSX","20150804","7.61","7.73","7.44","7.5","460040"
"DSX","20150805","7.59","7.67","7.34","7.51","311508"
"DSX","20150806","7.48","7.6","7.4","7.54","332972"
"DSX","20150807","7.49","7.73","7.47","7.52","192816"
"DSX","20150810","7.52","7.5853","7.35","7.44","366941"
"DSX","20150811","7.4","7.44","7.3","7.33","201026"
"DSX","20150812","7.16","7.23","6.9","7","331637"
"DSX","20150813","6.93","7.13","6.93","7.01","178456"
"DSX","20150814","7.01","7.24","7.01","7.16","264305"
"DSX","20150817","7.11","7.55","7.11","7.53","286078"
"DSX","20150818","7.47","7.47","7.26","7.28","224954"
"DSX","20150819","7.22","7.31","7.1201","7.26","210260"
"DSX","20150820","7.21","7.6099","7.14","7.24","191529"
"DSX","20150821","7.15","7.26","6.91","7.13","389774"
"DSX","20150824","6.81","6.94","6.52","6.57","434744"
"DSX","20150825","6.75","6.88","6.5","6.52","384623"
"DSX","20150826","6.64","6.75","6.365","6.52","347686"
"DSX","20150827","6.53","6.7","6.53","6.54","682649"
"DSX","20150828","6.52","6.83","6.52","6.725","346931"
"DSX","20150831","6.67","6.94","6.58","6.8","341206"
"DSX","20150901","6.54","6.78","6.5201","6.655","331574"
"DSX","20150902","6.72","6.75","6.58","6.72","196864"
"DSX","20150903","6.68","6.8475","6.585","6.59","424124"
"DSX","20150904","6.38","6.48","6.3298","6.39","405616"
"DSX","20150908","6.45","6.54","6.28","6.36","321828"
"DSX","20150909","6.44","6.47","6.14","6.15","424780"
"DSX","20150910","6.14","6.285","6.14","6.26","161729"
"DSX","20150911","6.21","6.22","6.07","6.18","140010"
"DSX","20150914","6.2","6.2","6.03","6.07","192261"
"DSX","20150915","6.08","6.28","5.93","6.26","459710"
"DSX","20150916","6.23","6.345","6.04","6.31","757707"
"DSX","20150917","6.32","6.53","6.2","6.53","441323"
"DSX","20150918","6.51","6.81","6.42","6.81","448253"
"DSX","20150921","6.81","6.86","6.68","6.78","296526"
"DSX","20150922","6.75","6.75","6.56","6.66","578205"
"DSX","20150923","6.69","6.74","6.58","6.7","300459"
"DSX","20150924","6.62","6.67","6.44","6.59","264087"
"DSX","20150925","6.63","6.85","6.55","6.84","186241"
"DSX","20150928","6.83","6.845","6.62","6.66","2919835"
"DSX","20150929","6.67","6.7","6.41","6.43","761108"
"DSX","20150930","6.48","6.5","6.31","6.39","688722"
"DSX","20151001","6.48","6.48","6.07","6.21","502973"
"DSX","20151002","6.41","6.42","6.41","6.41","1293370"
"DSX","20151005","6.43","6.89","6.43","6.84","761874"
"DSX","20151006","6.8","7.09","6.73","6.94","416633"
"DSX","20151007","6.94","7.28","6.94","7.1","722128"
"DSX","20151008","7.12","7.17","6.92","7.02","628262"
"DSX","20151009","7.09","7.23","7.07","7.09","366525"
"DSX","20151012","7.09","7.2","7","7.01","285757"
"DSX","20151013","7.1","7.29","7","7","196144"
"DSX","20151014","7","7.16","7","7.05","200789"
"DSX","20151015","7.01","7.14","7.01","7.13","143053"
"DSX","20151016","7.1","7.17","7.01","7.1","168485"
"DSX","20151019","7.07","7.1","7","7.01","103534"
"DSX","20151020","7","7.1","6.98","7.03","134685"
"DSX","20151021","7.06","7.09","6.72","6.72","339039"
"DSX","20151022","6.72","6.78","6.53","6.62","71003"
"DSX","20151023","6.31","6.605","6.31","6.55","164007"
"DSX","20151026","6.55","6.55","6.32","6.39","153226"
"DSX","20151027","6.32","6.32","6.21","6.27","178268"
"DSX","20151028","6.26","6.4","6.23","6.37","269999"
"DSX","20151029","6.38","6.45","6.34","6.37","159235"
"DSX","20151030","6.39","6.45","6.29","6.31","101977"
"DSX","20151102","6.25","6.46","6.25","6.44","180034"
"DSX","20151103","6.44","6.44","6.3","6.32","166982"
"DSX","20151104","6.31","6.47","6.22","6.45","260276"
"DSX","20151105","6.45","6.46","6.15","6.25","325086"
"DSX","20151106","6.2","6.26","6.02","6.2","409626"
"DSX","20151109","6.17","6.19","6.12","6.14","286097"
"DSX","20151110","6.1","6.13","6.06","6.13","843765"
"DSX","20151111","6.13","6.13","5.9","5.97","791716"
"DSX","20151112","5.97","5.97","5.377","5.3","1102367"
"DSX","20151113","5.16","5.48","5.12","5.48","578127"
"DSX","20151116","5.36","5.41","5.15","5.3","675600"
"DSX","20151117","5.45","5.45","5.15","5.23","658692"
"DSX","20151118","4.94","5.03","4.75","4.96","1142060"
"DSX","20151119","4.72","5.01","4.705","5","715474"
"DSX","20151120","4.92","5.1","4.9","5.05","757336"
"DSX","20151123","5.05","5.1","4.89","5.02","452127"
"DSX","20151124","4.98","5.01","4.75","4.9","830727"
"DSX","20151125","4.89","4.9","4.72","4.75","563241"
"DSX","20151127","4.75","4.81","4.64","4.77","242756"
"DSX","20151130","4.77","4.85","4.67","4.75","1572641"
"DSX","20151201","4.75","4.82","4.45","4.49","813773"
"DSX","20151202","4.48","4.54","4.235","4.28","627295"
"DSX","20151203","4.35","4.35","4.1","4.17","359475"
"DSX","20151204","4.14","4.14","3.88","4","586179"
"DSX","20151207","3.94","3.97","3.75","3.81","534212"
"DSX","20151208","3.71","3.91","3.68","3.89","262961"
"DSX","20151209","3.86","3.96","3.81","3.88","723886"
"DSX","20151210","3.89","3.98","3.85","3.94","286609"
"DSX","20151211","3.85","3.96","3.8","3.95","541288"
"DSX","20151214","3.91","3.92","3.71","3.83","497831"
"DSX","20151215","3.75","3.751","3.56","3.66","574741"
"DSX","20151216","3.7","3.74","3.61","3.72","357439"
"DSX","20151217","3.68","3.74","3.51","3.58","558611"
"DSX","20151218","3.58","3.63","3.5","3.61","435657"
"DSX","20151221","3.62","3.67","3.56","3.66","414294"
"DSX","20151222","3.62","3.97","3.61","3.94","582121"
"DSX","20151223","3.91","4.34","3.905","4.31","663241"
"DSX","20151224","4.36","4.55","4.31","4.5","470041"
"DSX","20151228","4.39","4.53","4.35","4.44","495957"
"DSX","20151229","4.43","4.5511","4.04","4.13","628473"
"DSX","20151230","4.06","4.2","4.05","4.09","527184"
"DSX","20151231","4.01","4.38","4.01","4.35","478390"
"DSX","20160104","4.3","4.37","4.1801","4.35","313191"
"DSX","20160105","4.41","4.5","4.23","4.47","649212"
"DSX","20160106","4.45","4.45","4.16","4.23","247696"
"DSX","20160107","4.22","4.22","3.85","3.85","337153"
"DSX","20160108","3.82","3.86","3.42","3.46","655121"
"DSX","20160111","3.35","3.41","2.38","2.49","2388087"
"DSX","20160112","2.59","2.64","2.45","2.49","951399"
"DSX","20160113","2.49","2.5","2.16","2.165","962470"
"DSX","20160114","2.12","2.695","2.05","2.61","1580765"
"DSX","20160115","2.25","2.5","2.22","2.475","837431"
"DSX","20160119","2.5","2.77","2.5","2.57","729829"
"DSX","20160120","2.52","2.54","2.3","2.49","462851"
"DSX","20160121","2.56","2.77","2.47","2.61","645628"
"DSX","20160122","2.67","2.86","2.64","2.72","1780690"
"DSX","20160125","2.72","2.74","2.44","2.45","722014"
"DSX","20160126","2.46","2.64","2.45","2.51","689246"
"DSX","20160127","2.54","2.69","2.52","2.62","549762"
"DSX","20160128","2.7","2.71","2.45","2.54","334482"
"DSX","20160129","2.55","2.65","2.45","2.5","315833"
"DSX","20160201","2.51","2.51","2.33","2.42","398038"
"DSX","20160202","2.42","2.48","2.31","2.33","456424"
"DSX","20160203","2.41","2.49","2.22","2.46","520447"
"DSX","20160204","2.6","2.93","2.55","2.58","837738"
"DSX","20160205","2.61","2.705","2.5","2.66","341299"
"DSX","20160208","2.68","2.7","2.39","2.5","809810"
"DSX","20160209","2.4","2.4","2.08","2.2","888332"
"DSX","20160210","2.25","2.25","2.05","2.11","441825"
"DSX","20160211","2.07","2.12","1.96","2","592917"
"DSX","20160212","2","2.28","1.9466","2.25","627056"
"DSX","20160216","2.33","2.45","2.28","2.44","469977"
"DSX","20160217","2.46","2.55","2.3","2.37","603455"
"DSX","20160218","2.44","2.47","2.19","2.25","233420"
"DSX","20160219","2.25","2.37","2.12","2.32","269441"
"DSX","20160222","2.4","2.62","2.36","2.53","474587"
"DSX","20160223","2.6","2.6","2.26","2.26","301137"
"DSX","20160224","2.27","2.3099","2.11","2.21","232236"
"DSX","20160225","2.28","2.33","2.19","2.27","164732"
"DSX","20160226","2.36","2.48","2.32","2.45","194752"
"DSX","20160229","2.39","2.54","2.39","2.53","153664"
"DSX","20160301","2.53","2.685","2.5","2.57","465380"
"DSX","20160302","2.55","2.76","2.35","2.41","600805"
"DSX","20160303","2.38","2.76","2.38","2.67","1105091"
"DSX","20160304","2.7","3.18","2.66","2.84","2179607"
"DSX","20160307","2.95","3.7","2.92","3.49","1987981"
"DSX","20160308","3.52","3.5599","3.02","3.25","904356"
"DSX","20160309","3","3.01","2.7","2.72","981678"
"DSX","20160310","2.78","2.847","2.45","2.57","648198"
"DSX","20160311","2.6","2.7497","2.5","2.65","395025"
"DSX","20160314","2.6","2.74","2.55","2.65","382782"
"DSX","20160315","2.63","2.75","2.4399","2.63","367599"
"DSX","20160316","2.66","2.67","2.55","2.66","393588"
"DSX","20160317","2.68","2.72","2.53","2.65","532384"
"DSX","20160318","2.69","2.78","2.56","2.78","658544"
"DSX","20160321","2.76","2.79","2.57","2.58","259249"
"DSX","20160322","2.58","2.62","2.5","2.52","330332"
"DSX","20160323","2.49","2.55","2.26","2.29","441212"
"DSX","20160324","2.26","2.34","2.15","2.25","379968"
"DSX","20160328","2.33","2.42","2.18","2.26","228324"
"DSX","20160329","2.3","2.34","2.16","2.29","254519"
"DSX","20160330","2.31","2.53","2.22","2.5","589965"
"DSX","20160331","2.52","2.83","2.52","2.67","862701"
"DSX","20160401","2.66","2.67","2.5","2.54","435532"
"DSX","20160404","2.58","2.6","2.305","2.34","1279834"
"DSX","20160405","2.32","2.38","2.22","2.25","935634"
"DSX","20160406","2.26","2.45","2.17","2.41","2473986"
"DSX","20160407","2.45","2.61","2.42","2.51","738128"
"DSX","20160408","2.57","3.1","2.52","2.98","1596530"
"DSX","20160411","3.01","3.21","2.98","3.02","908441"
"DSX","20160412","3.05","3.07","2.78","2.86","611649"
"DSX","20160413","2.88","3.09","2.82","3.04","451078"
"DSX","20160414","3.07","3.13","2.99","3.02","387388"
"DSX","20160415","3.01","3.15","3","3.07","479388"
"DSX","20160418","3.05","3.26","3.04","3.13","566525"
"DSX","20160419","3.14","3.39","3.1","3.31","469990"
"DSX","20160420","3.36","3.37","3.12","3.14","2940567"
"DSX","20160421","3.2","3.37","2.96","2.97","861167"
"DSX","20160422","3.02","3.17","2.99","3","949632"
"DSX","20160425","3.14","3.14","2.77","2.84","669220"
"DSX","20160426","2.84","2.995","2.77","2.95","538549"
"DSX","20160427","3","3.199","3","3.13","784735"
"DSX","20160428","3.11","3.69","3.03","3.42","2043017"
"DSX","20160429","3.64","3.8","3.37","3.46","1132448"
"DSX","20160502","3.45","3.59","3.28","3.45","739964"
"DSX","20160503","3.36","3.37","3.09","3.21","685811"
"DSX","20160504","3.17","3.27","3.12","3.18","328569"
"DSX","20160505","3.2","3.26","2.96","2.96","526275"
"DSX","20160506","2.95","3.08","2.93","2.95","306502"
"DSX","20160509","2.9","3.05","2.83","2.94","495634"
"DSX","20160510","2.98","3.18","2.95","3.08","355471"
"DSX","20160511","3.01","3.18","2.96","3.07","335324"
"DSX","20160512","3.03","3.1","2.76","2.81","537683"
"DSX","20160513","2.81","2.8597","2.71","2.72","332667"
"DSX","20160516","2.69","2.85","2.63","2.67","478047"
"DSX","20160517","2.72","2.87","2.64","2.68","655395"
"DSX","20160518","2.55","2.64","2.41","2.42","895515"
"DSX","20160519","2.4","2.445","2.3301","2.435","651374"
"DSX","20160520","2.49","2.49","2.33","2.34","428913"
"DSX","20160523","2.35","2.44","2.25","2.3","975434"
"DSX","20160524","2.38","2.38","2.25","2.28","474504"
"DSX","20160525","2.32","2.35","2.26","2.3","452566"
"DSX","20160526","2.3","2.345","2.25","2.28","569369"
"DSX","20160527","2.34","2.56","2.28","2.55","538572"
"DSX","20160531","2.54","2.73","2.53","2.61","723023"
"DSX","20160601","2.57","2.5826","2.46","2.55","390159"
"DSX","20160602","2.52","2.53","2.39","2.4","351961"
"DSX","20160603","2.47","2.47","2.35","2.4","281624"
"DSX","20160606","2.42","2.72","2.42","2.59","395203"
"DSX","20160607","2.62","2.73","2.45","2.46","570613"
"DSX","20160608","2.5","2.6","2.5","2.59","284772"
"DSX","20160609","2.55","2.605","2.49","2.57","303247"
"DSX","20160610","2.57","2.57","2.35","2.37","332773"
"DSX","20160613","2.37","2.39","2.3","2.31","282188"
"DSX","20160614","2.31","2.35","2.21","2.23","487893"
"DSX","20160615","2.24","2.3","2.17","2.23","363847"
"DSX","20160616","2.2","2.2001","2.11","2.16","265675"
"DSX","20160617","2.18","2.37","2.18","2.35","394154"
"DSX","20160620","2.45","2.48","2.3","2.33","197092"
"DSX","20160621","2.31","2.31","2.21","2.28","151906"
"DSX","20160622","2.28","2.47","2.25","2.26","212704"
"DSX","20160623","2.32","2.45","2.28","2.45","252458"
"DSX","20160624","2.17","2.31","2.17","2.23","455510"
"DSX","20160627","2.18","2.21","2.11","2.12","460265"
"DSX","20160628","2.19","2.435","2.12","2.35","730533"
"DSX","20160629","2.4","2.44","2.34","2.4","295779"
"DSX","20160630","2.43","2.45","2.38","2.43","249093"
"DSX","20160701","2.44","2.72","2.43","2.71","570746"
"DSX","20160705","2.65","2.72","2.491","2.53","484172"
"DSX","20160706","2.51","2.62","2.46","2.51","313596"
"DSX","20160707","2.51","2.58","2.44","2.45","252148"
"DSX","20160708","2.49","2.6639","2.4889","2.6","297160"
"DSX","20160711","2.61","2.7","2.54","2.54","260265"
"DSX","20160712","2.64","2.85","2.63","2.78","1045699"
"DSX","20160713","2.85","3.17","2.839","3.1","1065873"
"DSX","20160714","3.15","3.25","3.07","3.12","672741"
"DSX","20160715","3.12","3.12","3.04","3.08","478767"
"DSX","20160718","3.01","3.19","3.01","3.11","488877"
"DSX","20160719","3.06","3.14","3.05","3.09","315533"
"DSX","20160720","3.04","3.12","3","3.05","462689"
"DSX","20160721","3.05","3.22","3.0499","3.12","642596"
"DSX","20160722","3.1","3.16","3.0301","3.1","317036"
"DSX","20160725","3.15","3.15","2.735","2.77","559875"
"DSX","20160726","2.76","2.92","2.71","2.8","320550"
"DSX","20160727","2.82","2.88","2.551","2.62","404107"
"DSX","20160728","2.54","2.77","2.47","2.52","521669"
"DSX","20160729","2.52","2.63","2.48","2.6","477868"
"DSX","20160801","2.56","2.65","2.36","2.4","737409"
"DSX","20160802","2.4","2.4699","2.36","2.39","658217"
"DSX","20160803","2.39","2.44","2.3601","2.41","413903"
"DSX","20160804","2.39","2.42","2.36","2.39","230876"
"DSX","20160805","2.4","2.5941","2.39","2.57","912806"
"DSX","20160808","2.64","2.75","2.56","2.69","683747"
"DSX","20160809","2.75","2.75","2.48","2.57","621447"
"DSX","20160810","2.57","2.64","2.475","2.51","608844"
"DSX","20160811","2.56","2.56","2.45","2.48","475289"
"DSX","20160812","2.49","2.62","2.45","2.55","406758"
"DSX","20160815","2.54","2.68","2.54","2.61","563977"
"DSX","20160816","2.58","2.68","2.54","2.61","427489"
"DSX","20160817","2.6","2.6","2.48","2.52","358572"
"DSX","20160818","2.52","2.54","2.47","2.51","379979"
"DSX","20160819","2.46","2.5","2.38","2.46","383046"
"DSX","20160822","2.45","2.47","2.37","2.39","354368"
"DSX","20160823","2.38","2.46","2.37","2.37","474244"
"DSX","20160824","2.39","2.441","2.35","2.38","537984"
"DSX","20160825","2.4","2.42","2.35","2.4","296690"
"DSX","20160826","2.38","2.57","2.24","2.28","2277679"
"DSX","20160829","2.32","2.36","2.24","2.33","320053"
"DSX","20160830","2.38","2.4","2.33","2.39","269067"
"DSX","20160831","2.36","2.4","2.29","2.29","304246"
"DSX","20160901","2.28","2.34","2.21","2.27","766360"
"DSX","20160902","2.35","2.35","2.25","2.32","261070"
"DSX","20160906","2.32","2.42","2.32","2.4","331551"
"DSX","20160907","2.43","2.65","2.43","2.6","693304"
"DSX","20160908","2.63","2.8","2.62","2.78","785674"
"DSX","20160909","2.79","2.8","2.55","2.55","800118"
"DSX","20160912","2.55","2.59","2.49","2.58","287526"
"DSX","20160913","2.51","2.6","2.45","2.56","444600"
"DSX","20160914","2.5","2.58","2.44","2.58","482865"
"DSX","20160915","2.57","2.64","2.48","2.56","207657"
"DSX","20160916","2.48","2.58","2.48","2.54","548512"
"DSX","20160919","2.57","2.64","2.52","2.58","393393"
"DSX","20160920","2.6","2.65","2.59","2.64","325937"
"DSX","20160921","2.65","2.8","2.63","2.7","703698"
"DSX","20160922","2.73","3.18","2.73","3.02","1159458"
"DSX","20160923","3.02","3.08","2.92","2.93","456351"
"DSX","20160926","2.95","2.95","2.79","2.79","342911"
"DSX","20160927","2.75","2.83","2.75","2.81","254307"
"DSX","20160928","2.9","2.9","2.53","2.79","876797"
"DSX","20160929","2.8","2.81","2.61","2.61","263303"
"DSX","20160930","2.65","2.66","2.55","2.62","158363"
"DSX","20161003","2.61","2.75","2.58","2.74","334924"
"DSX","20161004","2.74","2.79","2.61","2.65","223571"
"DSX","20161005","2.71","2.85","2.7","2.78","456206"
"DSX","20161006","2.81","2.85","2.6801","2.78","407872"
"DSX","20161007","2.77","2.83","2.695","2.76","301137"
"DSX","20161010","2.73","2.74","2.61","2.63","433646"
"DSX","20161011","2.65","2.651","2.57","2.59","310600"
"DSX","20161012","2.57","2.6","2.53","2.55","259158"
"DSX","20161013","2.51","2.57","2.46","2.55","462783"
"DSX","20161014","2.55","2.57","2.49","2.56","226575"
"DSX","20161017","2.5","2.53","2.47","2.52","181548"
"DSX","20161018","2.52","2.61","2.5","2.5","152991"
"DSX","20161019","2.51","2.63","2.49","2.58","305777"
"DSX","20161020","2.53","2.56","2.51","2.53","180815"
"DSX","20161021","2.5","2.52","2.48","2.51","175056"
"DSX","20161024","2.51","2.53","2.49","2.52","196285"
"DSX","20161025","2.49","2.62","2.47","2.51","302397"
"DSX","20161026","2.5","2.51","2.41","2.5","370390"
"DSX","20161027","2.47","2.53","2.43","2.49","343736"
"DSX","20161028","2.48","2.5963","2.48","2.56","246789"
"DSX","20161031","2.54","2.55","2.48","2.5","251466"
"DSX","20161101","2.5","2.5","2.41","2.47","497431"
"DSX","20161102","2.43","2.465","2.42","2.44","439755"
"DSX","20161103","2.42","2.44","2.4","2.4","260993"
"DSX","20161104","2.39","2.44","2.38","2.44","97645"
"DSX","20161107","2.49","2.5","2.44","2.49","121341"
"DSX","20161108","2.47","2.7","2.47","2.6","375755"
"DSX","20161109","2.52","2.96","2.44","2.91","753990"
"DSX","20161110","2.91","3.38","2.9","3.31","1138097"
"DSX","20161111","3.29","3.55","3.22","3.49","924182"
"DSX","20161114","3.62","3.74","3.46","3.57","1302899"
"DSX","20161115","3.76","4.36","3.63","4.12","3705982"
"DSX","20161116","4.54","4.97","3.93","3.99","5427642"
"DSX","20161117","4.24","4.27","3.34","3.395","4264946"
"DSX","20161118","3.56","3.65","3.37","3.47","1421162"
"DSX","20161121","3.51","3.63","3.29","3.395","735665"
"DSX","20161122","3.4","3.49","3.08","3.23","1163437"
"DSX","20161123","3.16","3.38","3.16","3.27","678625"
"DSX","20161124","3.27","3.27","3.27","3.27","0"
"DSX","20161125","3.27","3.34","3.15","3.32","366860"
"DSX","20161128","3.32","3.55","3.27","3.37","675201"
"DSX","20161129","3.45","3.45","3.16","3.16","575790"
"DSX","20161130","3.2","3.2367","2.95","3","1081775"
"DSX","20161201","3.06","3.14","2.94","2.98","706219"
"DSX","20161202","2.98","3.08","2.82","2.94","550632"
"DSX","20161205","3.02","3.02","2.83","2.86","512896"
"DSX","20161206","2.84","3.01","2.8","2.98","610639"
"DSX","20161207","2.93","3","2.8","2.85","623308"
"DSX","20161208","2.85","2.94","2.8","2.83","510954"
"DSX","20161209","2.91","3","2.81","2.92","557155"
"DSX","20161212","3","3","2.8","2.83","510115"
"DSX","20161213","2.83","2.92","2.8","2.86","376439"
"DSX","20161214","2.95","2.96","2.8","2.8","585392"
"DSX","20161215","2.82","3.33","2.74","3.29","2230235"
"DSX","20161216","3.415","3.4492","2.96","3.01","1087528"
"DSX","20161219","2.97","3.14","2.97","3.14","510523"
"DSX","20161220","3.16","3.19","3.1","3.1","364285"
"DSX","20161221","3.32","3.335","3.1","3.33","680082"
"DSX","20161222","3.35","3.57","3.2601","3.41","1187096"
"DSX","20161223","3.36","3.5","3.2407","3.33","560107"
"DSX","20161227","3.33","3.46","3.275","3.39","292465"
"DSX","20161228","3.39","3.44","3.14","3.16","555574"
"DSX","20161229","3.13","3.24","3.02","3.08","482707"
"DSX","20161230","3.13","3.14","3","3.02","712316"
"DSX","20170103","3.07","3.3799","3.07","3.3","560823"
"DSX","20170104","3.4","3.71","3.34","3.68","888238"
"DSX","20170105","3.7","3.9758","3.631","3.68","1135382"
"DSX","20170106","3.66","3.71","3.46","3.6","433337"
"DSX","20170109","3.61","3.85","3.45","3.69","400955"
"DSX","20170110","3.69","3.73","3.62","3.73","425870"
"DSX","20170111","3.76","3.76","3.61","3.66","403654"
"DSX","20170112","3.63","4.09","3.63","3.8","1036220"
"DSX","20170113","3.83","3.9","3.685","3.72","739848"
"DSX","20170117","3.7","3.8","3.6","3.7","415115"
"DSX","20170118","3.71","3.9","3.71","3.88","695585"
"DSX","20170119","3.89","4.0299","3.85","3.95","512782"
"DSX","20170120","3.95","4.13","3.87","4.06","917732"
"DSX","20170123","4.06","4.2","4.0401","4.14","855058"
"DSX","20170124","4.05","4.2","4.03","4.11","574142"
"DSX","20170125","4.19","4.24","4.09","4.11","638309"
"DSX","20170126","4.06","4.2","4.06","4.12","300993"
"DSX","20170127","4.19","4.29","4.05","4.06","767467"
"DSX","20170130","3.99","4.15","3.87","4.1","519615"
"DSX","20170131","4.12","4.24","3.9","4.14","392035"
"DSX","20170201","4.16","4.33","4.16","4.24","627261"
"DSX","20170202","4.2","4.2118","4.03","4.08","371657"
"DSX","20170203","4.13","4.33","4.1072","4.27","487135"
"DSX","20170206","4.28","4.37","4.05","4.11","558261"
"DSX","20170207","4.15","4.16","4.03","4.04","221609"
"DSX","20170208","4.03","4.04","3.8175","3.94","484033"
"DSX","20170209","3.92","4.01","3.82","3.82","326637"
"DSX","20170210","3.92","4.17","3.87","3.95","474003"
"DSX","20170213","4.01","4.07","3.95","3.95","456829"
"DSX","20170214","3.95","4.13","3.72","3.8","854883"
"DSX","20170215","3.85","4.02","3.814","3.87","362743"
"DSX","20170216","3.89","3.98","3.75","3.79","456905"
"DSX","20170217","3.81","3.8799","3.7","3.74","461083"
"DSX","20170221","3.85","4.14","3.805","4.13","1154996"
"DSX","20170222","4.09","4.09","3.81","3.82","1120570"
"DSX","20170223","3.85","3.85","3.57","3.75","1183209"
"DSX","20170224","3.71","3.72","3.6","3.62","486548"
"DSX","20170227","3.77","3.79","3.62","3.77","400451"
"DSX","20170228","3.74","3.9","3.73","3.82","283379"
"DSX","20170301","3.88","4.05","3.88","3.965","389593"
"DSX","20170302","4","4.01","3.84","3.86","371157"
"DSX","20170303","3.88","3.99","3.8658","3.94","300654"
"DSX","20170306","3.93","3.95","3.77","3.8","294898"
"DSX","20170307","3.78","3.87","3.73","3.76","472059"
"DSX","20170308","3.81","3.94","3.7","3.76","586133"
"DSX","20170309","3.76","3.82","3.5","3.71","713220"
"DSX","20170310","3.74","3.935","3.71","3.9","399278"
"DSX","20170313","3.88","4.23","3.81","4.16","1070044"
"DSX","20170314","4.1","4.24","3.9407","4.18","530492"
"DSX","20170315","4.2","4.35","4.1","4.29","506204"
"DSX","20170316","4.4","4.63","4.32","4.6","1081127"
"DSX","20170317","4.6","4.67","4.47","4.55","881106"
"DSX","20170320","4.55","4.59","4.38","4.55","597585"
"DSX","20170321","4.55","4.59","4.2","4.3","672763"
"DSX","20170322","4.27","4.59","4.23","4.4","1059289"
"DSX","20170323","4.39","4.53","4.35","4.52","390157"
"DSX","20170324","4.54","4.64","4.51","4.59","244500"
"DSX","20170327","4.43","4.52","4.35","4.5","453096"
"DSX","20170328","4.65","4.72","4.51","4.59","756606"
"DSX","20170329","4.61","4.83","4.6","4.79","845242"
"DSX","20170330","4.78","4.86","4.63","4.68","391923"
"DSX","20170331","4.64","4.71","4.55","4.62","261307"
"DSX","20170403","4.65","4.92","4.65","4.87","734165"
"DSX","20170404","4.88","4.91","4.7","4.88","502422"
"DSX","20170405","4.93","5.03","4.85","4.92","860855"
"DSX","20170406","4.94","5.65","4.94","5.28","1531730"
"DSX","20170407","5.85","6.2","5.54","5.92","3616970"
"DSX","20170410","5.96","6.16","5.85","6.0392","1597255"
"DSX","20170411","6.03","6.1","5.93","5.96","901610"
"DSX","20170412","5.96","6.05","5.805","5.93","1058883"
"DSX","20170413","5.88","5.9995","5.45","5.49","788575"
"DSX","20170417","5.5","5.59","5.25","5.59","493781"
"DSX","20170418","5.53","5.53","5.03","5.11","808716"
"DSX","20170419","4.8101","4.92","4.46","4.52","3283582"
"DSX","20170420","4.4501","4.46","4.12","4.17","5322997"
"DSX","20170421","4.36","4.77","4.26","4.28","12909453"
"DSX","20170424","4.36","4.4","4.085","4.24","2662793"
"DSX","20170425","4.25","4.309","4.09","4.15","1529284"
"DSX","20170426","4.15","4.36","3.97","4.19","3039000"
"DSX","20170427","4.2","4.25","4.05","4.24","1787252"
"DSX","20170428","4.25","4.29","3.98","3.99","1974596"
"DSX","20170501","4","4.1","3.94","4.04","1049942"
"DSX","20170502","4.02","4.07","3.97","4.05","1019629"
"DSX","20170503","4.01","4.0481","3.83","4","1231573"
"DSX","20170504","4.05","4.05","3.79","3.82","1326311"
"DSX","20170505","3.8","4","3.72","3.85","1070715"
"DSX","20170508","3.9","4.05","3.88","3.98","624920"
"DSX","20170509","3.98","4.03","3.8","3.81","1271895"
"DSX","20170510","3.82","4","3.8","3.84","1045665"
"DSX","20170511","3.85","3.85","3.65","3.68","1066123"
"DSX","20170512","3.66","3.81","3.66","3.8","666537"
"DSX","20170515","3.81","3.88","3.56","3.62","1400485"
"DSX","20170516","3.64","3.67","3.45","3.57","1240286"
"DSX","20170517","3.55","3.64","3.48","3.53","2195006"
"DSX","20170518","3.53","3.66","3.51","3.6","1231427"
"DSX","20170519","3.67","3.75","3.61","3.73","1076951"
"DSX","20170522","3.77","3.8","3.67","3.7","769504"
"DSX","20170523","3.87","4.055","3.64","4","1729152"
"DSX","20170524","4.35","4.35","3.91","3.95","1628925"
"DSX","20170525","3.99","4","3.84","3.91","702532"
"DSX","20170526","3.9","4.15","3.87","3.97","1245279"
"DSX","20170530","3.98","4.01","3.86","3.87","738610"
"DSX","20170531","3.82","3.82","3.69","3.8","1109403"
"DSX","20170601","3.81","3.91","3.77","3.86","467035"
"DSX","20170602","3.85","3.89","3.64","3.73","632990"
"DSX","20170605","3.69","3.91","3.67","3.73","537697"
"DSX","20170606","3.68","3.82","3.64","3.8","444265"
"DSX","20170607","3.8","3.89","3.675","3.7","432423"
"DSX","20170608","3.7","3.87","3.6801","3.86","399218"
"DSX","20170609","3.91","4.125","3.89","3.99","1335074"
"DSX","20170612","4.02","4.1","3.91","3.94","491747"
"DSX","20170613","3.93","4.02","3.77","3.99","586741"
"DSX","20170614","3.96","3.97","3.82","3.84","528355"
"DSX","20170615","3.79","3.798","3.49","3.5","1175598"
"DSX","20170616","3.52","3.7","3.52","3.68","388481"
"DSX","20170619","3.67","3.72","3.62","3.68","323789"
"DSX","20170620","3.68","3.71","3.615","3.66","295386"
"DSX","20170621","3.71","3.78","3.6","3.67","463468"
"DSX","20170622","3.67","3.81","3.67","3.74","384021"
"DSX","20170623","3.76","3.92","3.73","3.91","710369"
"DSX","20170626","3.92","3.98","3.8","3.88","370645"
"DSX","20170627","3.92","4.165","3.9","3.9","1231577"
"DSX","20170628","3.93","4.0411","3.895","3.92","412246"
"DSX","20170629","3.97","4","3.9","3.96","373932"
"DSX","20170630","3.99","4.07","3.92","4.06","410206"
"DSX","20170703","4.06","4.19","4.05","4.13","304506"
"DSX","20170705","4.16","4.16","3.85","4.02","815575"
"DSX","20170706","4.02","4.05","3.82","3.89","380970"
"DSX","20170707","3.85","3.87","3.76","3.81","438093"
"DSX","20170710","3.81","3.9","3.78","3.84","352207"
"DSX","20170711","3.92","4.05","3.82","3.95","462080"
"DSX","20170712","4.04","4.21","4.025","4.2","612677"
"DSX","20170713","4.21","4.39","4.125","4.26","787349"
"DSX","20170714","4.32","4.32","3.96","4.06","757279"
"DSX","20170717","4.06","4.315","4.05","4.22","687820"
"DSX","20170718","4.25","4.28","4.01","4.04","343442"
"DSX","20170719","4.03","4.185","3.93","4.11","396118"
"DSX","20170720","4.15","4.16","3.865","3.92","605424"
"DSX","20170721","3.92","3.98","3.86","3.93","457559"
"DSX","20170724","3.94","3.96","3.86","3.89","435337"
"DSX","20170725","3.93","4.05","3.91","4.02","670477"
"DSX","20170726","3.89","3.94","3.74","3.86","779269"
"DSX","20170727","3.88","3.88","3.76","3.82","385637"
"DSX","20170728","3.81","3.965","3.7857","3.86","368368"
"DSX","20170731","3.86","3.93","3.82","3.87","320636"
"DSX","20170801","3.9","3.96","3.87","3.9","328310"
"DSX","20170802","3.9","4.085","3.8927","3.99","622900"
"DSX","20170803","3.99","4.09","3.85","3.89","386887"
"DSX","20170804","3.94","4.1","3.94","3.96","399946"
"DSX","20170807","4.02","4.17","3.985","4.09","385533"
"DSX","20170808","4.05","4.17","3.97","4.14","411261"
"DSX","20170809","4.14","4.12","4.01","4.05","302661"
"DSX","20170810","4.05","4.14","3.935","4.01","452720"
"DSX","20170811","3.93","4.08","3.83","4","380763"
"DSX","20170814","4.01","4.17","4","4.1","291160"
"DSX","20170815","4.07","4.07","3.83","3.88","751097"
"DSX","20170816","3.97","4.16","3.97","4.04","660830"
"DSX","20170817","4.03","4.13","3.94","3.96","264804"
"DSX","20170818","3.98","4.05","3.91","3.97","252472"
"DSX","20170821","3.99","4.01","3.8","3.84","602445"
"DSX","20170822","3.88","3.984","3.8589","3.94","447516"
"DSX","20170823","3.94","3.98","3.91","3.92","403165"
"DSX","20170824","3.96","4.02","3.87","3.87","388944"
"DSX","20170825","3.92","4.26","3.92","4.25","1077014"
"DSX","20170828","4.32","4.33","4.05","4.23","744640"
"DSX","20170829","4.15","4.23","4.085","4.14","383031"
"DSX","20170830","4.12","4.2","3.95","3.95","472167"
"DSX","20170831","4","4.05","3.97","3.97","244314"
"DSX","20170901","3.98","4.075","3.955","4.06","380185"
"DSX","20170905","4.06","4.07","3.87","3.9","477648"
"DSX","20170906","4","4.04","3.87","3.91","525899"
"DSX","20170907","3.88","3.96","3.82","3.9","562967"
"DSX","20170908","3.98","4.0444","3.8","4.02","1004133"
"DSX","20170911","4.02","4.18","3.95","4.01","803143"
"DSX","20170912","4.06","4.07","3.9","3.94","593241"
"DSX","20170913","3.93","3.99","3.86","3.92","465556"
"DSX","20170914","3.92","3.99","3.89","3.98","415593"
"DSX","20170915","3.97","4.065","3.96","4.04","412371"
"DSX","20170918","4.03","4.14","3.99","4.05","666425"
"DSX","20170919","4.03","4.04","3.921","3.97","317190"
"DSX","20170920","4.02","4.263","3.9607","4.09","696248"
"DSX","20170921","4.09","4.2","3.96","3.97","579748"
"DSX","20170922","3.98","4.1","3.98","4.05","483897"
"DSX","20170925","4.03","4.06","3.92","3.98","634027"
"DSX","20170926","3.97","3.97","3.81","3.88","797006"
"DSX","20170927","3.92","3.92","3.79","3.8","761736"
"DSX","20170928","3.8","3.85","3.72","3.73","612681"
"DSX","20170929","3.65","3.75","3.61","3.63","436959"
"DSX","20171002","3.67","3.8","3.6","3.66","738500"
"DSX","20171003","3.7","4.06","3.6275","4.055","1051264"
"DSX","20171004","3.98","4.04","3.86","4.02","799116"
"DSX","20171005","4.02","4.14","3.995","4.07","538647"
"DSX","20171006","4.07","4.23","4","4.13","865790"
"DSX","20171009","4.07","4.28","3.975","4.07","1317700"
"DSX","20171010","4.05","4.18","4","4","425912"
"DSX","20171011","4.01","4.08","3.98","4","234872"
"DSX","20171012","4","4.11","3.98","4","522530"
"DSX","20171013","4.04","4.08","3.98","4","666573"
