"FIS","20150120","63.45","63.789","62.65","63.28","464503"
"FIS","20150121","62.87","63.19","62.41","62.72","552487"
"FIS","20150122","63.01","63.9582","62.5","63.84","555498"
"FIS","20150123","63.86","64.42","63.6435","64.01","540042"
"FIS","20150126","63.87","64.21","63.48","64.04","506081"
"FIS","20150127","63.28","63.43","62.47","63.14","872251"
"FIS","20150128","63.71","63.76","62.36","62.43","606924"
"FIS","20150129","62.4","63.5","62.2","63.36","964866"
"FIS","20150130","63.04","63.24","62.36","62.43","1092024"
"FIS","20150202","62.86","63.01","61.65","63","838381"
"FIS","20150203","63.25","64.39","62.99","64.32","853401"
"FIS","20150204","64.29","64.86","63.81","64.48","1132503"
"FIS","20150205","64.45","64.79","63.08","64","1560491"
"FIS","20150206","64.05","64.6","63.63","63.92","1201097"
"FIS","20150209","63.47","63.88","63.22","63.61","1057953"
"FIS","20150210","63.87","64.84","63.75","64.67","502341"
"FIS","20150211","64.74","65.36","64.69","65.15","842935"
"FIS","20150212","65.36","66.19","65.36","66.16","603337"
"FIS","20150213","66.2","66.57","66.04","66.51","546757"
"FIS","20150217","66.25","66.96","66.25","66.92","673469"
"FIS","20150218","66.58","67.4","66.57","67.25","922015"
"FIS","20150219","67.33","67.705","67.08","67.69","780354"
"FIS","20150220","67.61","68.98","67.43","68.68","2715472"
"FIS","20150223","68.68","68.79","67.82","68.2","913926"
"FIS","20150224","68.06","68.4","67.93","68.16","682702"
"FIS","20150225","67.97","68.45","67.91","68.01","714995"
"FIS","20150226","68.05","68.3058","67.87","68.14","656738"
"FIS","20150227","67.89","68.03","67.44","67.59","910673"
"FIS","20150302","67.48","68.3","67.345","68.21","563434"
"FIS","20150303","67.9","67.99","67.28","67.62","694594"
"FIS","20150304","67.33","67.5","66.7","67.01","589437"
"FIS","20150305","67.28","67.37","66.85","67.25","430078"
"FIS","20150306","66.9","67.02","65.97","66.11","582214"
"FIS","20150309","66.02","66.77","66.02","66.62","587706"
"FIS","20150310","66.26","66.29","65.09","65.1","821318"
"FIS","20150311","65.03","65.235","64.5","64.6","912959"
"FIS","20150312","64.74","66.27","64.74","66.25","805540"
"FIS","20150313","66.02","66.18","64.95","65.3","711560"
"FIS","20150316","65.7","66.65","65.61","66.64","784999"
"FIS","20150317","66.2","66.62","66.05","66.35","502912"
"FIS","20150318","66.14","67.795","66.1","67.49","852525"
"FIS","20150319","67.5","67.76","67.19","67.61","562827"
"FIS","20150320","68.18","68.745","67.7","68.33","1398778"
"FIS","20150323","68.29","68.89","68.06","68.53","773493"
"FIS","20150324","68.39","68.6","67.98","68.14","1165609"
"FIS","20150325","68.12","68.19","67.53","67.54","1865154"
"FIS","20150326","67.3","67.72","66.88","67.42","829380"
"FIS","20150327","67.25","67.69","66.74","67.07","999770"
"FIS","20150330","67.58","68.58","67.55","68.28","559821"
"FIS","20150331","68.05","68.58","67.83","68.06","474573"
"FIS","20150401","67.94","68.04","67.17","67.72","769739"
"FIS","20150402","67.81","68.45","67.54","68.06","631532"
"FIS","20150406","67.41","68.47","67.34","68.18","585561"
"FIS","20150407","68.08","68.33","67.83","67.89","546671"
"FIS","20150408","67.84","68.51","67.84","68.5","540742"
"FIS","20150409","68.53","68.55","67.75","68.06","719579"
"FIS","20150410","65.87","66.07","63.27","65.5","6399926"
"FIS","20150413","65.21","65.74","64.55","64.68","2122062"
"FIS","20150414","64.63","65","64.21","64.36","1878298"
"FIS","20150415","64.57","64.96","63.93","64.31","2160098"
"FIS","20150416","64.21","64.625","63.82","64.07","1518607"
"FIS","20150417","63.61","63.72","62.94","63.33","1984408"
"FIS","20150420","63.63","64.29","63.57","63.93","1657271"
"FIS","20150421","64.05","64.85","64.05","64.09","1541590"
"FIS","20150422","64.11","64.68","63.75","64.27","1334606"
"FIS","20150423","64.16","64.671","63.99","64.52","1138493"
"FIS","20150424","64.52","64.53","63.98","64.115","927429"
"FIS","20150427","64.38","64.38","63.84","64.01","1061639"
"FIS","20150428","63.86","64.41","63.52","64.29","1185585"
"FIS","20150429","64.11","64.59","64.01","64.15","1412359"
"FIS","20150430","60.95","63.788","60.79","62.49","3852814"
"FIS","20150501","62.7","63.15","62.18","63.089","1739644"
"FIS","20150504","63.34","63.68","63.07","63.25","1094901"
"FIS","20150505","63.02","63.55","62.99","63.35","1750237"
"FIS","20150506","63.58","63.96","63.11","63.49","1132521"
"FIS","20150507","63.5","64.32","63.41","64.09","1133595"
"FIS","20150508","64.74","65.7","64.74","65.08","1155156"
"FIS","20150511","64.87","65.28","64.54","64.54","706425"
"FIS","20150512","64.04","64.33","63.66","64","1391157"
"FIS","20150513","64.01","64.64","63.76","63.85","871047"
"FIS","20150514","64.17","64.61","64.01","64.55","1246602"
"FIS","20150515","64.57","64.85","64.26","64.45","796793"
"FIS","20150518","64.34","64.77","64.2","64.65","760117"
"FIS","20150519","64.81","64.97","64.558","64.78","764126"
"FIS","20150520","64.98","65.19","64.63","64.79","517758"
"FIS","20150521","64.6","64.83","64.48","64.54","602288"
"FIS","20150522","64.41","64.72","64.28","64.37","651218"
"FIS","20150526","64.14","64.23","63.135","63.24","835010"
"FIS","20150527","63.51","63.67","63.19","63.55","1347261"
"FIS","20150528","63.46","63.66","63.08","63.39","750839"
"FIS","20150529","63.3","63.45","62.58","62.7","1264234"
"FIS","20150601","62.75","63.04","62.08","62.62","1475549"
"FIS","20150602","62.41","62.59","62.05","62.43","1105728"
"FIS","20150603","62.74","62.905","62.39","62.52","839753"
"FIS","20150604","62.19","62.4","61.72","61.8","966937"
"FIS","20150605","61.69","62.31","61.54","62.2","1397079"
"FIS","20150608","62.09","62.47","61.84","61.98","940478"
"FIS","20150609","62.01","62.17","61.63","61.79","952571"
"FIS","20150610","62.01","62.71","61.97","62.53","450348"
"FIS","20150611","63.3","64.385","63.1","64.16","1614666"
"FIS","20150612","63.71","63.858","63.19","63.27","689211"
"FIS","20150615","62.63","62.958","62.15","62.86","888462"
"FIS","20150616","62.84","63.26","62.63","63.03","1066684"
"FIS","20150617","63.24","63.3","62.6401","62.94","569653"
"FIS","20150618","63.08","63.49","62.85","63.38","1261447"
"FIS","20150619","63.47","64.05","63.47","63.94","1224844"
"FIS","20150622","64.25","64.93","64.11","64.61","817296"
"FIS","20150623","64.66","64.71","64.15","64.27","653229"
"FIS","20150624","64.15","64.185","63.3","63.3","607490"
"FIS","20150625","63.51","63.59","63.03","63.12","638297"
"FIS","20150626","63.25","63.43","63.04","63.35","978297"
"FIS","20150629","62.99","63.19","62.33","62.42","1239454"
"FIS","20150630","62.9","62.9","61.69","61.8","1006151"
"FIS","20150701","62.15","62.48","61.98","62.34","669083"
"FIS","20150702","62.51","62.52","62","62.35","524452"
"FIS","20150706","61.81","62.58","61.66","62.53","710112"
"FIS","20150707","62.62","62.765","61.77","62.72","569319"
"FIS","20150708","62.13","62.46","61.59","61.62","438527"
"FIS","20150709","62.42","62.74","62.23","62.32","726534"
"FIS","20150710","63","63.78","62.91","63.55","804880"
"FIS","20150713","63.95","64.1","63.74","64","1087189"
"FIS","20150714","64.03","64.2751","63.75","64.16","627419"
"FIS","20150715","64.24","64.49","64.02","64.16","514267"
"FIS","20150716","64.48","64.67","64.02","64.5","2068424"
"FIS","20150717","64.65","64.65","63.91","64.09","564386"
"FIS","20150720","64.19","64.69","64.12","64.24","755718"
"FIS","20150721","64.15","64.48","63.66","63.82","749714"
"FIS","20150722","63.79","64.29","63.6501","64.13","991873"
"FIS","20150723","63.93","64.35","62.075","62.58","2708136"
"FIS","20150724","62.51","62.95","62.16","62.64","1140958"
"FIS","20150727","62.32","62.36","61.57","62.15","1310062"
"FIS","20150728","62.39","62.51","61.84","62.42","1232111"
"FIS","20150729","62.36","63.34","62.3","63.24","767662"
"FIS","20150730","63.1","66.65","62.59","65.83","7131620"
"FIS","20150731","66.17","66.17","65.08","65.46","1393322"
"FIS","20150803","65.5","65.72","64.67","65.5","844522"
"FIS","20150804","65.49","65.85","65.18","65.27","589112"
"FIS","20150805","65.5","65.98","65.46","65.72","603891"
"FIS","20150806","65.76","65.79","64.56","64.68","416526"
"FIS","20150807","64.59","64.84","64.31","64.77","525616"
"FIS","20150810","65.16","65.69","65","65.54","641738"
"FIS","20150811","64.91","65.2799","64.59","65.07","870209"
"FIS","20150812","38.4","70.89","68.07","70.75","5922921"
"FIS","20150813","70.76","70.96","69.95","70.17","2104896"
"FIS","20150814","69.98","70.37","69.7","70.3","1091751"
"FIS","20150817","70.3","71.63","70.2","71.45","1726636"
"FIS","20150818","71.48","71.74","71.23","71.71","927874"
"FIS","20150819","71.61","72.24","71.09","71.86","1589351"
"FIS","20150820","71.68","72.295","71.31","71.34","1511099"
"FIS","20150821","70.95","71.49","69.25","69.39","2424809"
"FIS","20150824","66.27","68.34","65.2","65.98","2571178"
"FIS","20150825","67.81","67.81","65.32","65.36","1981995"
"FIS","20150826","67.13","69.56","66.41","69.46","2313145"
"FIS","20150827","70.02","70.57","68.99","70.27","1184008"
"FIS","20150828","70.24","70.48","69.7","70.24","1353847"
"FIS","20150831","69.68","69.91","68.9","69.09","881623"
"FIS","20150901","67.73","68.45","66.54","67.08","1905688"
"FIS","20150902","67.9","68.03","66.96","67.81","1356469"
"FIS","20150903","68.24","68.67","67.88","68.14","1335951"
"FIS","20150904","67.3","67.92","66.79","67.06","1140746"
"FIS","20150908","68.1","69.36","67.88","69.35","783655"
"FIS","20150909","69.67","70","67.83","67.93","660115"
"FIS","20150910","67.88","69.115","67.8651","68.72","1450032"
"FIS","20150911","68.67","69.71","68.15","69.61","951661"
"FIS","20150914","69.36","69.48","68.52","68.72","925323"
"FIS","20150915","68.99","70.15","68.65","69.87","659050"
"FIS","20150916","69.83","70.27","69.71","69.93","778790"
"FIS","20150917","69.96","70.48","69.13","69.3","1038146"
"FIS","20150918","68.51","69.45","68.04","68.23","1295019"
"FIS","20150921","68.5","69.93","68.45","69.61","932648"
"FIS","20150922","68.86","68.89","67.8","68.21","1044888"
"FIS","20150923","68.25","69.375","67.9","69.27","1140902"
"FIS","20150924","68.58","68.85","67.85","68.28","914781"
"FIS","20150925","68.82","69.04","67.83","68.24","920411"
"FIS","20150928","68","68.22","65.82","65.82","1092067"
"FIS","20150929","65.95","66.6","65.75","66.5","1275819"
"FIS","20150930","67.3","67.74","66.35","67.08","1281007"
"FIS","20151001","67.75","67.75","66.74","67.58","1081666"
"FIS","20151002","68.41","68.41","68.41","68.41","614408"
"FIS","20151005","68.52","69.525","68.52","69.32","788244"
"FIS","20151006","69.13","69.46","68.67","69.44","1063117"
"FIS","20151007","69.82","70.28","69.36","70.11","978459"
"FIS","20151008","70.1","71.38","69.95","71.3","1453903"
"FIS","20151009","71.26","71.65","70.1","70.5","1169644"
"FIS","20151012","70.5","71.16","70.27","70.79","533099"
"FIS","20151013","70.44","70.89","69.6","69.84","1100576"
"FIS","20151014","69.93","70.34","69.2","69.42","727817"
"FIS","20151015","69.86","69.87","69.12","69.81","1369587"
"FIS","20151016","70.06","70.35","69.58","70.35","875727"
"FIS","20151019","69.91","70.69","69.84","70.65","285134"
"FIS","20151020","70.525","70.815","70.39","70.65","275081"
"FIS","20151021","70.81","71.06","69.68","69.68","502977"
"FIS","20151022","70.21","71","70.21","70.56","175366"
"FIS","20151023","71.13","71.34","70.6","71.2","223292"
"FIS","20151026","71.13","71.39","70.84","71.34","670194"
"FIS","20151027","70.94","71.38","70.7062","70.99","966706"
"FIS","20151028","71.31","72.8","71.01","72.79","902218"
"FIS","20151029","72.66","72.87","72.39","72.74","1001000"
"FIS","20151030","72.83","73.01","72.4001","72.92","1772072"
"FIS","20151102","72.28","73.6","70.58","73.5","2588047"
"FIS","20151103","66.04","69.25","64.06","64.47","8861415"
"FIS","20151104","64.48","67.77","64.44","65.54","5099523"
"FIS","20151105","65.72","66.7","65.46","66.18","3322566"
"FIS","20151106","66.17","67.43","66.14","67.19","1939623"
"FIS","20151109","66.94","67.47","66.06","66.37","927802"
"FIS","20151110","66.13","66.69","66.03","66.55","1465357"
"FIS","20151111","66.42","67.37","66.19","67.08","1632143"
"FIS","20151112","66.3","66.3","66.3","66.3","1433939"
"FIS","20151113","66.21","66.33","65.09","65.11","853957"
"FIS","20151116","65.14","65.61","64.89","65.55","1228933"
"FIS","20151117","65.72","66.115","65.43","65.61","831211"
"FIS","20151118","65.92","66.26","65.5","66.12","1164748"
"FIS","20151119","66.25","66.53","65.87","66.01","1098852"
"FIS","20151120","66.4","66.61","66.19","66.39","1703781"
"FIS","20151123","66.48","66.64","65.38","65.55","2186822"
"FIS","20151124","65.15","65.47","63.96","64.78","1822546"
"FIS","20151125","65.01","65.01","64.12","64.525","1759102"
"FIS","20151127","64.63","64.89","64.48","64.72","862536"
"FIS","20151130","64.81","64.9","63.58","63.67","2377491"
"FIS","20151201","63.97","64.76","63.67","64.49","3561225"
"FIS","20151202","64.35","65.96","64.15","64.98","7120394"
"FIS","20151203","65.18","65.26","63.61","64.07","3957053"
"FIS","20151204","64.33","65.3","64.02","65.03","2569771"
"FIS","20151207","64.81","64.9999","63.13","63.51","1846570"
"FIS","20151208","63","63.11","62.29","63.04","2028077"
"FIS","20151209","62.74","64.1","62.68","63.45","2145528"
"FIS","20151210","63.41","63.6","62.78","62.87","1573158"
"FIS","20151211","61.53","62.06","60.95","61.19","1605188"
"FIS","20151214","60.415","62.1","60.38","61.11","1675579"
"FIS","20151215","61.57","61.9","61.07","61.62","1681774"
"FIS","20151216","62.09","62.34","60.8603","62.02","1059316"
"FIS","20151217","61.99","62.49","59.75","59.88","1785210"
"FIS","20151218","59.6","59.65","58.49","58.51","1705911"
"FIS","20151221","58.98","59.77","58.78","59.15","1285626"
"FIS","20151222","59.37","60.05","59.19","59.87","826651"
"FIS","20151223","60.04","61.52","59.91","61.19","1573518"
"FIS","20151224","61.13","61.42","60.8","61.11","342653"
"FIS","20151228","60.82","61","60.27","61","828367"
"FIS","20151229","61.36","62.14","61.24","61.58","568215"
"FIS","20151230","61.33","61.62","60.96","60.99","495394"
"FIS","20151231","60.77","61.355","60.51","60.6","767602"
"FIS","20160104","59.52","59.97","58.99","59.91","1867811"
"FIS","20160105","60.19","61.09","59.67","60.31","1860110"
"FIS","20160106","59.36","59.73","58.9","59.19","1125903"
"FIS","20160107","58.5","59.61","58.08","59.18","1703820"
"FIS","20160108","59.52","59.66","58.04","58.09","1508799"
"FIS","20160111","58.61","59.27","58.07","58.94","1432186"
"FIS","20160112","59.96","60.19","58.94","59.99","2464519"
"FIS","20160113","60.21","60.7","58.93","59.12","1973226"
"FIS","20160114","59.41","60.62","58.93","60.3","2520781"
"FIS","20160115","58.57","59.27","57.62","58.46","2512747"
"FIS","20160119","59.15","59.34","58.3","58.71","1128104"
"FIS","20160120","57.92","58.35","56.8","57.89","2073863"
"FIS","20160121","58.14","58.94","57.67","58.05","2303783"
"FIS","20160122","59.06","59.55","58.93","59.45","1644579"
"FIS","20160125","59.17","59.65","58.76","58.85","1095482"
"FIS","20160126","59.01","60.09","58.72","60.04","1105874"
"FIS","20160127","59.87","60.385","58.45","58.83","1592342"
"FIS","20160128","59.3","59.46","58.06","58.21","1433218"
"FIS","20160129","58.6","59.755","58.31","59.67","1562131"
"FIS","20160201","59.38","61.035","59.21","60.67","1520111"
"FIS","20160202","60","60.12","59.3","59.55","929469"
"FIS","20160203","59.6","59.95","58.86","59.65","1163889"
"FIS","20160204","59.46","60.26","59.46","60.15","1233907"
"FIS","20160205","59.85","60.4","58.29","58.54","1669128"
"FIS","20160208","57.74","57.74","55.105","56.045","3506010"
"FIS","20160209","57.65","59.33","56.38","57.93","5065912"
"FIS","20160210","57.89","58.68","57.32","57.4","2675057"
"FIS","20160211","56.2","56.88","55.99","56.46","1398357"
"FIS","20160212","57.1","57.63","56.83","57.58","1185450"
"FIS","20160216","58.5","58.97","58.22","58.65","2407826"
"FIS","20160217","59.11","59.55","58.83","59.54","2418128"
"FIS","20160218","59.51","59.76","58.93","59.17","1050724"
"FIS","20160219","59.17","59.75","58.66","59.71","1472535"
"FIS","20160222","59.91","60.7","59.655","59.99","1570947"
"FIS","20160223","59.66","59.99","58.8999","58.98","1556609"
"FIS","20160224","58.51","59.23","57.8","59.18","1348468"
"FIS","20160225","59.33","60.07","58.93","60.04","1368284"
"FIS","20160226","60.18","60.61","59.395","59.49","1613648"
"FIS","20160229","59.43","59.69","58.23","58.25","2185727"
"FIS","20160301","58.81","60.01","58.7","60","1916233"
"FIS","20160302","59.96","59.99","59.1287","59.92","1371653"
"FIS","20160303","59.85","60.47","59.43","60.33","1752929"
"FIS","20160304","60.33","60.84","59.95","60.8","2321338"
"FIS","20160307","60.44","60.66","59.835","60.06","1485267"
"FIS","20160308","59.53","59.76","59.13","59.18","1125221"
"FIS","20160309","59.52","60.05","59.11","60.02","1686375"
"FIS","20160310","60.24","61.75","60.07","61.56","3957657"
"FIS","20160311","61.82","63.01","61.26","62.81","3618134"
"FIS","20160314","62.74","62.92","62.17","62.8","2114949"
"FIS","20160315","62.04","62.7","61.82","62.43","1253087"
"FIS","20160316","62.32","63","62.21","62.76","1271864"
"FIS","20160317","62.73","63.37","62.53","63.06","1828739"
"FIS","20160318","61.93","62.84","61.25","62.54","8335496"
"FIS","20160321","62.36","62.928","62.19","62.75","2049419"
"FIS","20160322","62.5","62.75","62.37","62.45","1252307"
"FIS","20160323","62.49","63.03","62.2","62.89","2029334"
"FIS","20160324","62.67","62.72","61.95","62.62","1336056"
"FIS","20160328","63","63","62.25","62.43","760789"
"FIS","20160329","62.23","62.95","62.05","62.92","964423"
"FIS","20160330","63","63.407","62.92","63.18","1237260"
"FIS","20160331","63.03","63.74","62.84","63.3","984974"
"FIS","20160401","63.64","65.11","63.39","64.99","2324140"
"FIS","20160404","65.11","65.35","64.25","64.34","1180072"
"FIS","20160405","63.99","64.18","63.37","63.45","908776"
"FIS","20160406","63.34","64.58","63.3","64.5","1211945"
"FIS","20160407","64.05","64.38","63.48","63.89","1316546"
"FIS","20160408","64.4","64.435","63.75","63.98","1546154"
"FIS","20160411","64.23","64.82","63.91","64.11","1513357"
"FIS","20160412","64.1","64.39","63.74","64.03","1290227"
"FIS","20160413","64.37","64.5062","63.77","64.275","1509235"
"FIS","20160414","64.18","64.48","63.93","64.19","1022037"
"FIS","20160415","64.25","64.57","63.995","64.06","1522673"
"FIS","20160418","64.04","65.04","63.92","65.01","940281"
"FIS","20160419","65.23","65.84","65","65.49","1494897"
"FIS","20160420","65.56","66.79","65.32","66.45","2672433"
"FIS","20160421","66.22","66.68","64.99","65.24","1838254"
"FIS","20160422","64.91","65.44","64.36","65.24","1219639"
"FIS","20160425","64.96","65.86","64.69","65.7","1398923"
"FIS","20160426","65.83","66.22","65.13","66","1249383"
"FIS","20160427","65.41","66.625","65.41","66.4","1316032"
"FIS","20160428","66.02","66.46","65.51","65.67","1438724"
"FIS","20160429","65.29","66.11","64.84","65.79","2346310"
"FIS","20160502","66","67.36","65.72","67.14","3535509"
"FIS","20160503","69.57","72.23","69.52","71.29","7962954"
"FIS","20160504","71.05","71.4","70.51","71.07","3114785"
"FIS","20160505","70.89","71.5","69.93","70.39","2546962"
"FIS","20160506","70.14","71.27","70.05","71.26","1814237"
"FIS","20160509","71.83","72.98","71.54","71.73","2152484"
"FIS","20160510","71.95","73.9","71.95","73.85","3388103"
"FIS","20160511","74.13","74.19","73.19","73.44","2334872"
"FIS","20160512","72.05","72.98","71.3","71.77","3962502"
"FIS","20160513","71.82","73.03","71.8","72.29","6123034"
"FIS","20160516","72.28","72.985","71.92","72.77","2177398"
"FIS","20160517","72.67","73","71.91","72.11","1657068"
"FIS","20160518","72.05","72.865","71.6","72.39","2201766"
"FIS","20160519","72.05","72.74","71.73","72.61","1545180"
"FIS","20160520","73.1","73.1","72.65","72.98","2059911"
"FIS","20160523","72.87","72.9","72.465","72.54","1155360"
"FIS","20160524","72.99","73.97","72.82","73.9","4633135"
"FIS","20160525","73.97","74.11","73.43","73.68","1842016"
"FIS","20160526","73.5","74.5","73.26","74.03","1601756"
"FIS","20160527","73.9","74.57","73.88","74.4","1145993"
"FIS","20160531","74.48","74.59","73.85","74.27","2457420"
"FIS","20160601","74.19","74.75","73.66","74.72","1149129"
"FIS","20160602","74.65","75.46","74.26","75.38","1133247"
"FIS","20160603","74.97","75.15","74.27","74.99","1070460"
"FIS","20160606","74.95","75.8","74.75","75.28","1550850"
"FIS","20160607","75.28","75.75","75.1401","75.44","1170526"
"FIS","20160608","75.31","75.71","75.08","75.38","1028094"
"FIS","20160609","75.07","75.4","74.923","75.14","990864"
"FIS","20160610","74.56","74.63","74.06","74.34","1504987"
"FIS","20160613","74.13","74.65","73.4","73.44","1538875"
"FIS","20160614","73.11","73.89","72.9008","73.75","1312044"
"FIS","20160615","73.78","74","73.43","73.62","1648925"
"FIS","20160616","73.31","73.9","72.93","73.76","2062290"
"FIS","20160617","73.64","73.64","72.47","72.82","1900862"
"FIS","20160620","73.41","74.01","72.77","72.89","2340987"
"FIS","20160621","73.12","73.56","72.74","73.29","2281244"
"FIS","20160622","73.41","73.67","73.02","73.13","953503"
"FIS","20160623","73.59","73.92","73.31","73.91","1227099"
"FIS","20160624","71.29","72.11","70.63","70.67","2770770"
"FIS","20160627","69.95","69.99","68.03","68.36","2375301"
"FIS","20160628","69.05","71.04","69.04","71.04","1926623"
"FIS","20160629","71.4","72.55","71.31","72.45","1714812"
"FIS","20160630","72.51","73.68","72.27","73.67","1667151"
"FIS","20160701","73.8","74.56","73.8","74.5","2526856"
"FIS","20160705","74.07","74.67","73.78","74.61","2114872"
"FIS","20160706","74.22","74.64","73.84","74.25","1747948"
"FIS","20160707","74.23","74.825","74.23","74.76","1460232"
"FIS","20160708","75.06","76.18","75","76.03","1938227"
"FIS","20160711","76.3","76.85","75.95","76.01","1681117"
"FIS","20160712","76.36","77.07","76","76.95","1647579"
"FIS","20160713","77.28","77.44","76.92","77.14","1224303"
"FIS","20160714","77.54","77.75","76.85","76.89","1736370"
"FIS","20160715","77.15","77.25","76.5","76.53","1244094"
"FIS","20160718","76.64","76.94","76.41","76.88","1118265"
"FIS","20160719","76.6","77.19","76.41","77.16","977565"
"FIS","20160720","77.66","78.04","77.3828","78","1416198"
"FIS","20160721","78.05","78.2","77.38","77.825","1300709"
"FIS","20160722","77.69","78.095","77.69","77.98","866159"
"FIS","20160725","78.05","78.05","77.44","77.9","2039057"
"FIS","20160726","80","81.29","79.51","80.84","5302562"
"FIS","20160727","81","81.41","80.41","80.79","2414226"
"FIS","20160728","80.68","80.725","79.76","80.36","1189057"
"FIS","20160729","80.38","80.49","79.33","79.52","1441963"
"FIS","20160801","79.73","79.89","78.93","79.19","1009069"
"FIS","20160802","79.14","79.23","78.19","78.47","1365385"
"FIS","20160803","78.49","78.53","77.73","78.14","1135839"
"FIS","20160804","78.26","78.81","78.15","78.22","1401516"
"FIS","20160805","78.59","79.37","78.48","79.195","798068"
"FIS","20160808","79.76","79.76","79.14","79.41","830824"
"FIS","20160809","79.5","79.95","79.23","79.73","1476689"
"FIS","20160810","79.8","79.92","79.45","79.85","790083"
"FIS","20160811","80.15","80.72","80.15","80.5","1328162"
"FIS","20160812","80.23","80.27","79.735","80.04","1172534"
"FIS","20160815","80.13","80.37","79.89","80.09","973639"
"FIS","20160816","79.71","79.71","78.89","78.9","1011587"
"FIS","20160817","79.09","79.3","78.52","79.15","991097"
"FIS","20160818","79.15","79.455","79.15","79.24","1262021"
"FIS","20160819","79.03","79.32","78.69","79.28","1259450"
"FIS","20160822","79.21","79.52","78.97","79.51","706540"
"FIS","20160823","79.78","80.115","79.71","80.07","759997"
"FIS","20160824","79.95","80.1","79.26","79.56","1004751"
"FIS","20160825","79.51","79.75","79.2","79.61","874184"
"FIS","20160826","79.85","80.35","79.09","79.52","638856"
"FIS","20160829","79.52","79.99","79.32","79.38","953706"
"FIS","20160830","79.51","79.7","79.22","79.52","690685"
"FIS","20160831","79.49","79.49","79.02","79.33","894215"
"FIS","20160901","79.41","79.79","79.05","79.64","1201290"
"FIS","20160902","80","80.45","79.66","80.44","1448715"
"FIS","20160906","81.67","81.67","79.83","80.4","1362121"
"FIS","20160907","80.39","80.39","79.66","80.05","1230385"
"FIS","20160908","79.67","80.07","79.1","79.26","1798781"
"FIS","20160909","78.84","79.305","77.39","77.41","1541232"
"FIS","20160912","77.01","78.21","76.72","78.05","1853649"
"FIS","20160913","77.34","77.68","76.62","76.69","1745160"
"FIS","20160914","76.54","76.84","75.77","76.06","2473024"
"FIS","20160915","75.91","76.97","75.5","76.65","1766297"
"FIS","20160916","76.38","76.39","74.87","75.09","10252212"
"FIS","20160919","75.92","76.15","75.45","75.9","2500323"
"FIS","20160920","76.39","76.93","76.21","76.57","1778594"
"FIS","20160921","76.86","77.28","76.075","77.12","1704826"
"FIS","20160922","77.73","77.89","77","77.52","1195443"
"FIS","20160923","77.02","77.41","77","77.08","925267"
"FIS","20160926","76.76","77.27","76.75","76.88","688289"
"FIS","20160927","76.98","77.77","76.86","77.75","965778"
"FIS","20160928","77.88","77.88","76.57","77.23","1476194"
"FIS","20160929","77.18","77.89","76.79","76.84","1024466"
"FIS","20160930","76.93","77.31","76.28","77.03","1248036"
"FIS","20161003","76.8","77.32","76.73","76.91","898699"
"FIS","20161004","76.91","77.17","75.93","76.46","953780"
"FIS","20161005","76.88","77.87","76.34","76.87","1557265"
"FIS","20161006","76.91","78.33","76.875","78.28","1629442"
"FIS","20161007","78.46","78.69","77.29","77.63","1503566"
"FIS","20161010","77.88","78.15","77.37","77.41","859380"
"FIS","20161011","77.08","77.09","76.02","76.49","1175924"
"FIS","20161012","76.59","77.29","76.275","77.19","855938"
"FIS","20161013","76.68","76.93","75.93","76.33","1334251"
"FIS","20161014","76.67","77.45","76.49","76.5","768508"
"FIS","20161017","76.68","76.73","75.76","75.81","1022641"
"FIS","20161018","76.45","76.61","75.88","75.95","1024584"
"FIS","20161019","76.21","76.53","76.02","76.32","872999"
"FIS","20161020","76.31","76.36","74.85","75.29","1933915"
"FIS","20161021","74.82","75.31","74.41","75.01","959815"
"FIS","20161024","75.52","76.04","75.23","75.9","1342543"
"FIS","20161025","75.79","75.855","75.44","75.56","1347944"
"FIS","20161026","75.37","75.899","75.02","75.15","778864"
"FIS","20161027","74.96","75.035","73.5701","74.09","2930130"
"FIS","20161028","74.23","74.99","74.14","74.37","1521645"
"FIS","20161031","74.43","74.62","73.25","73.92","1554725"
"FIS","20161101","73.91","77.105","73.89","76.85","3793733"
"FIS","20161102","76.61","76.81","74.88","75.05","1920944"
"FIS","20161103","75.05","75.38","74.755","74.97","974207"
"FIS","20161104","74.9","75.9","74.86","75.42","1251270"
"FIS","20161107","76.38","76.81","76.23","76.5","1571225"
"FIS","20161108","76.5","77","76.01","76.6","834278"
"FIS","20161109","75.68","77.15","74.96","76.9","1164191"
"FIS","20161110","77.2","77.4","75.86","77.04","1343991"
"FIS","20161111","76.66","77.4","76.21","76.32","1122354"
"FIS","20161114","76.45","76.975","74.81","75.2","1640746"
"FIS","20161115","75.54","75.86","74.63","74.74","1702630"
"FIS","20161116","74.75","75.225","74.44","75.1","1289817"
"FIS","20161117","75.34","75.95","74.92","75.87","1616814"
"FIS","20161118","75.95","77.56","75.8","77.12","2021513"
"FIS","20161121","77.24","77.88","77.17","77.5","1182232"
"FIS","20161122","77.46","77.769","76.98","77.64","1292940"
"FIS","20161123","77.68","79","77.68","79","1358611"
"FIS","20161125","79.06","79.23","78.56","78.76","536444"
"FIS","20161128","78.79","79","78.335","78.69","1030059"
"FIS","20161129","78.85","79.105","78.56","78.9","997507"
"FIS","20161130","78.84","79.09","77.17","77.17","1280694"
"FIS","20161201","77.17","77.2","75.39","75.73","1280743"
"FIS","20161202","75.76","75.89","74.95","75","1400923"
"FIS","20161205","75.55","75.77","75.11","75.26","1562988"
"FIS","20161206","75.52","75.63","74.98","75.51","1604320"
"FIS","20161207","74.73","75.66","73.97","75.57","2373192"
"FIS","20161208","75.55","75.555","74.71","75.12","1314302"
"FIS","20161209","75.12","75.72","74.98","75.56","1127317"
"FIS","20161212","75.44","76.1","75.37","75.79","1087639"
"FIS","20161213","76.06","76.3926","75.3","75.34","1245881"
"FIS","20161214","75.23","76.6","75.03","75.92","2245316"
"FIS","20161215","76.11","77.78","75.6","77.35","1639003"
"FIS","20161216","77.55","77.74","76.27","76.64","6804353"
"FIS","20161219","76.71","76.95","75.92","76.08","1514395"
"FIS","20161220","76.25","76.56","75.68","76.46","1527248"
"FIS","20161221","76.29","77.22","76.03","76.69","797844"
"FIS","20161222","76.52","76.52","75.59","75.8","1906183"
"FIS","20161223","76.03","76.82","75.78","76.02","845731"
"FIS","20161227","76.11","76.91","75.8601","76.64","750434"
"FIS","20161228","76.6","76.87","76.12","76.58","1348318"
"FIS","20161229","76.65","77.12","76.51","77","1235775"
"FIS","20161230","77","77.14","75.4","75.64","1366725"
"FIS","20170103","76.28","77.05","75.88","76.98","1409380"
"FIS","20170104","76.86","78.25","76.86","78.22","1125423"
"FIS","20170105","78.25","78.79","77.75","78.05","952572"
"FIS","20170106","78.51","79.02","77.68","78.89","817234"
"FIS","20170109","78.92","78.945","78.02","78.04","763009"
"FIS","20170110","78.07","78.33","77.64","77.66","510823"
"FIS","20170111","77.43","77.7175","77","77.39","994375"
"FIS","20170112","76.98","77.2299","76.09","77.05","1901763"
"FIS","20170113","76.95","77.45","76.7","77.36","911038"
"FIS","20170117","77.26","78.75","77.085","78.69","1561268"
"FIS","20170118","78.87","79.54","78.16","79.46","2306372"
"FIS","20170119","79.26","79.3098","78.58","79.15","1393532"
"FIS","20170120","79.56","79.98","79.24","79.79","2563864"
"FIS","20170123","79.8","80.345","79.62","80.09","2357541"
"FIS","20170124","80","80.08","79.475","80.02","1565133"
"FIS","20170125","80","80.28","79.72","79.88","1549031"
"FIS","20170126","79.9","79.96","79.28","79.56","1273699"
"FIS","20170127","79.9","79.93","79.53","79.8","775518"
"FIS","20170130","79.89","79.89","78.89","79.6","534454"
"FIS","20170131","79.57","79.82","78.87","79.42","863378"
"FIS","20170201","79.68","79.79","78.76","79.06","1023082"
"FIS","20170202","78.86","79.38","78.56","79.06","856320"
"FIS","20170203","79.58","80.3","79.09","79.37","1298691"
"FIS","20170206","79.39","79.58","78.9","79.35","2202699"
"FIS","20170207","76.76","77.73","75.52","77.3","6323014"
"FIS","20170208","78","80.36","77.63","79.84","4097383"
"FIS","20170209","79.78","81","79.65","80.75","1755189"
"FIS","20170210","80.96","81.39","80.47","80.49","1605517"
"FIS","20170213","80.87","81.12","80.47","80.91","886259"
"FIS","20170214","80.8","80.96","80.31","80.5","1018058"
"FIS","20170215","80.5","81.48","80.38","81.41","1316156"
"FIS","20170216","81.33","81.74","80.81","81.71","772912"
"FIS","20170217","81.57","82.05","81.04","82.02","747225"
"FIS","20170221","81.74","82.37","81.7301","82.17","1091471"
"FIS","20170222","81.91","82.99","81.81","82.82","972760"
"FIS","20170223","83","83.2","82.503","83.09","1354796"
"FIS","20170224","82","83.86","81.7279","83.84","1986073"
"FIS","20170227","83.75","83.7999","82.24","82.64","1652826"
"FIS","20170228","82.69","82.75","82.05","82.24","1068012"
"FIS","20170301","82.68","83.37","82.51","83.01","1166398"
"FIS","20170302","82.7","82.97","82.22","82.27","883226"
"FIS","20170303","82.23","83.08","82","82.95","966114"
"FIS","20170306","82.43","83","82.32","82.7","809635"
"FIS","20170307","82.48","82.98","82.41","82.63","636915"
"FIS","20170308","82.7","82.73","82.04","82.22","1167384"
"FIS","20170309","82.25","82.61","81.65","81.98","1243797"
"FIS","20170310","82.25","82.63","81.52","82.23","1906340"
"FIS","20170313","82.2","82.89","82.025","82.72","1007850"
"FIS","20170314","82.59","82.905","82.1","82.46","706387"
"FIS","20170315","82.52","82.7","82.06","82.52","1107024"
"FIS","20170316","82.5","82.615","81.84","81.95","913656"
"FIS","20170317","82.35","82.39","81.75","81.83","1611143"
"FIS","20170320","81.92","81.92","80.54","81.02","1436015"
"FIS","20170321","80.78","81.11","79.84","80.05","1511490"
"FIS","20170322","80.26","80.48","79.82","79.9","1178826"
"FIS","20170323","79.8","80.17","79.46","79.82","1079433"
"FIS","20170324","79.9","80.38","79.805","80.12","1001384"
"FIS","20170327","79.63","80.49","79.37","80.41","1368974"
"FIS","20170328","79.54","80.69","79.11","80.29","2081145"
"FIS","20170329","79.81","80.19","79","80.03","885365"
"FIS","20170330","79.8","80.44","79.69","80.05","1217879"
"FIS","20170331","80.1","80.48","79.58","79.59","1192219"
"FIS","20170403","79.87","80.385","78.95","79.45","2763153"
"FIS","20170404","79.4","79.66","78.885","79.11","1544565"
"FIS","20170405","79.33","80.165","79.26","79.5","1534756"
"FIS","20170406","79.42","79.81","79.24","79.6","2221168"
"FIS","20170407","79.64","80.11","79.43","79.87","1021417"
"FIS","20170410","79.9","80.61","79.83","80.54","1802562"
"FIS","20170411","80.25","80.3","79.72","80.08","983414"
"FIS","20170412","79.76","80.57","79.515","80.46","971616"
"FIS","20170413","80.38","80.86","80.16","80.16","880331"
"FIS","20170417","80.39","80.735","80.39","80.63","1455710"
"FIS","20170418","80.46","80.8","80.34","80.75","685158"
"FIS","20170419","80.81","81.09","80.51","80.65","893403"
"FIS","20170420","81.02","81.66","80.66","81.57","875852"
"FIS","20170421","81.54","82.77","81.5","82.53","2157195"
"FIS","20170424","83.13","83.58","82.97","83.32","1116596"
"FIS","20170425","83.62","84.04","83.44","83.86","1036562"
"FIS","20170426","83.84","84.1","83.66","83.88","812525"
"FIS","20170427","84","84.58","83.875","84.09","789810"
"FIS","20170428","84.07","84.3","83.3","84.25","1086131"
"FIS","20170501","84.26","84.93","84.01","84.48","2504718"
"FIS","20170502","84.42","84.97","82.02","83.26","2848745"
"FIS","20170503","82.27","83","81.72","82.98","2267031"
"FIS","20170504","83.36","84.095","83.0703","83.52","1531747"
"FIS","20170505","83.75","83.76","82.55","83.05","1256929"
"FIS","20170508","82.96","83.4","82.85","83.34","904356"
"FIS","20170509","83.24","83.295","82.66","83.15","1409986"
"FIS","20170510","82.82","83.59","82.68","83.58","1383066"
"FIS","20170511","83.31","83.61","83.05","83.6","1115335"
"FIS","20170512","83.37","83.55","83.05","83.1","956742"
"FIS","20170515","83.07","83.6","83.02","83.41","1071682"
"FIS","20170516","83.64","83.89","83.42","83.78","1189870"
"FIS","20170517","83.26","83.71","82.79","82.85","1779135"
"FIS","20170518","82.85","83.445","82.58","82.81","1334659"
"FIS","20170519","83.19","83.52","82.94","83.2","1046655"
"FIS","20170522","83.44","84.3","83.25","84.03","1286833"
"FIS","20170523","84.15","84.5","83.55","83.66","1287620"
"FIS","20170524","83.61","84.045","83.4801","83.95","1147336"
"FIS","20170525","84.3","85.56","84","85.36","997410"
"FIS","20170526","85.05","85.64","85.05","85.28","1215109"
"FIS","20170530","85","85.39","84.79","85.3","743377"
"FIS","20170531","85.53","85.96","85.28","85.87","2033096"
"FIS","20170601","85.87","86.77","85.87","86.77","1361772"
"FIS","20170602","86.69","87.32","86.39","86.65","1044609"
"FIS","20170605","86.67","86.99","86.49","86.56","730037"
"FIS","20170606","86.02","86.83","86.02","86.26","637318"
"FIS","20170607","86.42","86.635","86.12","86.53","765657"
"FIS","20170608","86.56","86.63","84.85","85.27","1489342"
"FIS","20170609","85.3","85.64","83.94","84.61","1120918"
"FIS","20170612","84.05","84.93","83.36","84.93","1497347"
"FIS","20170613","85.07","85.99","85.07","85.74","1295922"
"FIS","20170614","85.89","86.285","85.24","85.73","1313485"
"FIS","20170615","85.2","86.26","84.66","86.09","1083483"
"FIS","20170616","86","86.31","85","85.19","2050592"
"FIS","20170619","85.51","85.63","84.57","85.07","1375579"
"FIS","20170620","84.88","85.27","84.62","85.13","1698930"
"FIS","20170621","85.24","85.51","84.7","84.99","994616"
"FIS","20170622","85.01","85.21","84.44","84.86","732655"
"FIS","20170623","84.89","85.11","84.47","84.83","617855"
"FIS","20170626","85.07","85.13","84.38","84.9","854416"
"FIS","20170627","84.74","85.61","84.48","85.26","1344632"
"FIS","20170628","85.53","86.07","84.78","85.98","842883"
"FIS","20170629","85.74","85.835","83.99","84.81","1343653"
"FIS","20170630","85","85.75","84.8","85.4","1245116"
"FIS","20170703","85.71","86.08","85.36","85.67","698119"
"FIS","20170705","85.67","86.32","85.45","86.11","1409443"
"FIS","20170706","85.8","85.84","85.23","85.55","1205604"
"FIS","20170707","85.77","86.95","85.77","86.78","1562430"
"FIS","20170710","86.81","87.5399","86.49","87.3","991059"
"FIS","20170711","87.28","87.89","87.01","87.78","1557242"
"FIS","20170712","88","88.66","87.94","88.6","1598159"
"FIS","20170713","88.87","89.345","88.46","89.28","1206686"
"FIS","20170714","89.5","89.77","89.26","89.58","961328"
"FIS","20170717","89.62","89.75","89.31","89.63","922297"
"FIS","20170718","89.54","89.85","89.19","89.84","599977"
"FIS","20170719","89.9","90.27","89.65","89.87","812216"
"FIS","20170720","89.85","90.11","89.55","89.81","1212750"
"FIS","20170721","89.78","90.25","89.76","90","890706"
"FIS","20170724","89.99","90.29","89.38","90.135","667747"
"FIS","20170725","90.09","90.22","89.565","89.7","1136606"
"FIS","20170726","90","90.69","89.71","90.69","927894"
"FIS","20170727","90.92","91.06","90.25","91.05","1582805"
"FIS","20170728","91","91.13","90.33","90.85","956415"
"FIS","20170731","91.18","91.56","90.99","91.25","1432538"
"FIS","20170801","91.71","91.9","91.24","91.87","1715088"
"FIS","20170802","91.9","92.78","90.89","91.19","1810899"
"FIS","20170803","91.06","91.52","89.85","90.41","1923107"
"FIS","20170804","90.62","90.87","89.99","90.36","2488550"
"FIS","20170807","90.19","90.6","90.17","90.53","1965997"
"FIS","20170808","90.43","90.66","89.9","89.99","764073"
"FIS","20170809","89.39","89.63","89.11","89.39","977487"
"FIS","20170810","89.27","89.73","89.05","89.21","1271000"
"FIS","20170811","89.06","89.64","89.04","89.22","672219"
"FIS","20170814","90","90.61","89.84","90.45","609733"
"FIS","20170815","90.47","90.88","90.43","90.66","701247"
"FIS","20170816","90.17","91.925","90","91.45","1339819"
"FIS","20170817","91.44","91.53","89.5","89.57","961127"
"FIS","20170818","89.5","90.125","88.97","89.83","2723458"
"FIS","20170821","89.83","90.9","89.8","90.85","1033956"
"FIS","20170822","91.13","91.66","90.875","91.58","968873"
"FIS","20170823","91.35","91.49","91.05","91.34","830793"
"FIS","20170824","91.58","91.58","91.05","91.25","894641"
"FIS","20170825","91.59","91.75","91.18","91.37","522182"
"FIS","20170828","91.64","91.86","91.36","91.8","458005"
"FIS","20170829","91.34","92.23","91.28","91.93","600025"
"FIS","20170830","91.95","92.49","91.72","92.36","627541"
"FIS","20170831","92.72","93.055","92.485","92.91","803251"
"FIS","20170901","93.15","93.29","91.99","92.34","819404"
"FIS","20170905","92.1","92.32","91.7","92.21","768333"
"FIS","20170906","92.39","92.61","91.86","92.47","747737"
"FIS","20170907","92.65","92.84","92.23","92.53","839636"
"FIS","20170908","92.51","92.72","92.13","92.3","903662"
"FIS","20170911","92.8","93.39","92.48","93.39","791673"
"FIS","20170912","93.5","93.73","92.95","93.39","567641"
"FIS","20170913","93.08","93.18","92.41","92.42","660941"
"FIS","20170914","92.1","92.475","91.78","92.16","628315"
"FIS","20170915","92.06","92.33","91.72","92.01","1274365"
"FIS","20170918","92.19","93.61","92.096","93.54","1291772"
"FIS","20170919","93.47","93.68","92.66","92.76","1000809"
"FIS","20170920","92.87","93.125","92.18","92.8","932067"
"FIS","20170921","92.67","92.93","92.35","92.72","698777"
"FIS","20170922","92.68","93.12","92.54","93.05","854441"
"FIS","20170925","93.05","93.21","92.14","92.83","937934"
"FIS","20170926","92.93","93.166","92.51","92.65","740762"
"FIS","20170927","92.98","93.45","92.78","93","607611"
"FIS","20170928","92.57","93.39","92.52","93.34","729161"
"FIS","20170929","93.36","93.65","93","93.38","738565"
"FIS","20171002","93.46","93.86","93.14","93.31","583973"
"FIS","20171003","93.33","93.59","93.06","93.4","424166"
"FIS","20171004","93.44","93.94","93.27","93.71","465958"
"FIS","20171005","93.91","93.95","93.36","93.82","614160"
"FIS","20171006","93.76","93.99","93.5","93.91","915067"
"FIS","20171009","94","94.45","93.81","94.35","571364"
"FIS","20171010","94.51","94.95","94.32","94.61","931107"
"FIS","20171011","94.58","94.72","94.34","94.64","503779"
"FIS","20171012","94.56","94.99","94.42","94.55","804349"
"FIS","20171013","94.9","95.14","94.64","94.96","818725"
