"ATHM","20150120","35.5","36.5","35.23","36.11","385446"
"ATHM","20150121","36.14","36.5","35.49","36.48","380970"
"ATHM","20150122","36.71","37.32","35.49","35.73","274425"
"ATHM","20150123","35.87","36.19","34.5","35","1338931"
"ATHM","20150126","35.11","36.48","35.06","35.35","540418"
"ATHM","20150127","35","36.89","35","36.02","729487"
"ATHM","20150128","36.25","37.8","36.1387","36.98","544520"
"ATHM","20150129","37","37","35.46","35.93","360762"
"ATHM","20150130","35.39","36.74","35.39","35.62","544627"
"ATHM","20150202","35.77","35.89","34.69","34.89","337285"
"ATHM","20150203","35.27","36.63","34.79","36.43","235408"
"ATHM","20150204","36.28","36.71","35.75","35.94","323376"
"ATHM","20150205","36.29","36.4199","35.5","35.59","96840"
"ATHM","20150206","35.49","35.79","35.12","35.3","190698"
"ATHM","20150209","35.25","35.32","34.69","34.75","376582"
"ATHM","20150210","35.04","37.2","35","37.17","693384"
"ATHM","20150211","37.01","37.62","36.31","36.64","189373"
"ATHM","20150212","36.83","36.98","36.28","36.8","176964"
"ATHM","20150213","36.89","39.1","36.89","38.44","419053"
"ATHM","20150217","38.2","38.88","37.4","38.85","314878"
"ATHM","20150218","38.86","39.14","38.195","38.71","145455"
"ATHM","20150219","38.47","39.01","37.44","39","357227"
"ATHM","20150220","38.93","39.37","38.46","38.73","263930"
"ATHM","20150223","38.75","39.2","38.26","38.87","398995"
"ATHM","20150224","39.88","39.88","38.5","39.06","591922"
"ATHM","20150225","38.94","39.35","38.36","38.8","295190"
"ATHM","20150226","38.97","39.83","38.55","39.61","459620"
"ATHM","20150227","39.71","39.71","37.89","38.19","270444"
"ATHM","20150302","38.01","38.81","37.82","38.51","254791"
"ATHM","20150303","38.35","39.69","38.02","38.4","564862"
"ATHM","20150304","44.55","45.94","41.77","42.61","4409039"
"ATHM","20150305","43.5","47.4664","43.23","46.83","2917628"
"ATHM","20150306","45.75","45.8","42.75","43.84","1723968"
"ATHM","20150309","44.02","45.98","41.45","42.1","1574082"
"ATHM","20150310","41.63","43.62","41.49","42.29","1003634"
"ATHM","20150311","42.43","42.845","41.43","41.78","438472"
"ATHM","20150312","41.66","42.25","40.95","41.69","582274"
"ATHM","20150313","41.7","41.7","39.73","39.99","973852"
"ATHM","20150316","40.26","41.33","39.65","40.85","817984"
"ATHM","20150317","42.09","42.1","40.28","40.79","456728"
"ATHM","20150318","40.7","42.04","40.58","42.01","447741"
"ATHM","20150319","42","43.03","41.805","42.55","479507"
"ATHM","20150320","43.11","45.7","42.96","44.49","1298519"
"ATHM","20150323","44.31","46.24","43.9201","46.03","1122653"
"ATHM","20150324","46","46.29","44.46","45.6","1139077"
"ATHM","20150325","45.04","45.24","43","43.88","535253"
"ATHM","20150326","42.94","43.85","42.8","43.24","510051"
"ATHM","20150327","43.37","44.2","42.77","44.08","441209"
"ATHM","20150330","44.76","45.14","42.8","43.47","407336"
"ATHM","20150331","43.11","44.93","42.7","43.97","618872"
"ATHM","20150401","43.79","44.88","43.272","44.03","270832"
"ATHM","20150402","44.21","45.24","43.53","45.03","473828"
"ATHM","20150406","45.1","46.0201","44.94","45.94","1572409"
"ATHM","20150407","46.03","49","45.8","48.28","1617450"
"ATHM","20150408","48.86","51.76","48.8","51.34","3969260"
"ATHM","20150409","50.78","51.24","48.31","49.82","1047772"
"ATHM","20150410","50","51.78","49.05","49.96","722995"
"ATHM","20150413","50.18","51.33","48.23","48.9","476379"
"ATHM","20150414","49.06","51.35","47.6","51.35","1379174"
"ATHM","20150415","51.47","52.47","51.001","51.68","559343"
"ATHM","20150416","51.68","52.03","51.5","51.89","552375"
"ATHM","20150417","50.77","51.47","48.56","50.29","1254119"
"ATHM","20150420","50.16","51.26","49.45","50.31","729937"
"ATHM","20150421","50.94","52.8","50.73","52.01","1327440"
"ATHM","20150422","52","52.35","51.51","52.09","1270394"
"ATHM","20150423","52.04","52.79","51.5501","52.39","1324913"
"ATHM","20150424","52.39","53.36","51.35","53.31","2113996"
"ATHM","20150427","54.25","56.59","52.64","53.29","2427860"
"ATHM","20150428","53.13","54.29","50.06","50.25","1539854"
"ATHM","20150429","50.06","51.27","48.4","49.53","1994611"
"ATHM","20150430","49.4","51.88","49.32","51.04","1304643"
"ATHM","20150501","51.46","52.5","50.28","52.43","1068920"
"ATHM","20150504","52.5","56.25","52.5","55.02","2928796"
"ATHM","20150505","54.9","54.9","52.07","52.82","1149902"
"ATHM","20150506","54.22","55.5","48.57","50.12","2228148"
"ATHM","20150507","50.09","50.49","49.01","50.25","895101"
"ATHM","20150508","51.04","51.1936","48.8","50.09","859568"
"ATHM","20150511","50.34","52.8","50.1872","51.9","1627096"
"ATHM","20150512","51.54","51.9947","49.66","51.05","700554"
"ATHM","20150513","50.97","51.03","50.18","50.45","311520"
"ATHM","20150514","50.84","50.94","50","50.61","296137"
"ATHM","20150515","50.8","50.98","50.09","50.59","285332"
"ATHM","20150518","49.93","50.585","48.98","49.22","526463"
"ATHM","20150519","49.24","49.76","47.04","47.2","954532"
"ATHM","20150520","46.98","47.11","45.82","46.37","1247263"
"ATHM","20150521","46.24","47.7","46.13","46.88","1105622"
"ATHM","20150522","46.77","49.269","46.7367","48.92","716142"
"ATHM","20150526","49","49.5099","47.84","48.16","889814"
"ATHM","20150527","47.44","48.93","47.28","48.25","579293"
"ATHM","20150528","47.57","47.63","45.5001","45.97","912482"
"ATHM","20150529","45.97","47.02","45.54","45.59","598376"
"ATHM","20150601","45.8","47.48","45.8","46.36","784523"
"ATHM","20150602","46.24","46.65","45.75","46.2","559910"
"ATHM","20150603","46.18","46.99","46.02","46.17","1011178"
"ATHM","20150604","46.02","46.2196","45","45.09","1187050"
"ATHM","20150605","45","46.63","45","46.34","1117464"
"ATHM","20150608","46.3","47.4899","46.18","46.45","720459"
"ATHM","20150609","46.3","46.51","44.02","45.22","1062530"
"ATHM","20150610","45.57","48.17","45.29","47.27","1122192"
"ATHM","20150611","47.25","48.83","46.915","47.64","957378"
"ATHM","20150612","47.64","49.1948","47.6","48.43","422918"
"ATHM","20150615","47.9","48.1","47.01","47.79","309720"
"ATHM","20150616","47.11","48.9","46.44","48.22","511944"
"ATHM","20150617","49.25","49.95","48.5","48.97","1253820"
"ATHM","20150618","49.13","50.6","48.5013","49.98","1726069"
"ATHM","20150619","49.71","49.75","47.3","48.62","1678907"
"ATHM","20150622","49.21","49.46","48.135","48.78","652599"
"ATHM","20150623","49.11","49.79","48.69","49.79","975659"
"ATHM","20150624","49.62","52","49.44","51.54","2182565"
"ATHM","20150625","51.29","51.45","49.9","50.85","793295"
"ATHM","20150626","49.43","50.27","47.68","49.74","668090"
"ATHM","20150629","49.3","49.47","47.69","47.85","736393"
"ATHM","20150630","49.3","50.88","49.24","50.6","754264"
"ATHM","20150701","50.3","50.5","48.75","49.29","803198"
"ATHM","20150702","49","49.7623","48.66","49.22","609140"
"ATHM","20150706","47.87","48","45.91","47.29","1576466"
"ATHM","20150707","44.81","46.21","41.75","43.92","3687097"
"ATHM","20150708","41.96","45.11","41.83","43.34","1435122"
"ATHM","20150709","46.14","47","43.88","44.48","1086375"
"ATHM","20150710","45.6","46.67","45.01","45.63","809096"
"ATHM","20150713","46","46.33","45.15","45.37","744397"
"ATHM","20150714","45.12","45.86","44.89","44.93","579387"
"ATHM","20150715","44.72","45.43","42.99","43.02","938293"
"ATHM","20150716","43.84","45.7","43.58","45.21","1107311"
"ATHM","20150717","45.46","45.61","44.65","45.1","643320"
"ATHM","20150720","45","45.18","44.04","44.08","483639"
"ATHM","20150721","44.38","45.445","43.8","44.78","764032"
"ATHM","20150722","44.6","44.81","43.9","44.5","890323"
"ATHM","20150723","44.5","44.8","42.66","43.18","947446"
"ATHM","20150724","43.21","43.24","40.78","41.1","811697"
"ATHM","20150727","39","40","38.65","38.85","1465711"
"ATHM","20150728","39","40.91","37.6","40.66","1397697"
"ATHM","20150729","40.56","40.88","39.47","39.87","1140564"
"ATHM","20150730","39.79","39.99","38.1","38.49","1087193"
"ATHM","20150731","38.83","38.9","37.92","38.79","385562"
"ATHM","20150803","38.6","39.69","38.38","38.85","709791"
"ATHM","20150804","39.28","39.965","38.91","39.23","1092927"
"ATHM","20150805","40.27","40.5","35.53","36.52","3147557"
"ATHM","20150806","36.15","37.35","35.6258","36.97","580967"
"ATHM","20150807","36.5","36.5","35.1722","35.95","957706"
"ATHM","20150810","36.41","37.44","36","36.65","682346"
"ATHM","20150811","36.24","36.68","33.94","34.14","1337983"
"ATHM","20150812","33.68","33.68","31.82","33.05","1879835"
"ATHM","20150813","33.32","34.09","32.27","33.42","784742"
"ATHM","20150814","33.32","34.94","33.21","34.31","844359"
"ATHM","20150817","34","34.44","31.8","34.22","1599659"
"ATHM","20150818","33.03","33.51","32.015","33.39","1048765"
"ATHM","20150819","33.3","33.36","31.11","31.49","1330232"
"ATHM","20150820","31.07","31.26","29.87","30.9","1677845"
"ATHM","20150821","30.04","33.38","29.77","31.41","1193424"
"ATHM","20150824","29","31.14","28","29.89","2704235"
"ATHM","20150825","31.5","32.165","30.89","30.9","1292335"
"ATHM","20150826","31.4","31.4","29.1","30.98","1159600"
"ATHM","20150827","31.68","32.82","31.42","32.02","862121"
"ATHM","20150828","31.72","32.45","30.91","31.35","677393"
"ATHM","20150831","31.27","31.75","30.7159","31.12","330321"
"ATHM","20150901","29.67","30.42","29.1682","29.39","414860"
"ATHM","20150902","30.01","30.19","29.11","30","506582"
"ATHM","20150903","29.98","30.41","29.52","29.92","486897"
"ATHM","20150904","29.49","29.98","28.17","28.42","639936"
"ATHM","20150908","29.79","30.48","28.98","29.49","858237"
"ATHM","20150909","29.79","30.58","29.26","29.68","686935"
"ATHM","20150910","29.66","29.9","29","29.62","356962"
"ATHM","20150911","29.07","29.45","28.5784","29.37","367523"
"ATHM","20150914","29.18","29.18","28.21","28.85","380983"
"ATHM","20150915","28.78","29.52","28.34","28.9","422085"
"ATHM","20150916","29.53","31.29","29.33","30.4","863455"
"ATHM","20150917","30.09","30.47","29.69","30.02","728054"
"ATHM","20150918","29.77","30.09","29.37","29.53","555505"
"ATHM","20150921","29.95","30","29.26","29.5","620174"
"ATHM","20150922","28.97","29.188","28.129","28.79","602278"
"ATHM","20150923","28.64","29.03","28.31","28.57","448314"
"ATHM","20150924","28.29","29.09","28.29","28.73","1094946"
"ATHM","20150925","29.1","29.37","28.7","29.1","559617"
"ATHM","20150928","28.85","29.68","28.6","29.25","802577"
"ATHM","20150929","29.2","30.04","28.51","29.59","2403732"
"ATHM","20150930","30.71","34.19","30.71","32.53","1321179"
"ATHM","20151001","32.81","33.19","31.62","32.32","1340145"
"ATHM","20151002","34.48","34.82","34.48","34.48","701897"
"ATHM","20151005","34.3","34.77","32.13","32.96","952290"
"ATHM","20151006","32.85","33.57","32.27","32.7","1076500"
"ATHM","20151007","33.6","34.52","32.5201","33.07","1071030"
"ATHM","20151008","33.07","33.79","32.63","33.2","772485"
"ATHM","20151009","33.37","33.98","33.04","33.25","630093"
"ATHM","20151012","33.5","34.58","33.27","34.36","566671"
"ATHM","20151013","34.02","35.99","33.54","34.44","801056"
"ATHM","20151014","34.41","35.09","32.78","32.91","832500"
"ATHM","20151015","33.4","35.07","33.4","35.05","701445"
"ATHM","20151016","35.3","36.77","35.3","35.87","639453"
"ATHM","20151019","35.225","36.01","34.6902","35.17","237801"
"ATHM","20151020","35","35.97","35","35.67","212612"
"ATHM","20151021","35.53","35.78","34.91","35.47","367703"
"ATHM","20151022","35.79","36.27","35.18","35.63","139230"
"ATHM","20151023","36.66","36.8","35.94","36.56","161675"
"ATHM","20151026","36.97","37.71","36.6","36.96","471202"
"ATHM","20151027","36.99","37.21","35.95","36.6","582992"
"ATHM","20151028","36.61","36.61","35.94","36.43","1096302"
"ATHM","20151029","36.41","36.55","35.4","35.61","470227"
"ATHM","20151030","35.79","36.66","35.38","36.14","506355"
"ATHM","20151102","36.49","37.24","36.11","37.02","834984"
"ATHM","20151103","36.64","37.3","36.06","36.73","568805"
"ATHM","20151104","37.09","37.63","36.37","36.42","1065990"
"ATHM","20151105","34.43","34.63","31.38","31.71","3303047"
"ATHM","20151106","31.68","32.32","31.29","32.06","1385877"
"ATHM","20151109","31.94","32.26","31.23","32.13","935686"
"ATHM","20151110","32","32.13","31.05","31.4","438574"
"ATHM","20151111","31.67","32.6","30.19","32.03","1099921"
"ATHM","20151112","33","33.33","33","33","804323"
"ATHM","20151113","32.65","33.33","29.1801","30.6","2157374"
"ATHM","20151116","30.6","32.9","30.6","32.03","2173658"
"ATHM","20151117","32.05","32.76","31.36","31.49","865393"
"ATHM","20151118","31.53","31.66","31.23","31.46","481888"
"ATHM","20151119","32","32.15","31.25","31.83","803750"
"ATHM","20151120","32","32.46","31.65","32.14","668663"
"ATHM","20151123","32.14","32.31","31.65","32.03","732822"
"ATHM","20151124","32","32","31.01","31.13","335915"
"ATHM","20151125","31.02","31.35","30.87","31.21","662045"
"ATHM","20151127","30.75","31.42","29.6","31.27","357065"
"ATHM","20151130","31.2","31.44","30.18","30.3","750724"
"ATHM","20151201","30.32","30.99","30.2","30.59","823644"
"ATHM","20151202","30.75","31.58","30.32","31.1","606428"
"ATHM","20151203","31.33","31.94","31","31.3","1269630"
"ATHM","20151204","31.3","33.16","31.18","31.52","943395"
"ATHM","20151207","31.37","31.8","30.73","30.75","878149"
"ATHM","20151208","30.52","31.89","30.5","31.28","1030452"
"ATHM","20151209","31.39","32.23","31.09","31.73","570648"
"ATHM","20151210","31.8","32.9","31.8","32.58","577348"
"ATHM","20151211","32.3","32.3","31.44","31.57","454467"
"ATHM","20151214","31.78","32.23","31.62","32.02","289231"
"ATHM","20151215","32.13","33.79","32.13","33.57","662522"
"ATHM","20151216","33.55","35.17","33.55","34.9","985940"
"ATHM","20151217","35.06","35.08","33.67","34.66","626463"
"ATHM","20151218","34.86","37.17","34.595","36.76","1052433"
"ATHM","20151221","36.93","37.11","36.18","36.9","756731"
"ATHM","20151222","36.82","36.84","35.76","36.25","591591"
"ATHM","20151223","36.31","36.75","35.97","36.55","616460"
"ATHM","20151224","36.36","36.79","35.92","36.48","403389"
"ATHM","20151228","36.1","36.59","35","35.74","287996"
"ATHM","20151229","35.85","35.95","35","35.51","397076"
"ATHM","20151230","35.13","35.41","34.92","35","469173"
"ATHM","20151231","35","35.82","34.63","34.92","573994"
"ATHM","20160104","33.7","33.7","31.39","31.97","933636"
"ATHM","20160105","32.06","32.9","31.7","32.42","1111037"
"ATHM","20160106","31.96","32.74","31.14","31.6","1018251"
"ATHM","20160107","30.27","31.4","30.11","30.86","1103861"
"ATHM","20160108","31.19","31.63","30.57","30.73","493714"
"ATHM","20160111","30.75","30.8452","28.02","28.07","1823662"
"ATHM","20160112","28.6","29.41","28.51","28.94","921755"
"ATHM","20160113","29.02","29.72","28.58","28.94","812631"
"ATHM","20160114","29.07","29.61","28.6","29.05","1221571"
"ATHM","20160115","28.26","28.6","26.69","27.14","935880"
"ATHM","20160119","28.05","28.9699","26.34","26.82","1029608"
"ATHM","20160120","26.25","27.58","25.8806","27.29","935533"
"ATHM","20160121","27.29","27.98","26.63","26.81","695865"
"ATHM","20160122","27.29","27.93","26.52","26.88","1000806"
"ATHM","20160125","26.78","26.99","25.7","25.75","614676"
"ATHM","20160126","25.67","25.935","24.35","25.22","538553"
"ATHM","20160127","25.21","25.6","23.825","24.24","545167"
"ATHM","20160128","24.65","24.95","23.35","23.91","946010"
"ATHM","20160129","24.16","25.05","23.38","24.57","1012355"
"ATHM","20160201","24.35","24.9","23.96","24.72","920803"
"ATHM","20160202","24.59","24.8","23.84","24.1","988540"
"ATHM","20160203","24.01","24.19","23.47","23.98","1136680"
"ATHM","20160204","24.07","24.751","23.77","24.25","728488"
"ATHM","20160205","24.48","24.48","23.46","23.49","863165"
"ATHM","20160208","23.1","23.3","22.31","22.55","946207"
"ATHM","20160209","21.95","23.149","21.53","22.54","730525"
"ATHM","20160210","22.76","23.44","22.58","22.98","311955"
"ATHM","20160211","22.43","23.13","21.63","22.73","544939"
"ATHM","20160212","23.04","23.81","23.04","23.76","284265"
"ATHM","20160216","24.31","25.14","24.08","24.84","1354716"
"ATHM","20160217","24.85","26.34","23.38","25.39","4613105"
"ATHM","20160218","25.57","25.91","23.81","24.35","2408612"
"ATHM","20160219","24.15","24.15","23.06","23.92","2198222"
"ATHM","20160222","24.3","24.55","23.1","24.45","2417705"
"ATHM","20160223","24.17","25.23","24.036","24.77","928664"
"ATHM","20160224","24.18","24.97","23.1","24.87","1310227"
"ATHM","20160225","24.19","24.81","24.0201","24.64","1380038"
"ATHM","20160226","25.01","25.08","24.42","24.9","905334"
"ATHM","20160229","24.82","25.04","24.16","24.51","641804"
"ATHM","20160301","24.98","25.11","24.5","24.55","627363"
"ATHM","20160302","24.71","25.1","24.44","25.08","708757"
"ATHM","20160303","25.03","25.85","25","25.8","544846"
"ATHM","20160304","26","27.62","25.79","27.31","1161693"
"ATHM","20160307","26.91","27.42","26.04","26.48","590199"
"ATHM","20160308","26.31","27.31","26.06","27.07","889509"
"ATHM","20160309","27.32","27.5","26.95","27.2","635284"
"ATHM","20160310","27.67","27.78","25.9","26.04","1671749"
"ATHM","20160311","26.5","27.4","25.55","27.29","1891377"
"ATHM","20160314","27.38","28.1","27.12","27.59","950347"
"ATHM","20160315","27.41","27.41","25.38","25.59","689609"
"ATHM","20160316","25.52","26.77","25.423","26.74","421326"
"ATHM","20160317","26.85","27.16","26.33","27.13","655625"
"ATHM","20160318","27","28.4364","26.98","28.21","901018"
"ATHM","20160321","28.26","29.08","27.78","28.3","771671"
"ATHM","20160322","28.01","28.19","27.51","27.85","447743"
"ATHM","20160323","27.88","27.88","26.11","26.79","631032"
"ATHM","20160324","26.49","27.23","26.16","26.94","208315"
"ATHM","20160328","26.79","26.849","25.89","26.15","361009"
"ATHM","20160329","26","27.18","25.81","26.88","341645"
"ATHM","20160330","27.23","28.12","27.23","27.87","1392473"
"ATHM","20160331","27.79","28.16","27.6","27.94","808843"
"ATHM","20160401","27.65","28.87","27.54","28.66","1507465"
"ATHM","20160404","28.73","29.37","28.7","29.1","974670"
"ATHM","20160405","29","29.32","28.74","28.76","657757"
"ATHM","20160406","28.94","29.91","28.82","29.8","901197"
"ATHM","20160407","29.79","30.32","29.56","29.81","1685087"
"ATHM","20160408","30.05","31.155","29.805","30.07","1371414"
"ATHM","20160411","30.52","30.59","29.62","29.79","1659660"
"ATHM","20160412","29.79","29.9099","28.68","29.4","847064"
"ATHM","20160413","29.78","30.7","29.5601","30.2","1058908"
"ATHM","20160414","30.15","30.32","29.8","30.16","631733"
"ATHM","20160415","31.57","32.15","30.21","32.15","2424419"
"ATHM","20160418","31.72","31.72","30.85","31.49","3163571"
"ATHM","20160419","31.49","31.76","30.0538","30.11","982087"
"ATHM","20160420","30.05","30.68","29.73","29.98","1509251"
"ATHM","20160421","29.87","30.21","29.76","29.93","601910"
"ATHM","20160422","29.83","30.09","29.52","29.82","997856"
"ATHM","20160425","29.53","29.78","29.01","29.04","553131"
"ATHM","20160426","29.19","29.2","28.83","28.87","560772"
"ATHM","20160427","28.77","29.02","28.7","28.96","600054"
"ATHM","20160428","28.99","29.57","28.99","29.24","461587"
"ATHM","20160429","29.32","29.68","29.1","29.56","298105"
"ATHM","20160502","29.51","29.64","28.99","29.04","313496"
"ATHM","20160503","28.84","29.11","28.71","28.95","551728"
"ATHM","20160504","28.95","29.51","28.635","28.65","556813"
"ATHM","20160505","28.75","28.9","27.45","28.03","1213462"
"ATHM","20160506","27.83","28.55","27.58","28.18","639461"
"ATHM","20160509","28.07","28.13","27.11","27.45","375155"
"ATHM","20160510","27.62","27.72","27.06","27.59","268073"
"ATHM","20160511","27.66","27.66","26.05","26.25","510379"
"ATHM","20160512","26.3","26.55","25.145","25.49","679258"
"ATHM","20160513","25.5","25.615","24.24","24.8","566016"
"ATHM","20160516","24.72","25.4799","24.58","25.21","579755"
"ATHM","20160517","25.17","25.6","24.86","25.22","634158"
"ATHM","20160518","25","25.19","24.58","24.94","451628"
"ATHM","20160519","25.05","25.2","24.61","24.8","421902"
"ATHM","20160520","25.01","25.29","24.56","24.63","191018"
"ATHM","20160523","24.76","25.19","24.5","24.55","151965"
"ATHM","20160524","24.75","25.255","24.69","25.17","475198"
"ATHM","20160525","25.2","25.79","24.8104","24.83","424911"
"ATHM","20160526","24.97","25.2","24.66","24.93","163937"
"ATHM","20160527","25.02","25.38","24.88","24.94","419032"
"ATHM","20160531","25.1","25.35","24.6","24.79","715073"
"ATHM","20160601","25.2","25.3","23.69","24.35","639808"
"ATHM","20160602","24.48","24.8","24.04","24.65","575799"
"ATHM","20160603","24.7","25.12","24.38","24.88","290630"
"ATHM","20160606","25.18","27.4","25.03","27.01","820501"
"ATHM","20160607","27.11","27.27","26.1","26.38","588430"
"ATHM","20160608","26.38","27.02","26.06","27","454476"
"ATHM","20160609","26.78","27.49","26.62","26.96","426142"
"ATHM","20160610","26.5","26.5","24.93","25.03","400680"
"ATHM","20160613","24.8","25.39","24.69","25.03","199640"
"ATHM","20160614","25.05","25.99","25.05","25.96","198429"
"ATHM","20160615","25.98","27.15","25.98","26.76","245806"
"ATHM","20160616","26.63","26.675","26.08","26.19","240855"
"ATHM","20160617","26.16","26.2466","25.1","25.19","275636"
"ATHM","20160620","25.58","25.68","24.87","24.96","277269"
"ATHM","20160621","25.11","25.11","24.42","24.48","168471"
"ATHM","20160622","24.54","24.54","23.06","23.75","524235"
"ATHM","20160623","23.88","24.15","23.01","23.77","464026"
"ATHM","20160624","23.04","23.26","22.71","23.01","354818"
"ATHM","20160627","23","23","20.93","21.8","1285547"
"ATHM","20160628","21.8","22.08","20.83","20.95","1109259"
"ATHM","20160629","21.27","21.68","20.21","20.53","1844738"
"ATHM","20160630","20.5","21.07","20.08","20.11","1056609"
"ATHM","20160701","20.1","21.22","20.09","21.1","1547060"
"ATHM","20160705","21.2","21.38","20.71","21.04","1472028"
"ATHM","20160706","21.15","21.65","20.66","21.53","698848"
"ATHM","20160707","21.48","22.51","21.48","22.42","657858"
"ATHM","20160708","22.67","23.46","22.48","23.03","747628"
"ATHM","20160711","23.08","23.1676","21.62","21.7","1759329"
"ATHM","20160712","21.73","22.5","21.5","21.96","484426"
"ATHM","20160713","22.09","22.18","21.48","21.49","608880"
"ATHM","20160714","21.64","21.985","21.22","21.38","876305"
"ATHM","20160715","21","21.48","19.9","20.09","1576603"
"ATHM","20160718","20.25","20.25","19.32","19.57","1130219"
"ATHM","20160719","19.45","19.84","19.33","19.5","837976"
"ATHM","20160720","19.79","20.19","19.71","19.95","1053868"
"ATHM","20160721","20.05","20.9697","19.92","20.01","1373403"
"ATHM","20160722","19.9","20.31","19.601","20.31","509128"
"ATHM","20160725","20.32","21.06","20.32","20.9","749149"
"ATHM","20160726","20.94","21.7","20.84","21.68","975263"
"ATHM","20160727","21.82","23.09","21.725","23.08","972188"
"ATHM","20160728","23.1","23.53","22.39","23.1","974646"
"ATHM","20160729","22.99","22.99","21.69","21.7","704793"
"ATHM","20160801","21.65","22.44","21.21","22.36","332216"
"ATHM","20160802","22.22","22.65","21.87","22.19","339186"
"ATHM","20160803","21.7","22.99","21.42","22.77","391126"
"ATHM","20160804","22.94","23.27","22.51","22.8","207710"
"ATHM","20160805","22.94","23.5","22.74","23.46","354799"
"ATHM","20160808","23.36","23.64","22.5","23.12","744293"
"ATHM","20160809","23.12","24.92","23","24.67","910505"
"ATHM","20160810","24.86","25.5899","24.44","25.11","998875"
"ATHM","20160811","25.16","25.78","24.84","25.51","727143"
"ATHM","20160812","25.51","25.56","24.89","25.44","630111"
"ATHM","20160815","25.56","27.05","25.5","26.65","1123748"
"ATHM","20160816","27.16","27.2","24.5","26.26","3152250"
"ATHM","20160817","26.3","26.3","24.37","25.01","1665669"
"ATHM","20160818","25.21","25.12","25.21","25.21","494036"
"ATHM","20160819","24.95","25.53","24.61","25.09","635264"
"ATHM","20160822","25.2","25.29","24.66","25","564898"
"ATHM","20160823","25.03","25.08","24.63","24.69","321864"
"ATHM","20160824","24.57","25","23.51","23.65","669436"
"ATHM","20160825","23.65","23.84","23.02","23.59","538149"
"ATHM","20160826","23.47","24","23.12","23.99","495537"
"ATHM","20160829","24","24.55","23.46","24.49","541909"
"ATHM","20160830","24.52","25.25","24.5","25","1073618"
"ATHM","20160831","25.1","25.23","24.43","24.47","422699"
"ATHM","20160901","24.75","25.02","24.29","24.43","357689"
"ATHM","20160902","24.53","24.9241","24.33","24.41","229014"
"ATHM","20160906","24.51","24.99","24.4301","24.58","624896"
"ATHM","20160907","24.45","24.56","23.375","23.51","563547"
"ATHM","20160908","23.47","23.9","23.35","23.5","738954"
"ATHM","20160909","23.35","23.62","22.8","22.89","759709"
"ATHM","20160912","22.54","22.9204","22.17","22.86","797179"
"ATHM","20160913","22.6","23.13","21.903","22.5","414790"
"ATHM","20160914","22.53","23","22.38","22.42","392124"
"ATHM","20160915","22.62","23","22.3","22.99","411836"
"ATHM","20160916","23","23.6","22.75","23.49","280830"
"ATHM","20160919","23.77","23.905","23.4","23.68","351108"
"ATHM","20160920","23.7","24.18","23.4","24.04","344438"
"ATHM","20160921","24.2","25.01","23.81","24.99","841198"
"ATHM","20160922","24.99","26","24.64","24.95","1660985"
"ATHM","20160923","24.47","25.1","24.47","24.56","827746"
"ATHM","20160926","24.5","24.655","24.05","24.1","426137"
"ATHM","20160927","24.2","24.62","24.06","24.52","311233"
"ATHM","20160928","24.47","24.89","24.08","24.77","532929"
"ATHM","20160929","24.56","24.8","24.42","24.43","360709"
"ATHM","20160930","24.31","24.55","24.23","24.25","541709"
"ATHM","20161003","24.52","25.24","24.37","25.1","620351"
"ATHM","20161004","25.1","26.9","25.1","26.84","1434330"
"ATHM","20161005","27","28.34","26.83","27.24","1658424"
"ATHM","20161006","27.14","27.71","26.38","27.11","435539"
"ATHM","20161007","27.1","27.32","26.22","26.23","629343"
"ATHM","20161010","26.2","27.12","26.2","26.77","320194"
"ATHM","20161011","26.6","26.685","25.48","25.68","528276"
"ATHM","20161012","25.68","26.39","25.64","25.87","244456"
"ATHM","20161013","25.18","26.1","25.12","25.94","324369"
"ATHM","20161014","26.1","26.33","25.39","25.73","342647"
"ATHM","20161017","25.52","25.6346","24.79","25.24","406898"
"ATHM","20161018","25.63","25.932","25.38","25.61","271088"
"ATHM","20161019","25.78","25.93","25.45","25.78","205477"
"ATHM","20161020","25.75","26.59","25.58","26.41","316372"
"ATHM","20161021","26.34","26.51","25.67","25.87","413714"
"ATHM","20161024","26","26.47","24.94","25","734899"
"ATHM","20161025","24.83","25.05","24.48","24.77","721320"
"ATHM","20161026","24.7","24.95","24.54","24.73","247368"
"ATHM","20161027","24.79","24.95","24.26","24.33","805261"
"ATHM","20161028","24.28","24.59","23.827","23.95","258112"
"ATHM","20161031","24.04","24.08","23.4","23.45","286127"
"ATHM","20161101","23.64","23.95","23.54","23.94","404623"
"ATHM","20161102","23.87","24.17","23.4","23.42","291835"
"ATHM","20161103","23.38","23.47","22.8","23.15","419742"
"ATHM","20161104","23.07","23.2","22.811","23.18","312181"
"ATHM","20161107","23.53","23.9","22.9","23.7","453040"
"ATHM","20161108","23.5","24.42","23.5","24","501430"
"ATHM","20161109","23.13","24.42","23.13","23.86","319682"
"ATHM","20161110","23.69","24.66","23.69","24","749134"
"ATHM","20161111","23.76","24.17","22.59","22.9","1752202"
"ATHM","20161114","24.01","24.34","22.07","22.61","2253712"
"ATHM","20161115","22.88","25.495","22.7511","25.31","1697449"
"ATHM","20161116","25.2","25.73","24.66","24.9","877633"
"ATHM","20161117","24.82","26.66","24.68","26.51","987760"
"ATHM","20161118","26.5","26.5","25.98","26.32","584266"
"ATHM","20161121","26.32","26.97","26.05","26.65","435875"
"ATHM","20161122","26.82","27.8","26.05","27.23","828746"
"ATHM","20161123","27.05","28.84","27.02","28.06","1105088"
"ATHM","20161124","28.06","28.06","28.06","28.06","0"
"ATHM","20161125","28.14","28.88","27.62","28.05","883157"
"ATHM","20161128","27.93","28.4393","27.273","27.36","587300"
"ATHM","20161129","27.2","28.1131","27.16","27.97","595239"
"ATHM","20161130","27.96","28.05","27.3","27.58","390973"
"ATHM","20161201","27.76","28","26.95","27.15","562674"
"ATHM","20161202","26.9","27.3518","26.65","27.09","499508"
"ATHM","20161205","26.9","28.2","26.9","28.03","1445148"
"ATHM","20161206","28.2","28.5","27.99","28.15","628706"
"ATHM","20161207","28","28.45","27.33","27.93","967629"
"ATHM","20161208","27.93","28","27.45","27.78","382042"
"ATHM","20161209","27.76","28.04","27.39","27.54","261299"
"ATHM","20161212","27.11","27.31","26.54","26.78","369208"
"ATHM","20161213","26.92","27.25","26.57","26.74","357159"
"ATHM","20161214","27.8","27.8","26.22","26.7","1255754"
"ATHM","20161215","26.5","26.5","25.25","25.54","956453"
"ATHM","20161216","25.4","26.43","25.36","26.1","892229"
"ATHM","20161219","26.05","26.66","25.92","26.5","799893"
"ATHM","20161220","26.68","26.87","24.71","25.16","764738"
"ATHM","20161221","25.26","27.09","24.97","26.62","828287"
"ATHM","20161222","26.54","26.54","25.49","25.53","266325"
"ATHM","20161223","25.59","25.89","25.22","25.58","212242"
"ATHM","20161227","25.71","26.74","25.53","25.98","343485"
"ATHM","20161228","26.13","26.39","25.32","25.56","304201"
"ATHM","20161229","25.7","26.2","25.27","25.5","261538"
"ATHM","20161230","25.5","25.64","25.14","25.28","200886"
"ATHM","20170103","25.5","25.82","25","25.6","550765"
"ATHM","20170104","25.7","25.95","25.17","25.51","673380"
"ATHM","20170105","25.63","27.33","25.55","27.26","871550"
"ATHM","20170106","27.4","27.5","26.805","27.41","329878"
"ATHM","20170109","27.59","28.2","27.33","28.11","459430"
"ATHM","20170110","28.11","29.5","28.09","29.3","1106612"
"ATHM","20170111","29.3","30.84","29.02","29.46","1206127"
"ATHM","20170112","29.4","29.45","28.14","28.61","371788"
"ATHM","20170113","28.72","30.39","28.6","29.79","471239"
"ATHM","20170117","29.72","29.75","27.75","29","510016"
"ATHM","20170118","29.14","29.5","28.76","29.37","404927"
"ATHM","20170119","29.39","30","29.3388","29.89","323961"
"ATHM","20170120","29.9","30.5","29.66","29.97","438030"
"ATHM","20170123","30","30.12","29.68","29.99","330255"
"ATHM","20170124","30.04","31.2","30.04","30.62","450919"
"ATHM","20170125","30.64","31.2","30.59","30.78","284535"
"ATHM","20170126","30.86","31","30.38","30.87","428810"
"ATHM","20170127","30.83","31.2","30.4","31.09","441062"
"ATHM","20170130","30.91","30.95","30.1","30.86","335739"
"ATHM","20170131","30.78","31.69","30.6108","31.39","448856"
"ATHM","20170201","31.48","31.8","31.28","31.62","415533"
"ATHM","20170202","31.46","31.95","31.25","31.5","336585"
"ATHM","20170203","31.5","32.03","31.34","32.01","309757"
"ATHM","20170206","32","32.18","31.6","31.66","425593"
"ATHM","20170207","31.55","32.14","31.55","32.04","322594"
"ATHM","20170208","32","33.42","31.59","33","638653"
"ATHM","20170209","33.11","34.4","32.9","34","750649"
"ATHM","20170210","34","34.86","33.71","34.09","1159883"
"ATHM","20170213","34.11","34.76","34.07","34.65","650147"
"ATHM","20170214","34.64","35.29","33.45","33.72","2529833"
"ATHM","20170215","33.7","33.7","32.64","33.18","844416"
"ATHM","20170216","33.34","33.42","32.62","33.29","1028498"
"ATHM","20170217","32.71","33.06","32.255","33.01","325527"
"ATHM","20170221","33","33.39","32.631","32.92","1012959"
"ATHM","20170222","33","33.065","32.051","32.34","1112452"
"ATHM","20170223","32.52","34.6","32.52","33","1562161"
"ATHM","20170224","32.72","33.9","32.39","33.42","509575"
"ATHM","20170227","33.31","34.13","33.09","33.98","523147"
"ATHM","20170228","34","34.07","33.075","33.22","305146"
"ATHM","20170301","33.35","35","33.35","34.94","1275472"
"ATHM","20170302","33.12","33.65","31.75","33.39","2423812"
"ATHM","20170303","33.21","33.9199","32.92","33.27","1146822"
"ATHM","20170306","33.08","33.2","32.13","32.81","1035180"
"ATHM","20170307","32.55","33","32.38","32.49","649013"
"ATHM","20170308","32.5","34","32.12","33.72","941045"
"ATHM","20170309","33.54","34.2","33.05","34.11","871267"
"ATHM","20170310","34.55","35.73","34.54","35.61","1080488"
"ATHM","20170313","35.78","36.01","35.7","35.78","678400"
"ATHM","20170314","35.65","35.79","34.56","34.94","535917"
"ATHM","20170315","34.94","35.04","34.46","34.95","316441"
"ATHM","20170316","35.15","35.23","34.25","34.8","260335"
"ATHM","20170317","34.46","34.63","32.5","33.26","1292429"
"ATHM","20170320","33.37","34","33.01","33.94","467096"
"ATHM","20170321","34.12","34.12","32.045","32.27","1091281"
"ATHM","20170322","31.76","32.82","31.31","32.01","604027"
"ATHM","20170323","32.03","32.42","31.82","32.11","487278"
"ATHM","20170324","32.1","32.35","31.79","31.9","393257"
"ATHM","20170327","31.51","32.5","31.27","32.45","519508"
"ATHM","20170328","32.52","32.95","32.19","32.59","242310"
"ATHM","20170329","32.48","32.8641","32.35","32.72","294977"
"ATHM","20170330","32.68","32.75","31.59","31.94","220842"
"ATHM","20170331","31.89","31.94","31.35","31.77","255161"
"ATHM","20170403","31.71","32.61","31.65","32.41","518802"
"ATHM","20170404","32.3","32.56","31.7","31.87","321000"
"ATHM","20170405","31.85","32.26","31.2287","31.24","320805"
"ATHM","20170406","31.36","31.605","30.49","30.53","582228"
"ATHM","20170407","30.55","30.55","29.2","29.55","1259471"
"ATHM","20170410","29.5","31.23","29.43","30.94","919546"
"ATHM","20170411","30.87","31.58","30","30.67","634645"
"ATHM","20170412","30.73","30.84","29.43","29.47","685636"
"ATHM","20170413","29.4","29.49","28.8","28.9","1167428"
"ATHM","20170417","28.94","29.87","28.94","29.12","333584"
"ATHM","20170418","28.82","30.25","28.63","30.17","1087307"
"ATHM","20170419","30.2","31.05","30.13","30.82","769936"
"ATHM","20170420","31","32.83","30.96","32.05","1275125"
"ATHM","20170421","32.11","32.6","31.86","32.4","512713"
"ATHM","20170424","32.16","32.88","31.61","32.5","894844"
"ATHM","20170425","32.84","34.49","32.4901","33.93","948524"
"ATHM","20170426","34.07","34.69","33.96","34.41","1439135"
"ATHM","20170427","34.57","35.02","34.17","34.82","569229"
"ATHM","20170428","34.63","34.82","34.21","34.6","542695"
"ATHM","20170501","34.87","35.1","34.51","34.52","511987"
"ATHM","20170502","34.67","34.77","33.81","34.21","816899"
"ATHM","20170503","33.91","34.21","33.39","34.18","535336"
"ATHM","20170504","34","35.15","33.935","34.91","694212"
"ATHM","20170505","34.89","35.3","34.5","35.13","554914"
"ATHM","20170508","35.47","36.79","35.4","36.24","1506213"
"ATHM","20170509","36.5","37.5","36.27","37","1718204"
"ATHM","20170510","36.96","39","35.7612","38.99","4094613"
"ATHM","20170511","38.73","39.2","37.4","37.78","1567242"
"ATHM","20170512","37.72","37.78","36.77","37.08","1248602"
"ATHM","20170515","37.38","38.35","37.3","37.97","797579"
"ATHM","20170516","38.43","40.3","38.32","39.88","2688815"
"ATHM","20170517","39.37","40.82","39.0247","40.68","2192658"
"ATHM","20170518","40.34","42.63","40.12","41.8","1545032"
"ATHM","20170519","42.14","43.4","41.89","42.9","1509703"
"ATHM","20170522","43","43.18","42.22","42.46","1426178"
"ATHM","20170523","42.49","42.66","41.1","41.97","1207118"
"ATHM","20170524","42.16","42.83","41.401","42.62","1447088"
"ATHM","20170525","42.8","43.17","42.02","42.55","1553066"
"ATHM","20170526","42.65","43.1999","42.48","43.03","825824"
"ATHM","20170530","43","43.26","41.4923","42.46","1709540"
"ATHM","20170531","42.71","43.34","41.73","42.38","5882540"
"ATHM","20170601","42.45","43.88","41.92","43.5","1003697"
"ATHM","20170602","43","43.47","42.22","42.33","1663396"
"ATHM","20170605","42.34","42.34","40.65","40.96","1604903"
"ATHM","20170606","40.95","44.64","40.72","44.13","2883002"
"ATHM","20170607","44.25","46.01","43.76","45.93","2011631"
"ATHM","20170608","46.05","46.48","44.45","45","1479425"
"ATHM","20170609","45.15","45.9599","44.26","44.99","1321161"
"ATHM","20170612","43.86","44.98","43.4","44.33","1321455"
"ATHM","20170613","44.68","44.98","43.5","44.77","1675585"
"ATHM","20170614","44.98","46.18","44.53","46.01","1451184"
"ATHM","20170615","45.37","45.57","43.41","43.51","795853"
"ATHM","20170616","43.51","44.26","43.39","43.94","446063"
"ATHM","20170619","44.23","45.05","43.96","45.05","603764"
"ATHM","20170620","45","45.49","44.64","44.98","686772"
"ATHM","20170621","44.93","45.45","44.51","45.04","712444"
"ATHM","20170622","45.1","46.2045","45.04","45.62","1063874"
"ATHM","20170623","45.5","46.18","45.41","45.47","786683"
"ATHM","20170626","45.78","45.92","44.255","44.79","366081"
"ATHM","20170627","44.69","46","44.4","45.15","981405"
"ATHM","20170628","44.86","45.21","44.46","44.77","446955"
"ATHM","20170629","44.7","45.715","44.12","45.01","709167"
"ATHM","20170630","45","45.5","44.51","45.36","414662"
"ATHM","20170703","45.51","46.17","45.08","45.8","439536"
"ATHM","20170705","45.6","46.75","44.342","45.67","610213"
"ATHM","20170706","45.61","46.36","45.48","45.92","473078"
"ATHM","20170707","45.99","46.6","45.82","45.97","545131"
"ATHM","20170710","46","47.03","45.99","46.83","579227"
"ATHM","20170711","47","47.07","46.449","46.97","399371"
"ATHM","20170712","47","47.24","46.14","46.97","397346"
"ATHM","20170713","47","47.19","46.46","46.97","347591"
"ATHM","20170714","47.18","47.77","47.005","47.48","435455"
"ATHM","20170717","47.73","48.97","46.8","47.88","848642"
"ATHM","20170718","47.88","48.15","47.26","48","458337"
"ATHM","20170719","48.11","48.17","46.16","46.39","641113"
"ATHM","20170720","46.38","47.76","46.1","47.61","475548"
"ATHM","20170721","47.62","48.02","47.31","47.6","294673"
"ATHM","20170724","47.48","47.88","46.6","47.66","486061"
"ATHM","20170725","47.7","48.37","47.385","48.35","447806"
"ATHM","20170726","48.53","49.31","48.08","48.7","591562"
"ATHM","20170727","48.93","49.59","46.38","47.57","446216"
"ATHM","20170728","47.58","48.98","47.291","48.71","269607"
"ATHM","20170731","49","49.33","47.29","48.68","755686"
"ATHM","20170801","49.01","49.4","48.31","49.01","464420"
"ATHM","20170802","49.05","49.2","47.38","47.87","257506"
"ATHM","20170803","48.04","49.08","48.04","48.45","659391"
"ATHM","20170804","48.61","49.169","47.12","47.82","534665"
"ATHM","20170807","48.19","49.9","48.14","49.5","969162"
"ATHM","20170808","49.84","51.1","48.89","50.1","1789231"
"ATHM","20170809","50.1","54.6","51.8","54.6","3683152"
"ATHM","20170810","54.03","56.59","53.66","56.47","1512710"
"ATHM","20170811","55.84","62.2","55.67","61.52","2763360"
"ATHM","20170814","61.65","63.18","60.68","62.75","1759567"
"ATHM","20170815","62.42","62.9","61.39","62.68","1040640"
"ATHM","20170816","63","65.97","62.95","64.96","1247947"
"ATHM","20170817","64.73","64.73","63.2","63.56","933516"
"ATHM","20170818","63.57","65.12","63.03","64.41","974288"
"ATHM","20170821","64.27","65.8","63.06","65.19","1588808"
"ATHM","20170822","65.19","67.69","64.77","66.26","1087706"
"ATHM","20170823","65.83","66.13","63.9","65.25","1148648"
"ATHM","20170824","65.79","66.4","65.101","65.5","1145790"
"ATHM","20170825","65.75","65.99","63.7","63.7","810595"
"ATHM","20170828","64","64","61.68","63.18","655805"
"ATHM","20170829","62.1","64.7","61.69","64.05","554758"
"ATHM","20170830","64.08","64.48","63","64.41","797490"
"ATHM","20170831","64.54","64.74","63.64","64.27","750707"
"ATHM","20170901","64.27","66","64.27","65.33","646628"
"ATHM","20170905","65.07","65.2522","63.45","65.01","589726"
"ATHM","20170906","65","65.765","63.76","65.19","423021"
"ATHM","20170907","65.4","66.01","65.07","66.01","725434"
"ATHM","20170908","66","66.73","65.31","65.45","752491"
"ATHM","20170911","65.99","66.89","65.515","66.19","906418"
"ATHM","20170912","66.12","66.24","64.45","65.99","540077"
"ATHM","20170913","65.95","67.49","65.69","67.05","1429628"
"ATHM","20170914","66.75","66.85","65.2","65.25","617864"
"ATHM","20170915","65.54","66.3999","65.33","65.83","1272233"
"ATHM","20170918","66","67.42","65.34","66.35","731481"
"ATHM","20170919","66.47","66.605","65.47","66.52","659949"
"ATHM","20170920","66.45","66.51","65.52","65.99","592114"
"ATHM","20170921","65.91","66.04","61.88","63.09","912950"
"ATHM","20170922","62.9","64.5","62.01","64.17","604894"
"ATHM","20170925","63.69","63.95","61.92","63.18","988793"
"ATHM","20170926","63.5","64.84","63.21","63.98","719077"
"ATHM","20170927","64.5","65.59","63.3","63.68","520634"
"ATHM","20170928","58.17","61.43","57.7","60.97","2769960"
"ATHM","20170929","60.84","63.18","59.23","60.08","1099729"
"ATHM","20171002","59.9","60.08","57","57.27","1572561"
"ATHM","20171003","58.27","58.9","57.29","58.27","1538339"
"ATHM","20171004","58.35","61.56","58.27","61.44","891500"
"ATHM","20171005","61.44","62.09","60.21","61.89","662399"
"ATHM","20171006","61.47","62","60.5","61.42","1183485"
"ATHM","20171009","61.62","62.16","60.75","61.53","921550"
"ATHM","20171010","61.68","62.54","61.31","62.08","860272"
"ATHM","20171011","61.86","62.685","61.65","61.82","671431"
"ATHM","20171012","61.75","62.005","57.66","58.39","1203309"
"ATHM","20171013","58.54","61.01","58.54","60.46","733882"
