"CIEN","20150120","19.26","19.29","18.65","18.79","2157766"
"CIEN","20150121","18.81","19.39","18.81","19.21","2949999"
"CIEN","20150122","19.51","19.55","19.06","19.45","1773952"
"CIEN","20150123","19.77","20.32","19.64","19.69","2993274"
"CIEN","20150126","19.72","19.72","19.34","19.62","1457681"
"CIEN","20150127","19.21","19.5","19.09","19.38","2319858"
"CIEN","20150128","19.65","20.295","19.42","19.44","3304611"
"CIEN","20150129","19.52","19.55","18.49","19.41","4315294"
"CIEN","20150130","19.2","19.47","18.49","18.52","2956111"
"CIEN","20150202","18.57","18.676","17.86","18.62","2772576"
"CIEN","20150203","18.8","19.08","18.4","18.95","2727430"
"CIEN","20150204","18.84","19.14","18.67","18.73","1275209"
"CIEN","20150205","18.76","19.44","18.76","19.34","2284837"
"CIEN","20150206","19.31","19.72","19.31","19.53","1859514"
"CIEN","20150209","19.42","19.73","19.34","19.56","1200553"
"CIEN","20150210","19.72","19.859","19.55","19.69","1264746"
"CIEN","20150211","19.62","19.9","19.57","19.74","1276650"
"CIEN","20150212","20.02","20.18","19.81","19.85","2216305"
"CIEN","20150213","19.84","20.2","19.775","20.08","1773658"
"CIEN","20150217","20.07","20.19","19.81","20.19","1319532"
"CIEN","20150218","20.18","20.36","20.14","20.3","1533924"
"CIEN","20150219","20.17","20.45","20.126","20.19","1218064"
"CIEN","20150220","20.19","20.36","19.93","20.31","1230433"
"CIEN","20150223","20.24","20.31","19.91","20.03","1533666"
"CIEN","20150224","19.98","20.52","19.93","20.39","2790605"
"CIEN","20150225","20.58","20.86","20.46","20.79","3113284"
"CIEN","20150226","20.84","21.17","20.755","20.91","2281141"
"CIEN","20150227","20.92","21.14","20.84","20.92","1941470"
"CIEN","20150302","21.01","21.21","20.9","20.98","2352239"
"CIEN","20150303","20.97","21","20.61","20.75","2290159"
"CIEN","20150304","20.71","20.85","20.445","20.6","3851782"
"CIEN","20150305","20.98","21.15","19.882","20.64","6483447"
"CIEN","20150306","20.96","21.14","20.69","21.05","4986840"
"CIEN","20150309","21.2","21.41","21","21.26","3947481"
"CIEN","20150310","21.06","21.18","20.81","20.82","2931290"
"CIEN","20150311","20.85","21","20.65","20.93","2136626"
"CIEN","20150312","21","21.05","20.64","20.83","2354930"
"CIEN","20150313","20.78","20.81","20.34","20.64","3705424"
"CIEN","20150316","20.69","21.45","20.66","21.4","3070147"
"CIEN","20150317","21.26","21.47","21.16","21.17","2135292"
"CIEN","20150318","21.17","21.47","20.94","21.3","1796679"
"CIEN","20150319","20.97","21.1857","20.44","20.47","3385977"
"CIEN","20150320","20.59","20.95","20.49","20.63","3297454"
"CIEN","20150323","20.32","20.54","20.11","20.19","4379541"
"CIEN","20150324","20.28","21.04","20.28","20.53","4312317"
"CIEN","20150325","20.61","20.985","20.14","20.21","3749007"
"CIEN","20150326","20.1","20.21","19.91","19.98","2582919"
"CIEN","20150327","19.93","20","19.025","19.17","5531580"
"CIEN","20150330","19.23","19.43","18.95","19.4","3445585"
"CIEN","20150331","19.4","19.645","19.22","19.31","2383663"
"CIEN","20150401","19.1","19.43","19","19.16","1832288"
"CIEN","20150402","19.16","19.415","18.98","18.99","1925534"
"CIEN","20150406","18.85","19.38","18.75","19.28","2169513"
"CIEN","20150407","19.31","19.59","19.26","19.38","1730221"
"CIEN","20150408","19.43","19.78","19.394","19.61","2674138"
"CIEN","20150409","19.65","20.08","19.57","19.98","2364821"
"CIEN","20150410","20.03","20.13","19.76","19.86","2324527"
"CIEN","20150413","19.85","20.07","19.81","19.92","1560754"
"CIEN","20150414","20.52","21.58","20.43","21.38","8306429"
"CIEN","20150415","21.17","21.45","20.85","21.37","3529724"
"CIEN","20150416","21.31","21.61","21.2","21.61","3055095"
"CIEN","20150417","21.46","21.52","21.21","21.46","2785817"
"CIEN","20150420","21.62","21.93","21.608","21.85","2122427"
"CIEN","20150421","21.79","21.94","21.69","21.7","1478240"
"CIEN","20150422","21.72","22","21.39","21.97","2844897"
"CIEN","20150423","21.76","21.935","21.55","21.69","2387801"
"CIEN","20150424","22.19","22.24","21.93","22.17","2663625"
"CIEN","20150427","22.18","22.33","21.84","21.87","1557380"
"CIEN","20150428","21.86","22.4","21.755","22.35","2973980"
"CIEN","20150429","22.25","22.5","22.13","22.34","2710000"
"CIEN","20150430","22.24","22.29","21.225","21.3","2981231"
"CIEN","20150501","21.34","21.55","21.159","21.29","3244564"
"CIEN","20150504","21.91","22.14","21.3","21.62","6469415"
"CIEN","20150505","21.56","21.67","21.01","21.08","2605166"
"CIEN","20150506","21.16","21.2299","20.67","21.1","2180139"
"CIEN","20150507","21.11","21.51","20.92","21.44","1982250"
"CIEN","20150508","21.71","22.14","21.65","22.07","3131111"
"CIEN","20150511","22.02","22.29","21.9","22.07","1637083"
"CIEN","20150512","21.96","22.16","21.66","22.03","1618468"
"CIEN","20150513","22","22.1","21.88","22.01","2102150"
"CIEN","20150514","22.06","22.4","21.89","22.34","1651678"
"CIEN","20150515","22.29","22.52","22.18","22.51","1398095"
"CIEN","20150518","22.5","22.93","22.36","22.85","1985716"
"CIEN","20150519","22.88","23.02","22.69","22.91","1602330"
"CIEN","20150520","23.06","23.31","22.8001","23.09","2721867"
"CIEN","20150521","23.04","23.22","22.82","23.15","1331720"
"CIEN","20150522","23.03","23.33","22.95","23.25","1495026"
"CIEN","20150526","23.3","23.39","22.96","23.15","1789212"
"CIEN","20150527","23.45","23.95","23.24","23.76","3266889"
"CIEN","20150528","23.68","24.07","23.581","24.05","3045445"
"CIEN","20150529","24.01","24.55","23.89","24.11","4259698"
"CIEN","20150601","24.24","24.38","23.73","24.06","2533253"
"CIEN","20150602","24","24.42","23.8","24.2","2996927"
"CIEN","20150603","24.57","24.75","24.25","24.44","5676805"
"CIEN","20150604","25.37","25.49","24.52","24.64","5825699"
"CIEN","20150605","24.97","25.18","24.63","25","4314205"
"CIEN","20150608","24.91","25","24.195","24.63","3783027"
"CIEN","20150609","24.68","24.86","24.2875","24.64","1767347"
"CIEN","20150610","24.72","25.3","24.66","25.19","3090608"
"CIEN","20150611","25.28","25.6","25.18","25.49","3247525"
"CIEN","20150612","25.33","25.75","25.3001","25.65","2843756"
"CIEN","20150615","25.46","26","25.3","25.9","3186350"
"CIEN","20150616","25.83","25.95","25.45","25.61","2600755"
"CIEN","20150617","25.67","26.13","25.6","26.03","2818692"
"CIEN","20150618","26.02","26.2","25.94","25.965","2478204"
"CIEN","20150619","26","26","25.49","25.65","2109703"
"CIEN","20150622","25.45","25.815","25.32","25.48","2499106"
"CIEN","20150623","25.58","25.59","25.21","25.4","2031772"
"CIEN","20150624","25.28","25.38","24.97","25.05","1330855"
"CIEN","20150625","25.18","25.24","24.98","25.06","1681930"
"CIEN","20150626","25.06","25.07","24.06","24.36","3196663"
"CIEN","20150629","23.98","24.25","23.6","23.69","2219559"
"CIEN","20150630","23.85","23.94","23.37","23.68","2029258"
"CIEN","20150701","24.03","24.45","23.9","24.39","4003829"
"CIEN","20150702","24.39","24.54","23.95","24.08","1867987"
"CIEN","20150706","23.92","24.36","23.79","23.94","2067695"
"CIEN","20150707","23.94","23.94","23.25","23.84","2206323"
"CIEN","20150708","23.58","23.6","23.1","23.22","2594342"
"CIEN","20150709","23.58","23.73","23.16","23.26","2351738"
"CIEN","20150710","23.75","23.98","23.53","23.8","1752323"
"CIEN","20150713","23.92","24.35","23.88","24.285","2620155"
"CIEN","20150714","24.26","24.61","24.19","24.49","1895675"
"CIEN","20150715","24.48","24.7199","24.2","24.32","1749474"
"CIEN","20150716","24.56","25.36","24.56","25.275","2842595"
"CIEN","20150717","25.58","26.1","25.37","25.59","3738772"
"CIEN","20150720","25.56","25.59","24.865","24.95","1636152"
"CIEN","20150721","25","25.57","25","25.53","2591767"
"CIEN","20150722","25.64","25.64","25.04","25.145","1935271"
"CIEN","20150723","25.41","25.77","25.17","25.6","3517745"
"CIEN","20150724","26.14","26.5","25.72","25.77","2498092"
"CIEN","20150727","25.45","25.67","24.82","25.02","2265480"
"CIEN","20150728","25.15","25.29","24.9","25.01","1900396"
"CIEN","20150729","24.87","25","24.46","24.85","1644557"
"CIEN","20150730","24.52","25.215","24.36","25.1","2091124"
"CIEN","20150731","25.22","25.69","25.07","25.45","2598559"
"CIEN","20150803","25.39","25.49","24.81","24.96","2026615"
"CIEN","20150804","24.99","24.99","24.61","24.66","1681915"
"CIEN","20150805","24.83","25.19","24.63","24.68","2163904"
"CIEN","20150806","24.74","24.84","23.8","23.92","2518959"
"CIEN","20150807","23.68","23.74","23.41","23.53","3165040"
"CIEN","20150810","23.69","23.72","23.37","23.59","5616786"
"CIEN","20150811","23.31","23.53","22.74","22.75","3841360"
"CIEN","20150812","22.81","23.8","22.73","23.57","4020233"
"CIEN","20150813","23.81","24.27","23.6801","23.71","2256372"
"CIEN","20150814","23.45","23.66","23.25","23.56","1207469"
"CIEN","20150817","23.25","24.28","23.23","24.26","1754653"
"CIEN","20150818","24.08","24.21","23.58","23.63","2158245"
"CIEN","20150819","23.55","23.99","23.15","23.24","2093919"
"CIEN","20150820","23","23.22","21.51","21.61","4194705"
"CIEN","20150821","21.23","22.25","20.99","21.68","2840525"
"CIEN","20150824","20.02","21.685","17.97","20.56","3618637"
"CIEN","20150825","21.32","21.32","20.39","20.4","1721030"
"CIEN","20150826","21.28","22.42","21.13","22.33","4543404"
"CIEN","20150827","22.51","22.67","21.93","22.58","2241889"
"CIEN","20150828","22.52","22.87","22.41","22.86","1895676"
"CIEN","20150831","22.6","22.68","22.15","22.35","2095394"
"CIEN","20150901","21.79","22.36","21.79","22","2077270"
"CIEN","20150902","22.42","22.51","21.87","22.49","3243191"
"CIEN","20150903","21.51","23.29","20.759","22.98","10694200"
"CIEN","20150904","22.47","23.04","22.3699","22.51","3798942"
"CIEN","20150908","22.93","22.99","22.59","22.94","2891742"
"CIEN","20150909","23.58","23.84","22.68","22.71","4491125"
"CIEN","20150910","22.81","22.84","22.35","22.52","2747517"
"CIEN","20150911","22.21","22.36","21.64","22.02","3281069"
"CIEN","20150914","22.17","22.25","21.89","21.91","1875809"
"CIEN","20150915","21.94","22.5275","21.93","22.3999","2096214"
"CIEN","20150916","22.35","22.75","22.26","22.69","2866482"
"CIEN","20150917","22.71","23.18","22.42","22.82","4922034"
"CIEN","20150918","22.35","22.68","22.01","22.14","2596364"
"CIEN","20150921","21.85","22.63","21.85","22.21","1799254"
"CIEN","20150922","21.88","21.98","21.35","21.59","2688285"
"CIEN","20150923","21.66","21.86","21.24","21.369","2623972"
"CIEN","20150924","21.13","21.19","20.68","20.95","2826048"
"CIEN","20150925","21.21","21.25","20.53","20.69","2650251"
"CIEN","20150928","20.62","20.91","20.2","20.3","2753848"
"CIEN","20150929","20.34","20.65","20.03","20.19","2592066"
"CIEN","20150930","20.55","20.8","20.32","20.715","2169965"
"CIEN","20151001","20.75","21.15","20.62","21.08","2344139"
"CIEN","20151002","22","22.03","22","22","2814683"
"CIEN","20151005","22.12","22.65","22.03","22.57","2494365"
"CIEN","20151006","22.51","22.8","22.32","22.5","1782365"
"CIEN","20151007","22.65","22.89","21.91","22.71","2255837"
"CIEN","20151008","22.71","22.91","22.2","22.71","1609648"
"CIEN","20151009","22.62","22.86","22.41","22.75","2049535"
"CIEN","20151012","22.76","22.81","22.35","22.59","1154460"
"CIEN","20151013","22.42","22.67","21.82","21.83","2257346"
"CIEN","20151014","21.85","22.54","21.83","22.34","2185749"
"CIEN","20151015","22.4","23.06","22.31","23.05","1982771"
"CIEN","20151016","23.06","23.1","22.67","22.9","1246451"
"CIEN","20151019","22.84","23.1","22.59","22.995","603977"
"CIEN","20151020","23.02","23.38","22.965","23.3","939157"
"CIEN","20151021","23.34","23.48","22.955","22.97","1316531"
"CIEN","20151022","23.24","23.795","23.19","23.53","410776"
"CIEN","20151023","23.7","23.74","23.37","23.53","347208"
"CIEN","20151026","23.82","24.63","23.75","24.6","3171657"
"CIEN","20151027","23.2","23.56","22.79","23.1","6141463"
"CIEN","20151028","23.3","24.18","23.05","24.16","3596857"
"CIEN","20151029","24","24.05","23.45","23.9","2293783"
"CIEN","20151030","23.89","24.22","23.67","24.14","2077509"
"CIEN","20151102","24.16","24.55","24.15","24.43","1363007"
"CIEN","20151103","24.47","24.87","24.4","24.55","1978060"
"CIEN","20151104","24.59","24.76","24.32","24.56","2378076"
"CIEN","20151105","24.5","24.69","24.06","24.49","1953817"
"CIEN","20151106","24.42","24.96","24.21","24.9","1716836"
"CIEN","20151109","24.84","24.8999","24.16","24.43","1723410"
"CIEN","20151110","24.24","24.43","23.665","23.74","2173965"
"CIEN","20151111","23.9","24.06","23.66","23.75","1773751"
"CIEN","20151112","23.72","23.95","23.72","23.72","1994186"
"CIEN","20151113","23.55","23.97","23.33","23.86","2002763"
"CIEN","20151116","23.7","24.24","23.55","24.18","2304788"
"CIEN","20151117","24.2","24.46","23.98","24.13","1667386"
"CIEN","20151118","24.14","24.31","23.81","24.29","1917629"
"CIEN","20151119","24.3","24.38","23.89","23.98","1505215"
"CIEN","20151120","24.14","24.64","24.02","24.61","1816008"
"CIEN","20151123","24.65","25.185","24.55","24.89","1704418"
"CIEN","20151124","24.76","25.295","24.68","25.21","1590123"
"CIEN","20151125","25.22","25.39","25.08","25.19","998274"
"CIEN","20151127","25.25","25.38","25.115","25.3","490469"
"CIEN","20151130","25.38","25.46","24.92","25.03","1015496"
"CIEN","20151201","25.09","25.31","24.74","25.09","1300977"
"CIEN","20151202","25.04","25.18","24.66","24.77","1499415"
"CIEN","20151203","24.9","25","24.33","24.47","1549997"
"CIEN","20151204","24.55","25.22","24.47","25.05","2486309"
"CIEN","20151207","24.98","25.06","24.535","24.66","1974514"
"CIEN","20151208","24.31","24.54","24.06","24.35","2811799"
"CIEN","20151209","24.28","24.37","23.64","24.11","3705696"
"CIEN","20151210","20.31","21.02","19.76","20.04","24085271"
"CIEN","20151211","19.93","20.73","19.39","19.82","8523252"
"CIEN","20151214","19.78","19.87","19.2045","19.28","6318540"
"CIEN","20151215","19.42","19.53","19.2","19.35","3059548"
"CIEN","20151216","19.49","19.61","18.98","19.3","3849936"
"CIEN","20151217","19.46","19.89","19.45","19.74","4303331"
"CIEN","20151218","19.66","19.85","19.5","19.79","3547109"
"CIEN","20151221","19.96","20.33","19.85","20.31","4550477"
"CIEN","20151222","20.32","20.41","20.08","20.4","1948862"
"CIEN","20151223","20.47","20.745","20.44","20.67","1805325"
"CIEN","20151224","20.62","20.83","20.575","20.7","1100934"
"CIEN","20151228","20.67","20.93","20.52","20.91","1840433"
"CIEN","20151229","20.99","21.38","20.95","21.21","2128973"
"CIEN","20151230","21.15","21.3396","20.88","20.92","1404339"
"CIEN","20151231","20.86","21.09","20.68","20.69","1347088"
"CIEN","20160104","20.19","20.36","19.75","20.24","3529815"
"CIEN","20160105","20.35","20.37","19.91","20.05","2893440"
"CIEN","20160106","19.74","19.89","19.27","19.51","2775540"
"CIEN","20160107","19.13","19.18","18.43","18.62","3776636"
"CIEN","20160108","18.8","18.82","18.1","18.17","3011336"
"CIEN","20160111","18.33","18.64","17.97","18.16","1933459"
"CIEN","20160112","18.73","19.39","18.135","18.57","3482239"
"CIEN","20160113","18.78","18.955","18.16","18.34","2444112"
"CIEN","20160114","18.38","18.56","18.01","18.33","2243979"
"CIEN","20160115","17.77","18.23","17.66","18.02","2634740"
"CIEN","20160119","18.25","18.3799","17.46","17.59","2581849"
"CIEN","20160120","17.28","17.57","16.63","17.34","3387586"
"CIEN","20160121","17.5","17.89","17.3","17.45","2677487"
"CIEN","20160122","17.77","18.23","17.52","17.99","2092202"
"CIEN","20160125","17.92","18.02","17.57","17.6","1332112"
"CIEN","20160126","17.75","18.12","17.53","18.04","2295091"
"CIEN","20160127","17.77","18.255","17.62","17.8","1842869"
"CIEN","20160128","17.99","18.1","17.24","17.28","2447270"
"CIEN","20160129","17.42","17.81","17.41","17.77","3447530"
"CIEN","20160201","17.7","18.015","17.35","17.94","2208946"
"CIEN","20160202","17.76","18.43","17.64","17.77","3076569"
"CIEN","20160203","18.35","18.61","18.16","18.59","2864179"
"CIEN","20160204","18.5","19.34","18.46","19.17","3079206"
"CIEN","20160205","19.29","19.52","18.58","18.62","3035087"
"CIEN","20160208","18.34","18.505","17.34","17.66","3033622"
"CIEN","20160209","17.42","17.98","17.23","17.79","2480342"
"CIEN","20160210","17.86","18.255","17.305","17.59","2398430"
"CIEN","20160211","17.28","17.73","17.15","17.5","2225296"
"CIEN","20160212","17.82","18.37","17.48","18.28","2509611"
"CIEN","20160216","18.56","19.34","18.47","19.29","2638819"
"CIEN","20160217","19.41","19.81","19.36","19.52","2193961"
"CIEN","20160218","19.5","19.72","19.095","19.38","2069686"
"CIEN","20160219","19.32","19.62","19.175","19.57","1247622"
"CIEN","20160222","19.98","20.16","19.85","20.02","1955897"
"CIEN","20160223","20.01","20.16","19.8","19.89","2161654"
"CIEN","20160224","19.65","20.71","19.47","20.66","2823907"
"CIEN","20160225","20.73","20.95","20.21","20.71","1946240"
"CIEN","20160226","20.81","21.12","20.5701","20.75","3204648"
"CIEN","20160229","20.75","20.84","20.45","20.5","2879445"
"CIEN","20160301","20.77","21.14","20.64","21","3436122"
"CIEN","20160302","20.99","21.08","20.04","20.7","6169527"
"CIEN","20160303","16.95","17.5","16.32","16.99","28671714"
"CIEN","20160304","17.17","17.39","16.77","17.28","7921871"
"CIEN","20160307","17.12","17.25","16.87","16.96","3982088"
"CIEN","20160308","16.95","16.97","16.555","16.63","4781472"
"CIEN","20160309","16.75","17.45","16.67","17.45","4737123"
"CIEN","20160310","17.45","17.795","16.98","17.13","3807099"
"CIEN","20160311","17.4","17.68","17.29","17.55","3068780"
"CIEN","20160314","17.47","17.71","17.38","17.55","2084758"
"CIEN","20160315","17.38","17.4","16.81","16.93","3386784"
"CIEN","20160316","16.93","17.36","16.81","17.28","2404319"
"CIEN","20160317","17.28","18.02","17.14","18.01","3361580"
"CIEN","20160318","18.09","18.44","17.83","18.21","3771559"
"CIEN","20160321","17.96","18.41","17.91","18.21","2300155"
"CIEN","20160322","18.23","19","18.1","18.91","4062192"
"CIEN","20160323","18.78","18.87","18.27","18.31","2788294"
"CIEN","20160324","18.2","18.73","18.01","18.57","2112446"
"CIEN","20160328","18.57","18.58","18.19","18.28","1685876"
"CIEN","20160329","18.25","18.93","18.15","18.87","2535386"
"CIEN","20160330","18.96","19.2","18.66","18.76","2168842"
"CIEN","20160331","18.73","19.07","18.68","19.02","1787228"
"CIEN","20160401","18.76","19.07","18.7","18.85","1578002"
"CIEN","20160404","18.86","18.94","18.55","18.65","1621239"
"CIEN","20160405","18.46","18.58","18.32","18.33","1448751"
"CIEN","20160406","18.42","18.67","18.28","18.64","1746356"
"CIEN","20160407","18.48","18.53","17.66","17.71","3925008"
"CIEN","20160408","17.85","18.265","17.83","18.21","3197928"
"CIEN","20160411","18.24","18.37","17.89","17.9","1942682"
"CIEN","20160412","17.7","17.76","17.35","17.47","3770874"
"CIEN","20160413","17.61","18.135","17.61","17.96","2293951"
"CIEN","20160414","17.98","18.095","17.71","17.94","2039253"
"CIEN","20160415","17.86","17.995","17.54","17.8","2158948"
"CIEN","20160418","17.72","18.06","17.57","17.8","1664781"
"CIEN","20160419","17.86","17.86","17.26","17.27","2490567"
"CIEN","20160420","17.21","17.31","16.895","17.09","5702211"
"CIEN","20160421","17.06","17.22","16.62","16.67","5704085"
"CIEN","20160422","16.74","17.23","16.71","17.1","2775573"
"CIEN","20160425","17.01","17.17","16.73","16.89","2242789"
"CIEN","20160426","16.95","17.365","16.89","17.35","2172032"
"CIEN","20160427","17","17.44","17","17.4","1699369"
"CIEN","20160428","16.95","17.14","16.57","16.63","4097372"
"CIEN","20160429","16.71","16.865","16.5","16.83","3196770"
"CIEN","20160502","16.82","17.01","16.65","16.81","2170734"
"CIEN","20160503","16.67","16.71","16.38","16.49","2140762"
"CIEN","20160504","16.5","16.635","16.05","16.06","2435656"
"CIEN","20160505","16.14","16.3101","16","16.02","2565394"
"CIEN","20160506","15.97","16.285","15.725","16.26","2072320"
"CIEN","20160509","16.29","16.35","16.01","16.16","1906060"
"CIEN","20160510","16.15","16.4","16.03","16.15","2861872"
"CIEN","20160511","16.16","16.3","16.1","16.24","2349169"
"CIEN","20160512","16.29","16.37","15.755","15.83","1764051"
"CIEN","20160513","15.74","16.05","15.615","15.73","2064127"
"CIEN","20160516","15.73","15.98","15.65","15.86","3076300"
"CIEN","20160517","15.89","16.54","15.7924","16.16","3017887"
"CIEN","20160518","16.06","16.54","15.97","16.31","3731859"
"CIEN","20160519","16.32","16.41","15.7","15.89","2661845"
"CIEN","20160520","16","16.24","15.95","16.1","1651578"
"CIEN","20160523","16.1","16.45","16.03","16.29","2624137"
"CIEN","20160524","16.45","16.855","16.4","16.82","2967854"
"CIEN","20160525","16.75","16.94","16.66","16.84","1661823"
"CIEN","20160526","16.84","16.98","16.77","16.86","1879588"
"CIEN","20160527","16.91","17.21","16.78","17.2","2632775"
"CIEN","20160531","17.29","17.55","17.2","17.455","2352271"
"CIEN","20160601","17.36","17.815","17.32","17.76","3876705"
"CIEN","20160602","19.57","20.45","19.33","20.03","14146355"
"CIEN","20160603","19.98","21.18","19.9777","21.03","8209515"
"CIEN","20160606","21.03","21.38","20.98","21.27","3994330"
"CIEN","20160607","21.29","21.75","21.27","21.74","3251677"
"CIEN","20160608","21.75","21.87","21.64","21.68","3980539"
"CIEN","20160609","21.57","21.69","21.41","21.61","2743020"
"CIEN","20160610","21.33","21.6","20.9826","21.12","3110735"
"CIEN","20160613","21.07","21.39","20.82","20.86","2531548"
"CIEN","20160614","20.85","21.1135","20.75","20.91","2090159"
"CIEN","20160615","20.95","21.21","20.84","20.86","2769485"
"CIEN","20160616","20.73","20.99","20.52","20.99","2552284"
"CIEN","20160617","20.94","20.99","20.58","20.65","2760989"
"CIEN","20160620","20.93","21.01","20.62","20.64","1504943"
"CIEN","20160621","20.4","20.46","20.13","20.3","2365707"
"CIEN","20160622","20.33","20.5","20.07","20.11","2052157"
"CIEN","20160623","20.24","20.59","20.19","20.59","2333411"
"CIEN","20160624","19.5","19.79","19.08","19.11","5672362"
"CIEN","20160627","19.04","19.04","17.86","17.95","4162208"
"CIEN","20160628","18.24","18.41","17.705","18.34","4595239"
"CIEN","20160629","18.52","18.72","18.04","18.64","4303665"
"CIEN","20160630","18.66","18.84","18.48","18.75","2700413"
"CIEN","20160701","18.75","19.05","18.28","18.47","1994961"
"CIEN","20160705","18.26","18.36","17.9","18","2351066"
"CIEN","20160706","17.89","18.15","17.59","18.09","3066623"
"CIEN","20160707","18.23","18.5","18.1499","18.37","2237924"
"CIEN","20160708","18.56","19.16","18.56","19.09","3183665"
"CIEN","20160711","19.19","19.42","19.0246","19.39","2342439"
"CIEN","20160712","19.56","20.01","19.455","19.95","3428346"
"CIEN","20160713","20.17","20.22","19.58","19.68","3559810"
"CIEN","20160714","19.92","19.98","19.48","19.48","1945768"
"CIEN","20160715","19.57","20.2","19.35","20","5278118"
"CIEN","20160718","20.05","20.25","19.98","20.17","2180804"
"CIEN","20160719","20.21","20.33","19.94","20.01","1598325"
"CIEN","20160720","20.11","20.289","20","20.26","1343861"
"CIEN","20160721","20.15","20.27","19.89","19.95","1313111"
"CIEN","20160722","19.93","20.11","19.695","20.08","1298896"
"CIEN","20160725","20.15","20.47","19.97","20.31","1572628"
"CIEN","20160726","20.32","20.68","20.32","20.52","1640865"
"CIEN","20160727","20.5","20.79","20.15","20.41","1717555"
"CIEN","20160728","18.84","19.39","18.5","19.39","9176300"
"CIEN","20160729","19.42","19.515","18.895","19.19","2666030"
"CIEN","20160801","19.2","19.44","19.17","19.24","1532215"
"CIEN","20160802","19.29","19.29","18.72","18.76","2578117"
"CIEN","20160803","18.86","19.55","18.86","19.53","2533154"
"CIEN","20160804","19.49","19.8389","19.49","19.71","2349436"
"CIEN","20160805","19.85","20.359","19.787","20.22","1817676"
"CIEN","20160808","20.32","20.41","19.9","19.98","1013083"
"CIEN","20160809","20.19","20.41","20.07","20.28","1858490"
"CIEN","20160810","20.45","20.64","20.094","20.5","1890876"
"CIEN","20160811","20.54","20.74","20.38","20.6","1645631"
"CIEN","20160812","20.57","20.88","20.5","20.81","2280606"
"CIEN","20160815","20.84","21.48","20.74","21.32","3079425"
"CIEN","20160816","21.27","22.155","21.21","21.88","4597776"
"CIEN","20160817","21.81","21.83","21.18","21.26","3264634"
"CIEN","20160818","21.26","21.575","21.26","21.5","1686080"
"CIEN","20160819","21.45","21.7","21.39","21.58","1781424"
"CIEN","20160822","21.55","21.9","21.5","21.87","2247948"
"CIEN","20160823","22","22.07","21.88","21.93","2157515"
"CIEN","20160824","21.96","22.21","21.82","21.88","1632812"
"CIEN","20160825","21.79","21.87","21.26","21.8","1812123"
"CIEN","20160826","21.79","21.8184","21.41","21.64","1601487"
"CIEN","20160829","21.67","21.73","21.55","21.67","1764049"
"CIEN","20160830","21.7","21.99","21.58","21.73","1573468"
"CIEN","20160831","21.74","21.85","21.2742","21.45","4098598"
"CIEN","20160901","22.32","23.6","22.25","23.17","11754749"
"CIEN","20160902","22.93","23.15","22.29","22.89","3871718"
"CIEN","20160906","22.87","23.15","22.82","22.98","2240451"
"CIEN","20160907","23.5","23.5","22.66","22.75","2246923"
"CIEN","20160908","22.75","22.81","22.045","22.18","2974316"
"CIEN","20160909","22.26","22.54","21.61","21.66","5448354"
"CIEN","20160912","21.42","21.92","21.3526","21.84","2609338"
"CIEN","20160913","21.66","21.97","21.17","21.29","2560802"
"CIEN","20160914","21.3","21.48","20.95","21.08","2150817"
"CIEN","20160915","21.1","21.26","20.97","21.16","2528308"
"CIEN","20160916","21.17","21.275","20.8237","21.24","3310028"
"CIEN","20160919","21.44","22.05","21.37","21.77","2631522"
"CIEN","20160920","21.72","21.8715","21.45","21.46","1383256"
"CIEN","20160921","21.37","21.9","21.37","21.83","2057594"
"CIEN","20160922","22.05","22.35","21.98","22.26","2118632"
"CIEN","20160923","22.15","22.39","22.1","22.16","1753353"
"CIEN","20160926","21.96","22.2","21.82","22.03","1436966"
"CIEN","20160927","21.98","22.66","21.87","22.65","2166387"
"CIEN","20160928","22.65","22.86","22.36","22.41","1989920"
"CIEN","20160929","22.37","22.3975","21.94","21.95","1600914"
"CIEN","20160930","21.96","22.15","21.51","21.79","2561532"
"CIEN","20161003","21.71","21.81","21.22","21.3","2180646"
"CIEN","20161004","21.37","21.57","21.03","21.19","2415547"
"CIEN","20161005","21.38","22.41","21.29","21.95","2545711"
"CIEN","20161006","22.03","23.09","21.94","22.67","3183189"
"CIEN","20161007","22.64","22.79","22.17","22.33","2271095"
"CIEN","20161010","22.5","22.64","22.3","22.32","1682985"
"CIEN","20161011","22.28","22.28","21.38","21.42","2723030"
"CIEN","20161012","21.04","21.18","20.45","20.96","5336880"
"CIEN","20161013","20.67","20.855","20.33","20.84","2057353"
"CIEN","20161014","20.95","21.33","20.62","20.8","2950540"
"CIEN","20161017","20.72","20.87","20.21","20.21","2004889"
"CIEN","20161018","20.53","20.57","20.16","20.34","1481398"
"CIEN","20161019","20.3","20.73","20.215","20.65","1087709"
"CIEN","20161020","20.44","20.45","19.88","20.12","3643631"
"CIEN","20161021","20","20.0285","19.69","19.93","3007595"
"CIEN","20161024","20.15","20.23","19.95","20.05","1401263"
"CIEN","20161025","20.04","20.07","19.66","19.89","1440626"
"CIEN","20161026","20.21","20.67","20.01","20.39","2133812"
"CIEN","20161027","20.46","20.46","19.48","19.55","3498524"
"CIEN","20161028","19.52","20","19.4","19.51","2167051"
"CIEN","20161031","19.54","19.67","19.3","19.38","2429257"
"CIEN","20161101","19.46","19.466","18.94","19.21","2583708"
"CIEN","20161102","19.44","19.92","19.16","19.34","2723250"
"CIEN","20161103","19.37","19.5","19.12","19.27","1606818"
"CIEN","20161104","19.2","19.545","19.04","19.25","1631926"
"CIEN","20161107","19.67","20.53","19.66","20.34","3173495"
"CIEN","20161108","20.25","20.88","20.1","20.49","1829201"
"CIEN","20161109","19.92","20.975","19.8","20.9","2214957"
"CIEN","20161110","21.09","21.6","20.65","21.18","2276683"
"CIEN","20161111","21.05","21.78","20.9","21.74","2562441"
"CIEN","20161114","22.27","22.75","22.055","22.5","3351098"
"CIEN","20161115","22.42","22.82","22.23","22.64","1977575"
"CIEN","20161116","22.33","22.81","22.33","22.53","1884266"
"CIEN","20161117","22.18","22.28","21.77","21.96","2370582"
"CIEN","20161118","22.16","22.19","21.805","21.93","1517527"
"CIEN","20161121","22.01","22.25","21.84","21.95","1118882"
"CIEN","20161122","21.94","21.99","21.64","21.95","1620562"
"CIEN","20161123","21.92","22.3093","21.84","22.28","1294154"
"CIEN","20161125","22.46","22.5","22.24","22.45","522856"
"CIEN","20161128","22.22","22.28","21.41","21.43","2559365"
"CIEN","20161129","21.51","21.96","21.45","21.66","2626618"
"CIEN","20161130","21.87","21.91","21.435","21.47","1991505"
"CIEN","20161201","21.36","21.66","20.67","20.75","1798838"
"CIEN","20161202","20.67","20.71","20.25","20.45","3649864"
"CIEN","20161205","20.8","21.34","20.6501","21.16","2437691"
"CIEN","20161206","21.25","21.28","20.92","21","4631881"
"CIEN","20161207","21.05","21.65","20.94","21.61","2617896"
"CIEN","20161208","23.13","24.985","22.7813","24.87","13902554"
"CIEN","20161209","24.98","25.18","24.36","24.67","5390278"
"CIEN","20161212","24.64","24.749","23.73","23.99","3754668"
"CIEN","20161213","24.03","24.36","23.705","23.9","3612447"
"CIEN","20161214","23.91","24.2","23.6","23.69","2198679"
"CIEN","20161215","23.71","24.31","23.71","23.78","2992716"
"CIEN","20161216","23.81","23.9334","23.22","23.28","2376917"
"CIEN","20161219","23.81","24.309","23.75","24.05","3691088"
"CIEN","20161220","24.41","24.97","24.33","24.84","4308363"
"CIEN","20161221","24.6","24.88","24.47","24.81","2370935"
"CIEN","20161222","24.68","25","24.41","24.53","2015581"
"CIEN","20161223","24.47","24.6647","24.35","24.63","1014068"
"CIEN","20161227","24.79","25.19","24.74","24.91","1542296"
"CIEN","20161228","24.96","24.9631","24.18","24.24","1915391"
"CIEN","20161229","24.17","24.59","24.17","24.48","1413345"
"CIEN","20161230","24.53","24.66","24.28","24.41","1609293"
"CIEN","20170103","24.47","24.98","24.24","24.43","2128814"
"CIEN","20170104","24.38","24.9","24.34","24.74","1866802"
"CIEN","20170105","24.82","25.08","24.13","24.3","2033176"
"CIEN","20170106","24.33","24.37","23.87","24.2","2294679"
"CIEN","20170109","24.12","24.4199","24.01","24.23","1817257"
"CIEN","20170110","24.23","24.4","23.975","24.1","1976884"
"CIEN","20170111","24.07","24.55","23.9","24.39","2342559"
"CIEN","20170112","24.57","24.57","23.76","24.12","1557778"
"CIEN","20170113","24.47","24.85","24.461","24.53","2291420"
"CIEN","20170117","24.25","24.28","23.53","23.72","1955374"
"CIEN","20170118","24.01","24.19","23.81","23.95","1560809"
"CIEN","20170119","24.41","24.59","24.005","24.06","2067316"
"CIEN","20170120","24.1","24.31","23.81","24.04","1125836"
"CIEN","20170123","23.92","24.11","23.62","23.94","1426407"
"CIEN","20170124","23.92","24.785","23.89","24.65","2146904"
"CIEN","20170125","24.89","25.32","24.85","25.18","3706427"
"CIEN","20170126","25.23","25.321","24.565","24.9","3124999"
"CIEN","20170127","24.66","25.01","24.505","24.61","1210679"
"CIEN","20170130","24.37","24.4","23.97","24.33","1263098"
"CIEN","20170131","24.07","24.38","23.93","24.34","1981560"
"CIEN","20170201","24.57","24.63","24","24.08","1342949"
"CIEN","20170202","24.08","24.57","23.75","24.46","2084915"
"CIEN","20170203","24.64","24.73","24.42","24.57","1187532"
"CIEN","20170206","24.39","24.4","24.075","24.12","1119517"
"CIEN","20170207","24.21","24.378","23.95","24.06","1487455"
"CIEN","20170208","24.03","24.22","23.66","24.22","1691849"
"CIEN","20170209","24.19","24.78","24.16","24.38","2528967"
"CIEN","20170210","24.83","25.06","24.62","24.98","2205140"
"CIEN","20170213","25.25","25.715","25.1","25.54","3182907"
"CIEN","20170214","25.47","25.785","25.33","25.63","1068887"
"CIEN","20170215","25.48","25.63","25.105","25.37","1881098"
"CIEN","20170216","25.69","25.8","25.35","25.45","2872799"
"CIEN","20170217","25.42","25.745","25.15","25.6","1687516"
"CIEN","20170221","25.81","26.04","25.65","25.9","2176484"
"CIEN","20170222","25.84","26","25.62","25.81","1778371"
"CIEN","20170223","25.89","25.93","25.16","25.69","1984783"
"CIEN","20170224","25.22","25.77","25.17","25.75","1125238"
"CIEN","20170227","25.89","26.49","25.64","26.29","4187587"
"CIEN","20170228","26.36","26.63","26.18","26.34","3215631"
"CIEN","20170301","26.78","26.84","26.14","26.4","1940218"
"CIEN","20170302","26.29","26.5893","26.11","26.39","2061886"
"CIEN","20170303","25.89","26.24","25.64","26.1","3386273"
"CIEN","20170306","25.96","26.12","25.61","25.8","2360692"
"CIEN","20170307","25.87","26.26","25.64","26.17","4010344"
"CIEN","20170308","24.86","25.14","23.52","23.97","14649519"
"CIEN","20170309","24.09","24.09","23.4101","23.69","7933473"
"CIEN","20170310","23.66","23.9","23.42","23.66","4838099"
"CIEN","20170313","23.66","23.72","23.085","23.27","4492265"
"CIEN","20170314","23.05","23.24","22.73","22.85","5316902"
"CIEN","20170315","22.87","23.81","22.85","23.74","5253264"
"CIEN","20170316","23.41","23.88","23.41","23.58","2787498"
"CIEN","20170317","23.76","23.85","23.53","23.78","3243305"
"CIEN","20170320","23.79","23.9","23.56","23.74","1845426"
"CIEN","20170321","23.93","24.38","23.52","23.53","2937300"
"CIEN","20170322","23.44","23.795","23.18","23.76","2077929"
"CIEN","20170323","23.62","23.87","23.4647","23.64","1358923"
"CIEN","20170324","23.49","23.79","23.455","23.61","1756353"
"CIEN","20170327","23.25","23.71","23.115","23.67","1831318"
"CIEN","20170328","23.6","23.79","23.49","23.51","1865135"
"CIEN","20170329","23.53","23.56","23.21","23.33","1746769"
"CIEN","20170330","23.37","23.815","23.34","23.73","1723798"
"CIEN","20170331","23.63","23.81","23.46","23.61","1765258"
"CIEN","20170403","23.6","23.805","22.94","23.07","2007623"
"CIEN","20170404","22.96","23.22","22.63","22.76","2346386"
"CIEN","20170405","22.9","22.91","21.86","22","3079694"
"CIEN","20170406","21.98","22.4","21.95","22.07","3139803"
"CIEN","20170407","22","22.26","21.93","21.96","2440261"
"CIEN","20170410","21.9","22.1002","21.72","21.93","3030931"
"CIEN","20170411","21.91","22.115","21.685","21.84","1743849"
"CIEN","20170412","21.86","21.885","21.43","21.6","1425982"
"CIEN","20170413","21.72","22.22","21.65","21.66","2686637"
"CIEN","20170417","21.66","21.915","21.55","21.84","1896744"
"CIEN","20170418","21.7","22.27","21.55","22.17","2979051"
"CIEN","20170419","22.36","22.36","21.67","21.71","4065189"
"CIEN","20170420","21.81","22.02","21.67","21.88","2157689"
"CIEN","20170421","21.77","22.13","21.74","21.77","1674096"
"CIEN","20170424","22.11","22.5","21.86","22.45","4151860"
"CIEN","20170425","22.6","23.225","22.57","23.08","3879286"
"CIEN","20170426","23.17","23.37","22.89","23.14","2480005"
"CIEN","20170427","23.25","23.44","23.11","23.15","1188542"
"CIEN","20170428","23.21","23.21","22.85","22.91","1851574"
"CIEN","20170501","22.96","23.02","22.78","22.91","1514494"
"CIEN","20170502","22.9","22.99","22.52","22.69","1579968"
"CIEN","20170503","22.58","22.89","22.47","22.67","2440685"
"CIEN","20170504","22.79","22.96","22.48","22.79","2422584"
"CIEN","20170505","23","23.07","22.74","23.06","1041050"
"CIEN","20170508","23.07","23.16","22.89","23.12","954025"
"CIEN","20170509","23.19","23.55","23.14","23.48","1467061"
"CIEN","20170510","23.37","23.74","23.3","23.64","2245607"
"CIEN","20170511","23.55","23.69","23.26","23.54","1044077"
"CIEN","20170512","23.52","23.76","23.18","23.64","1349791"
"CIEN","20170515","23.7","24.09","23.67","24.09","2096498"
"CIEN","20170516","24.19","24.25","23.91","24.22","2206539"
"CIEN","20170517","23.81","23.86","22.98","23.03","2888497"
"CIEN","20170518","22.75","22.925","22.3487","22.68","3231103"
"CIEN","20170519","22.79","23.095","22.66","22.95","1517990"
"CIEN","20170522","23.84","24.65","23.56","24.41","3991316"
"CIEN","20170523","24.5","24.63","24.26","24.35","2141978"
"CIEN","20170524","23.39","23.63","22.98","23.34","4346111"
"CIEN","20170525","23.43","23.51","23","23.29","2792485"
"CIEN","20170526","23.26","23.87","23.14","23.8","2565430"
"CIEN","20170530","23.8","23.9199","23.45","23.59","4278912"
"CIEN","20170531","23.71","23.91","23.15","23.47","6140929"
"CIEN","20170601","26.29","27.98","26.2005","27.2","18059152"
"CIEN","20170602","27","27.69","26.98","27.5","7428695"
"CIEN","20170605","27.42","27.5","26.66","26.8","5243423"
"CIEN","20170606","26.67","27.2915","26.52","26.57","5366121"
"CIEN","20170607","26.62","26.75","26.35","26.58","3184112"
"CIEN","20170608","26.6","26.7","26.25","26.25","4012564"
"CIEN","20170609","26.3","26.45","25.0851","25.37","5078802"
"CIEN","20170612","25.18","25.88","24.83","25.39","4747462"
"CIEN","20170613","25.6","25.99","25.52","25.76","2082705"
"CIEN","20170614","25.93","25.94","25.23","25.44","2094799"
"CIEN","20170615","25.04","25.68","25.01","25.6","1565218"
"CIEN","20170616","25.49","25.72","25.34","25.43","1923046"
"CIEN","20170619","25.54","25.92","25.5","25.92","1943764"
"CIEN","20170620","25.83","25.9","25.45","25.46","1353772"
"CIEN","20170621","25.29","25.64","25.18","25.52","1730130"
"CIEN","20170622","25.6","26.09","25.42","25.94","4554302"
"CIEN","20170623","25.99","26.53","25.75","26.42","3169184"
"CIEN","20170626","26.51","26.71","25.97","26.15","2046188"
"CIEN","20170627","26.1","26.21","25.77","25.77","2031020"
"CIEN","20170628","25.91","26.395","25.75","26.3","1723174"
"CIEN","20170629","26.04","26.36","25.13","25.41","4555186"
"CIEN","20170630","25.47","25.65","25.01","25.01","2377699"
"CIEN","20170703","25.26","25.405","25","25.19","923194"
"CIEN","20170705","25.19","25.28","24.8665","25.18","1287882"
"CIEN","20170706","24.87","25.29","24.65","24.94","1672254"
"CIEN","20170707","24.99","25.63","24.98","25.59","1801913"
"CIEN","20170710","25.73","26.04","25.6219","25.89","2072367"
"CIEN","20170711","25.87","25.995","25.71","25.9","1556444"
"CIEN","20170712","26.1","26.26","25.86","25.98","1818595"
"CIEN","20170713","26.2","26.28","25.78","25.8","1615751"
"CIEN","20170714","25.69","26","25.45","25.67","1819794"
"CIEN","20170717","25.7","25.72","25.26","25.36","1672305"
"CIEN","20170718","25.11","25.2118","24.7801","24.97","2426798"
"CIEN","20170719","25.11","25.71","25.1","25.58","1689739"
"CIEN","20170720","25.75","25.87","25.28","25.84","1813192"
"CIEN","20170721","25.86","26.11","25.71","26.1","1577500"
"CIEN","20170724","26.1","26.52","26","26.5","1386527"
"CIEN","20170725","26.6","26.81","26.38","26.79","1597819"
"CIEN","20170726","26.83","26.92","26","26.06","2013873"
"CIEN","20170727","26.24","26.36","25.31","25.61","2500301"
"CIEN","20170728","25.42","25.75","25.17","25.43","1662133"
"CIEN","20170731","25.54","25.85","25.47","25.75","2648884"
"CIEN","20170801","25.96","26.32","25.64","25.99","1714421"
"CIEN","20170802","26.07","26.07","25.64","25.81","2114317"
"CIEN","20170803","25.9","26.06","25.52","25.64","1745898"
"CIEN","20170804","25.55","25.65","24.78","24.85","2859930"
"CIEN","20170807","24.87","25.22","24.84","25.18","1432653"
"CIEN","20170808","25.15","25.62","25.08","25.41","2246412"
"CIEN","20170809","25.41","25.45","24.87","24.94","2920123"
"CIEN","20170810","24.68","24.81","23.98","23.99","3513929"
"CIEN","20170811","23.96","24.28","23.9","24.17","2393589"
"CIEN","20170814","24.38","24.7","24.3","24.68","1844431"
"CIEN","20170815","24.65","24.65","24.3","24.32","1238072"
"CIEN","20170816","24.36","24.49","24.061","24.12","1160781"
"CIEN","20170817","23.93","24.25","23.5","23.51","2140471"
"CIEN","20170818","23.32","23.6318","23.3031","23.37","1750987"
"CIEN","20170821","23.35","23.49","23.1","23.14","1764592"
"CIEN","20170822","23.27","23.47","23.14","23.47","1203572"
"CIEN","20170823","23.31","24.02","23.115","23.95","4128722"
"CIEN","20170824","24.24","24.36","23.6","23.71","3073349"
"CIEN","20170825","23.82","24.025","23.605","23.87","1545041"
"CIEN","20170828","24.08","24.14","23.61","23.74","1879638"
"CIEN","20170829","23.5","23.915","23.31","23.87","2092466"
"CIEN","20170830","24.54","24.78","24.115","24.27","7623164"
"CIEN","20170831","22.16","22.6699","21.35","21.61","23966776"
"CIEN","20170901","21.8","22.1","21.505","22.06","7422541"
"CIEN","20170905","21.89","22","21.54","21.7","5083661"
"CIEN","20170906","21.81","21.9","21.56","21.82","3553772"
"CIEN","20170907","21.78","21.92","21.42","21.65","3130192"
"CIEN","20170908","21.47","21.77","21.47","21.72","2646628"
"CIEN","20170911","21.94","22.1","21.6","21.64","2551643"
"CIEN","20170912","21.78","22.2","21.71","22.15","4196559"
"CIEN","20170913","21.98","22.2","21.76","21.96","3829204"
"CIEN","20170914","21.86","21.97","21.55","21.58","2792023"
"CIEN","20170915","21.6","21.98","21.57","21.95","2751928"
"CIEN","20170918","22","22.37","21.99","22.34","2848012"
"CIEN","20170919","22.41","22.425","22.01","22.08","1990938"
"CIEN","20170920","21.86","21.965","21.22","21.5","4669446"
"CIEN","20170921","21.2","21.65","21.01","21.38","3073603"
"CIEN","20170922","21.26","21.78","21.26","21.57","2017673"
"CIEN","20170925","21.4","21.49","20.86","21.11","3073012"
"CIEN","20170926","21.15","21.65","21.125","21.49","2927255"
"CIEN","20170927","21.71","22.35","21.654","22.14","3221606"
"CIEN","20170928","22.12","22.225","21.98","22.07","2387656"
"CIEN","20170929","22.05","22.24","21.85","21.97","2159535"
"CIEN","20171002","21.99","22.57","21.99","22.56","1972019"
"CIEN","20171003","22.59","22.63","22.16","22.26","2249328"
"CIEN","20171004","22.22","22.31","21.97","22.1","2258103"
"CIEN","20171005","22.17","22.345","22.08","22.22","1628632"
"CIEN","20171006","22.11","22.36","22.11","22.21","1509179"
"CIEN","20171009","22.22","22.37","21.78","22.04","1852290"
"CIEN","20171010","22.14","22.2","21.67","21.74","2005080"
"CIEN","20171011","21.65","21.885","21.51","21.6","2307051"
"CIEN","20171012","21.4","22.1","21.13","21.77","2597567"
"CIEN","20171013","21.72","21.89","21.58","21.87","1303773"
