"DKS","20150120","53.2","53.48","52.49","52.76","708204"
"DKS","20150121","52.75","54.06","52.574","53.96","718423"
"DKS","20150122","54.11","55.05","53.74","54.8","1008847"
"DKS","20150123","54.68","55.05","54.38","54.68","637509"
"DKS","20150126","54.59","55.77","54.496","55.65","703695"
"DKS","20150127","54.93","55.58","54.65","55.17","500679"
"DKS","20150128","55.4","55.49","54.79","54.85","697054"
"DKS","20150129","55.1","55.25","54.61","55.14","520007"
"DKS","20150130","52.48","52.81","50.83","51.64","3172737"
"DKS","20150202","51.81","52.89","51.65","52.74","1053010"
"DKS","20150203","52.99","53.34","52.34","52.91","1402797"
"DKS","20150204","52.75","53.83","52.65","53.33","1237403"
"DKS","20150205","53.78","54.34","53.51","53.73","667986"
"DKS","20150206","53.96","54.17","53.06","53.45","987519"
"DKS","20150209","53.34","53.57","52.19","52.25","1248373"
"DKS","20150210","52.25","53.25","52.25","52.93","884714"
"DKS","20150211","52.94","53.32","52.64","52.84","664686"
"DKS","20150212","52.67","53.62","52.11","53.44","693221"
"DKS","20150213","53.41","54.02","53.166","53.95","379686"
"DKS","20150217","53.8","54.17","53.42","53.69","781857"
"DKS","20150218","53.42","54.46","53.2924","54.33","687850"
"DKS","20150219","54.28","54.75","54.08","54.31","409602"
"DKS","20150220","54.18","55.03","54.18","54.88","548090"
"DKS","20150223","54.97","55.12","54.35","54.75","466415"
"DKS","20150224","54.81","55.09","54.11","54.78","982570"
"DKS","20150225","54.65","55.34","54.4","54.82","767663"
"DKS","20150226","54.93","55.44","54.69","54.86","1323385"
"DKS","20150227","54.37","54.58","53.41","54.09","1626431"
"DKS","20150302","54.3","55.52","54.21","55.42","1860897"
"DKS","20150303","56.86","57.45","54.49","55.99","3237903"
"DKS","20150304","55.44","56.37","55.28","55.98","2403245"
"DKS","20150305","56","56.47","55.75","56.3","1534611"
"DKS","20150306","56.23","56.85","56.05","56.44","1554647"
"DKS","20150309","56.51","56.99","56.44","56.74","1157059"
"DKS","20150310","56.24","56.67","56.1","56.42","828586"
"DKS","20150311","56.43","56.65","56.07","56.31","957065"
"DKS","20150312","56.23","57.39","56.22","57.22","698044"
"DKS","20150313","57.15","57.7178","56.521","56.88","667676"
"DKS","20150316","57.07","57.45","56.66","56.81","677178"
"DKS","20150317","56.88","57.86","56.88","57.76","881991"
"DKS","20150318","57.46","57.55","56.67","57.39","553212"
"DKS","20150319","57.22","57.64","57.04","57.35","421985"
"DKS","20150320","57.6","58.95","57.02","58.46","1858999"
"DKS","20150323","58.31","58.98","58.31","58.7","796395"
"DKS","20150324","58.58","58.71","58.11","58.51","585612"
"DKS","20150325","58.49","58.92","57.8","57.82","820569"
"DKS","20150326","57.8","57.8","56.747","57.08","423022"
"DKS","20150327","57.12","57.55","56.77","57.03","542962"
"DKS","20150330","57.28","58.18","57.14","57.93","565893"
"DKS","20150331","57.89","58.05","56.91","56.99","771008"
"DKS","20150401","56.79","57.34","56.44","56.78","954701"
"DKS","20150402","57.9","59.11","57.37","58.48","1435813"
"DKS","20150406","58.22","59.1","58.13","58.97","838360"
"DKS","20150407","58.98","60.33","58.49","58.56","1294172"
"DKS","20150408","58.46","59.275","58.31","58.72","741382"
"DKS","20150409","58.75","59.175","58.455","58.86","719236"
"DKS","20150410","59","59.1","58.465","58.65","491241"
"DKS","20150413","58.72","59.64","58.56","58.82","782088"
"DKS","20150414","59.44","59.6","57.26","57.62","1073802"
"DKS","20150415","57.94","58","56.59","56.77","1211104"
"DKS","20150416","56.78","56.99","56.05","56.11","1103984"
"DKS","20150417","55.92","55.99","54.8","55.28","1975834"
"DKS","20150420","55.67","56.82","55.46","56.49","1038623"
"DKS","20150421","56.8","57.19","56.28","56.53","981922"
"DKS","20150422","56.54","56.93","56.2","56.79","594197"
"DKS","20150423","56.96","57.43","56.4","56.84","884051"
"DKS","20150424","57.1","57.38","56.55","56.59","486315"
"DKS","20150427","56.84","57.04","56.26","56.28","882026"
"DKS","20150428","56.11","56.3","55.3704","55.79","598478"
"DKS","20150429","55.58","55.73","54.41","54.88","571118"
"DKS","20150430","54.7","55.3","53.92","54.27","734507"
"DKS","20150501","54.46","55.56","54.25","55.28","654496"
"DKS","20150504","55.37","55.75","55.235","55.41","598652"
"DKS","20150505","55.58","55.77","54.59","54.81","781338"
"DKS","20150506","54.93","55.1","54.19","54.34","831607"
"DKS","20150507","54.92","55.89","54.92","55.35","925542"
"DKS","20150508","55.91","56.5399","55.61","55.62","556682"
"DKS","20150511","55.54","56.32","55.446","55.99","546552"
"DKS","20150512","55.54","55.85","54.66","55.61","513182"
"DKS","20150513","56.2","56.94","55.52","55.94","807833"
"DKS","20150514","55.94","56.03","55.2","55.66","742989"
"DKS","20150515","55.73","56.32","55.63","55.99","821504"
"DKS","20150518","56.18","56.812","55.94","56.29","1559272"
"DKS","20150519","53.78","55.2","52.06","53.43","4625322"
"DKS","20150520","53.6","53.96","52.95","53.56","1586735"
"DKS","20150521","53.5","54.25","52.85","54.02","916467"
"DKS","20150522","53.94","54.37","53.655","54.19","787599"
"DKS","20150526","54.09","54.27","53.39","53.64","871356"
"DKS","20150527","53.87","54.24","53.65","53.74","813863"
"DKS","20150528","53.83","54.1","53.58","54.06","520658"
"DKS","20150529","54.04","54.18","53.53","53.71","486921"
"DKS","20150601","54.08","54.274","53.28","53.41","892023"
"DKS","20150602","53.3","53.94","53.28","53.38","685281"
"DKS","20150603","53.48","54.41","53.18","54","1044675"
"DKS","20150604","53.73","54.1799","53.63","54.14","810439"
"DKS","20150605","54.13","54.395","53.51","54.15","437398"
"DKS","20150608","54.29","54.48","53.82","54.05","661347"
"DKS","20150609","53.87","54.29","53.36","53.51","1041097"
"DKS","20150610","53.45","53.71","52.88","52.9","1620297"
"DKS","20150611","52.98","53.89","52.86","53.63","976089"
"DKS","20150612","53.58","53.98","53.135","53.95","771242"
"DKS","20150615","53.46","54.07","53.25","53.96","743977"
"DKS","20150616","53.97","54.15","53.3","53.37","676158"
"DKS","20150617","53.31","53.63","52.69","52.97","739849"
"DKS","20150618","53.05","53.75","53.05","53.21","1053179"
"DKS","20150619","53.24","53.75","52.83","52.84","961970"
"DKS","20150622","53.15","53.31","52.33","52.97","878155"
"DKS","20150623","53.13","53.28","52.43","52.5","853089"
"DKS","20150624","52.51","52.71","51.43","52.15","1076406"
"DKS","20150625","52.25","52.57","52.16","52.28","646829"
"DKS","20150626","52.4","53.325","52.3","52.92","674931"
"DKS","20150629","52.43","52.8","51.5","51.55","510545"
"DKS","20150630","51.87","52.17","51.5","51.77","893567"
"DKS","20150701","52.24","52.35","51.645","51.82","809176"
"DKS","20150702","51.99","51.99","51.18","51.21","781483"
"DKS","20150706","50.85","52.11","50.63","52.04","936672"
"DKS","20150707","52.15","52.42","51.22","52.09","1267247"
"DKS","20150708","52.22","52.68","51.38","51.57","1053496"
"DKS","20150709","51.99","51.99","49.93","50.39","1864466"
"DKS","20150710","50.77","51.32","50.66","51.19","727430"
"DKS","20150713","51.64","52.2","51.55","51.82","753934"
"DKS","20150714","51.89","52.29","51.68","51.8","836202"
"DKS","20150715","51.81","52.145","51.42","51.79","764333"
"DKS","20150716","51.95","52.54","51.68","52.4","1081627"
"DKS","20150717","52.32","52.32","51.42","51.47","1258044"
"DKS","20150720","51.43","52.02","50.765","50.84","1385488"
"DKS","20150721","50.87","51.2","50.43","50.46","1089878"
"DKS","20150722","50.28","51.27","50.2","51.23","664185"
"DKS","20150723","51.33","51.65","50.37","50.42","1014281"
"DKS","20150724","50.47","50.54","49.79","49.87","672148"
"DKS","20150727","49.49","49.9368","49","49.24","1153032"
"DKS","20150728","49.38","49.82","48.79","49.72","940971"
"DKS","20150729","49.67","50.56","49.646","50.47","837751"
"DKS","20150730","50.43","50.75","50.24","50.42","477133"
"DKS","20150731","50.52","51.09","50.15","50.95","609085"
"DKS","20150803","51.01","51.22","50.36","50.64","552249"
"DKS","20150804","50.79","52.24","50.34","51.55","1379043"
"DKS","20150805","51.77","52.4","51.65","52.02","906443"
"DKS","20150806","51.9","52.22","49.92","50","1519384"
"DKS","20150807","49.77","50.23","49.43","50.08","911523"
"DKS","20150810","50.35","51.74","50.35","51.41","1464819"
"DKS","20150811","50.65","51.9","50.64","50.93","1444129"
"DKS","20150812","50.51","51.01","49.65","50.81","1121965"
"DKS","20150813","50.31","51.02","49.61","50.44","1930301"
"DKS","20150814","50.49","51.06","50.14","50.4","1549030"
"DKS","20150817","50.4","51.25","50.04","50.7","3454726"
"DKS","20150818","52.93","53.83","51.41","52.61","4312495"
"DKS","20150819","52.7","53.49","52.02","53.41","1888332"
"DKS","20150820","52.79","52.9499","51.4868","51.55","1994989"
"DKS","20150821","50.88","51.35","49.4","49.44","1926460"
"DKS","20150824","45.34","48.72","44.94","47.09","2902397"
"DKS","20150825","48.25","48.6102","46.91","46.99","1711921"
"DKS","20150826","47.93","48.19","46.92","47.7","2427393"
"DKS","20150827","48.53","49.82","48.38","49.6","2055133"
"DKS","20150828","49.6","50.565","49.03","50.4","1730496"
"DKS","20150831","50.3","50.6","49.85","50.13","923683"
"DKS","20150901","49.28","50.2","49.17","49.3","1639003"
"DKS","20150902","49.74","50.23","49.3","50.18","825502"
"DKS","20150903","50.2","50.78","50.07","50.21","981209"
"DKS","20150904","49.74","50.33","49.58","49.95","605032"
"DKS","20150908","50.72","51.48","50.46","51.43","930659"
"DKS","20150909","51.4","51.84","50.34","50.42","1118447"
"DKS","20150910","50.33","50.99","49.98","50.23","1253037"
"DKS","20150911","50.03","50.94","49.65","50.82","707005"
"DKS","20150914","50.89","51.24","50.23","50.39","643006"
"DKS","20150915","50.47","51.05","50.05","50.81","793611"
"DKS","20150916","50.72","51.99","50.61","51.92","786285"
"DKS","20150917","51.83","52.22","51.12","51.35","957384"
"DKS","20150918","50.5","51.25","49.82","49.98","1298159"
"DKS","20150921","50.11","50.79","49.68","49.86","1028212"
"DKS","20150922","49.42","49.65","48.99","49.31","932731"
"DKS","20150923","49.28","49.59","48.81","49.29","871795"
"DKS","20150924","48.98","49.62","48.76","49.43","709553"
"DKS","20150925","49.93","50.14","49.1","49.2","699833"
"DKS","20150928","49","49.18","48.17","48.44","1146624"
"DKS","20150929","48.55","49.06","48.12","49","1759616"
"DKS","20150930","49.38","49.83","48.97","49.61","1216272"
"DKS","20151001","49.54","49.95","48.9","49.88","1624449"
"DKS","20151002","51.02","51.02","48.7","51.02","1378596"
"DKS","20151005","51.27","52.37","51.01","52.28","1107250"
"DKS","20151006","52.25","52.69","51.16","51.23","1098934"
"DKS","20151007","51.44","51.63","50.85","51.25","1264266"
"DKS","20151008","51.15","51.38","50.34","50.74","1294096"
"DKS","20151009","50.7","50.89","50.08","50.85","1071609"
"DKS","20151012","50.96","51","50.17","50.22","680783"
"DKS","20151013","50","50.39","49.02","49.28","1436611"
"DKS","20151014","49.29","49.4","46.77","47.08","2085498"
"DKS","20151015","47.28","47.85","46.13","46.75","4015825"
"DKS","20151016","47","47.85","46.6","47.8","2938903"
"DKS","20151019","47.99","48.1","47.32","47.7","429643"
"DKS","20151020","47.82","48.16","47.14","47.21","767774"
"DKS","20151021","47.44","47.54","45.98","46.05","1133603"
"DKS","20151022","46.53","46.53","43.16","43.55","1645331"
"DKS","20151023","44","44","41.83","42.02","1309799"
"DKS","20151026","42.365","44.4","42.24","44.17","2101803"
"DKS","20151027","43.95","44.29","42.61","43.22","1886010"
"DKS","20151028","43.5","44.75","43.31","44.64","1679452"
"DKS","20151029","44.62","44.8","43.15","43.93","1346517"
"DKS","20151030","44.25","44.67","43.89","44.55","1950969"
"DKS","20151102","43.91","44.6","43.15","44.52","1914034"
"DKS","20151103","44.69","45.39","44.69","44.89","1236747"
"DKS","20151104","44.87","45.0493","43.83","44.16","1296646"
"DKS","20151105","44.24","44.8499","43.84","44.2","1929914"
"DKS","20151106","44.15","44.42","43.77","44.13","1627447"
"DKS","20151109","44.11","44.375","43.4925","44.21","1713239"
"DKS","20151110","43.88","44.9","43.85","44.8","1954030"
"DKS","20151111","44.64","44.69","43.63","43.76","2637116"
"DKS","20151112","42.78","42.78","42.01","42.78","2192860"
"DKS","20151113","41.5","41.9","40.77","41.17","2910374"
"DKS","20151116","40.76","41.05","39.915","40.81","4072542"
"DKS","20151117","34.35","37.22","33.42","36.96","21445960"
"DKS","20151118","36.89","37.52","36.2401","37.15","7322289"
"DKS","20151119","37.17","38.06","37.03","37.61","4390807"
"DKS","20151120","38.12","39.02","37.36","38.98","4472580"
"DKS","20151123","39","39.625","38.9","39.31","6085703"
"DKS","20151124","39.16","39.87","39.01","39.84","3259126"
"DKS","20151125","39.8","40.01","39.38","39.45","1405466"
"DKS","20151127","39.7","39.86","39","39.55","899991"
"DKS","20151130","39.58","39.68","38.5999","39.03","2821881"
"DKS","20151201","39.37","39.67","39.01","39.14","1885857"
"DKS","20151202","38.78","39.58","38.73","38.95","1877000"
"DKS","20151203","39","39.35","37.735","38.05","2347375"
"DKS","20151204","38.06","38.83","37.81","38.48","1613850"
"DKS","20151207","38.48","38.48","37.3","37.59","1711320"
"DKS","20151208","37.29","38.32","37.21","38.31","2231750"
"DKS","20151209","37.81","38.75","37.44","37.61","1866536"
"DKS","20151210","37.54","38.18","37.18","37.8","1977185"
"DKS","20151211","37.38","37.46","36.73","37.04","1361034"
"DKS","20151214","37.06","37.4","36.3701","36.71","1234517"
"DKS","20151215","36.99","37.75","36.82","37.14","1348417"
"DKS","20151216","37.25","37.59","36.825","37.16","988291"
"DKS","20151217","37.26","37.4","36.09","36.19","1495338"
"DKS","20151218","35.94","36.515","35.64","35.65","2461691"
"DKS","20151221","35.8","36.06","35.4","35.67","1300101"
"DKS","20151222","35.82","36.45","35.42","36.3","966951"
"DKS","20151223","36.42","36.68","35.98","36.63","850637"
"DKS","20151224","36.61","36.92","36.305","36.91","1088004"
"DKS","20151228","36.75","36.86","35.02","35.18","1662109"
"DKS","20151229","35.5","36.2","35.45","35.59","1232865"
"DKS","20151230","35.53","35.96","35.08","35.21","1075494"
"DKS","20151231","35.02","35.55","34.88","35.35","1581370"
"DKS","20160104","34.69","35.25","34.17","34.99","2196648"
"DKS","20160105","35.22","35.9","34.88","35.8","2302640"
"DKS","20160106","35.42","35.74","34.33","34.62","2498264"
"DKS","20160107","33.64","36.005","33.51","35.83","3688404"
"DKS","20160108","35.81","36","34.33","34.49","2892945"
"DKS","20160111","34.72","34.72","33.95","34.42","3176544"
"DKS","20160112","34.93","35.62","34.73","35.33","1814554"
"DKS","20160113","35.32","35.3997","34.19","34.24","1832227"
"DKS","20160114","34.25","34.86","33.7201","34.32","1550976"
"DKS","20160115","33.44","34.46","33.44","34.24","2099286"
"DKS","20160119","34.51","34.68","33.7","34.36","2299064"
"DKS","20160120","34.1","36.51","33.79","36.13","3392113"
"DKS","20160121","36.45","38.41","36.09","36.93","4443721"
"DKS","20160122","37.34","37.53","36.65","36.97","2123451"
"DKS","20160125","36.88","37.41","36","36.13","1464964"
"DKS","20160126","36.28","38.12","36.08","38.11","2514996"
"DKS","20160127","37.89","38.23","37.57","38.07","2347534"
"DKS","20160128","38.36","38.75","37.6","37.77","1915610"
"DKS","20160129","37.97","39.24","37.71","39.08","1764512"
"DKS","20160201","38.51","39.4","38.25","38.93","1126318"
"DKS","20160202","39.03","39.47","38.64","38.97","1651764"
"DKS","20160203","39.02","39.21","37.82","38.86","1862446"
"DKS","20160204","38.47","39.15","37.5","38.98","2665706"
"DKS","20160205","38.82","38.97","37.96","38.37","1383065"
"DKS","20160208","37.92","38.09","37.19","37.97","1012315"
"DKS","20160209","37.71","38.54","37.22","37.88","1042816"
"DKS","20160210","37.9","38.43","37.18","37.42","1443694"
"DKS","20160211","36.9","37.22","36.22","36.57","1142497"
"DKS","20160212","36.77","37.51","36.06","37.43","1875316"
"DKS","20160216","38.09","39.4","37.61","39.04","1393284"
"DKS","20160217","39.38","40.06","39.38","39.82","981743"
"DKS","20160218","39.74","39.74","38.82","39.45","985070"
"DKS","20160219","39.36","39.42","37.94","38.5","1479006"
"DKS","20160222","38.8","39.52","38.51","39.32","858200"
"DKS","20160223","39.46","41.1","39.36","40.43","2279155"
"DKS","20160224","40.5","42.23","40","42.02","2629440"
"DKS","20160225","42.1","42.92","41.28","42.82","1461700"
"DKS","20160226","42.97","43.005","41.94","42.87","1653606"
"DKS","20160229","42.86","43.42","42.45","42.47","1674190"
"DKS","20160301","42.75","43.32","41.8","43.25","2635515"
"DKS","20160302","43.25","43.39","41.84","43.33","2059845"
"DKS","20160303","42.97","43.7","42.55","43.49","1944155"
"DKS","20160304","43.3","44.35","43.1","43.72","1574503"
"DKS","20160307","43.57","44.38","43.48","44.34","2246228"
"DKS","20160308","42.27","45.58","41.85","44.56","7055533"
"DKS","20160309","44.83","46.14","44.57","45.5","3428579"
"DKS","20160310","45.55","46.16","44.9","45.47","2089062"
"DKS","20160311","45.66","46.45","45.66","46.44","2385880"
"DKS","20160314","46.3","46.75","46.07","46.71","1340124"
"DKS","20160315","46.2","46.58","45.17","45.36","2053822"
"DKS","20160316","45.02","45.6","44.76","45.48","1358153"
"DKS","20160317","45.42","46.91","45.34","46.69","1291269"
"DKS","20160318","47","47.8299","46.79","47.74","2470078"
"DKS","20160321","47.56","48.06","47.31","47.39","1205978"
"DKS","20160322","47.48","47.79","46.86","47.22","1318464"
"DKS","20160323","46.78","47.21","46.225","46.63","1319352"
"DKS","20160324","46.56","47.06","46.47","46.71","932795"
"DKS","20160328","46.94","47.53","46.86","47.11","966982"
"DKS","20160329","47.04","47.49","46.81","47.22","1914526"
"DKS","20160330","47.28","47.47","46.47","46.99","1630240"
"DKS","20160331","47.08","47.28","46.345","46.75","1966674"
"DKS","20160401","46.7","47.25","46.25","47.09","1146532"
"DKS","20160404","46.99","47.44","45.59","46.12","959165"
"DKS","20160405","45.96","46.06","45.03","45.49","1950935"
"DKS","20160406","45.7","46.18","45.33","45.87","1164912"
"DKS","20160407","45.5","45.8","44.53","44.98","1546984"
"DKS","20160408","45.07","45.49","44.22","44.64","1066419"
"DKS","20160411","44.57","45.01","43.91","43.95","944626"
"DKS","20160412","43.95","44.62","43.38","44.39","1544385"
"DKS","20160413","44.49","45.26","44.31","44.96","945335"
"DKS","20160414","44.93","45.36","44.57","45.08","1011724"
"DKS","20160415","44.91","46.4997","44.87","46.26","1638572"
"DKS","20160418","46.16","47.17","46.075","46.9","1404938"
"DKS","20160419","46.91","47.47","46.57","47.03","1004512"
"DKS","20160420","47.14","47.14","46.11","46.26","752076"
"DKS","20160421","46.64","46.91","45.72","46.08","782870"
"DKS","20160422","46.11","46.26","45.63","46.12","1080004"
"DKS","20160425","45.99","45.99","45.47","45.72","630490"
"DKS","20160426","45.68","47.015","45.58","46.99","1045423"
"DKS","20160427","46.84","47.52","46.66","47.39","834251"
"DKS","20160428","47","47.29","46.52","46.66","611199"
"DKS","20160429","46.87","46.95","45.6799","46.34","1046643"
"DKS","20160502","46.9","48.56","46.79","47.89","1573043"
"DKS","20160503","47.81","47.84","46.95","47.18","1142503"
"DKS","20160504","46.97","47.28","46.5","46.59","1130804"
"DKS","20160505","45.5","45.84","44.5","44.87","2203219"
"DKS","20160506","44.76","45.11","44.13","44.86","688742"
"DKS","20160509","44.91","45.82","44.55","45.49","681179"
"DKS","20160510","45.49","45.82","45.07","45.38","1031890"
"DKS","20160511","44.73","44.73","41.87","41.96","4374069"
"DKS","20160512","41.82","42.37","41.59","42.06","3309854"
"DKS","20160513","41.86","42.38","40.47","40.7","5006091"
"DKS","20160516","39.92","40.3","39.54","39.91","4646628"
"DKS","20160517","40.05","40.46","39.31","39.53","2891138"
"DKS","20160518","39","39.12","37.96","38.1","4433524"
"DKS","20160519","41","42.23","40.19","41.36","7826068"
"DKS","20160520","42.42","43.55","41.75","43.48","5544127"
"DKS","20160523","43.35","43.45","42.05","42.07","2035106"
"DKS","20160524","42.34","43.1","41.93","42.61","1647304"
"DKS","20160525","42.62","43.4","42.615","43.29","1144027"
"DKS","20160526","43.51","43.75","42.68","42.71","1410611"
"DKS","20160527","42.72","43.29","42.555","43.09","921390"
"DKS","20160531","43.15","43.32","42.575","42.9","1432334"
"DKS","20160601","42.64","43.08","42.5","43.02","833106"
"DKS","20160602","42.85","43.42","42.75","43.24","880035"
"DKS","20160603","43.24","43.37","42.55","43.11","720390"
"DKS","20160606","43.11","43.54","42.015","42.35","1667967"
"DKS","20160607","42.43","43.09","42.2","42.88","734132"
"DKS","20160608","42.76","43.06","42.74","42.91","600898"
"DKS","20160609","42.72","43.03","42.18","42.43","659903"
"DKS","20160610","41.82","42.02","41.26","41.82","636325"
"DKS","20160613","41.81","41.95","40.365","40.47","1805906"
"DKS","20160614","40.46","40.75","39.91","40.31","1236356"
"DKS","20160615","40.36","41.79","40.36","40.83","1292229"
"DKS","20160616","40.73","40.88","40.33","40.48","575934"
"DKS","20160617","40.32","41.24","40.25","40.71","895047"
"DKS","20160620","41.31","41.64","40.8","40.89","965346"
"DKS","20160621","41.03","41.3","40.77","40.87","1359864"
"DKS","20160622","40.95","41.28","40.47","40.49","655076"
"DKS","20160623","40.85","41.1","40.08","40.79","753738"
"DKS","20160624","40.27","41.58","40","41.29","1409776"
"DKS","20160627","40.97","41.01","39.54","40.07","1441303"
"DKS","20160628","41.1","42.1","40.8","41.51","3355262"
"DKS","20160629","42.2","43.47","42.2","43.29","1615187"
"DKS","20160630","43.29","45.91","42.85","45.06","3811352"
"DKS","20160701","45.23","46.33","45.22","46.09","2766974"
"DKS","20160705","45.91","46.5235","45.63","46.4","1875768"
"DKS","20160706","46.24","47.42","46.13","47.37","2609071"
"DKS","20160707","47.33","47.765","46.71","46.87","1664130"
"DKS","20160708","47.44","48.61","47.44","48.5","1709660"
"DKS","20160711","48.39","48.8","48.22","48.47","1704415"
"DKS","20160712","48.68","48.98","48.55","48.75","1830761"
"DKS","20160713","48.9","49.12","48.43","48.68","1326232"
"DKS","20160714","49.65","50.64","49.56","49.97","4025247"
"DKS","20160715","50.16","50.42","49.33","49.34","1247541"
"DKS","20160718","49.55","50.74","49.55","50.15","1902328"
"DKS","20160719","50.08","50.23","49.54","49.83","1095836"
"DKS","20160720","50.04","50.32","49.79","50.1","921066"
"DKS","20160721","50.11","50.33","49.68","49.8","856766"
"DKS","20160722","49.51","50.59","49.5","50.37","917809"
"DKS","20160725","50.29","50.87","50.19","50.46","1116503"
"DKS","20160726","50.17","51.12","50.07","50.69","1087763"
"DKS","20160727","50.73","50.98","49.95","50.19","1073906"
"DKS","20160728","50.24","51.03","49.76","50.75","1660679"
"DKS","20160729","50.71","51.42","50.34","51.29","1300282"
"DKS","20160801","51.25","51.5","50.655","50.85","1359821"
"DKS","20160802","51.11","51.12","49.93","50.36","996618"
"DKS","20160803","50.86","52.3","50.68","51.42","2401367"
"DKS","20160804","51.41","51.95","50.96","51.83","2222891"
"DKS","20160805","52.9","54.1","52.72","53.5","2523983"
"DKS","20160808","53.75","54.14","53.31","53.72","1149087"
"DKS","20160809","53.64","53.96","53.36","53.6","1160502"
"DKS","20160810","54.17","54.74","53.49","53.7","2012438"
"DKS","20160811","54.05","55","53.76","54.6","1737410"
"DKS","20160812","52.4","55.56","52.32","54.73","3506585"
"DKS","20160815","54.75","55.48","54.73","54.89","3015068"
"DKS","20160816","59.19","60.4","58.03","58.76","10996079"
"DKS","20160817","58.11","58.9524","57.61","57.63","3386749"
"DKS","20160818","58.4","58.43","57.17","58.4","2409877"
"DKS","20160819","58.33","59.1","57.8","58.84","2058721"
"DKS","20160822","59.03","59.19","58.28","58.88","1571163"
"DKS","20160823","59.22","59.28","58.72","58.85","1201374"
"DKS","20160824","58.9","58.99","58.46","58.6","1392722"
"DKS","20160825","58.6","58.93","58.45","58.72","1104703"
"DKS","20160826","58.7","58.97","58.4","58.63","1122483"
"DKS","20160829","58.73","59.56","58.59","59.11","943186"
"DKS","20160830","58.93","58.96","58.54","58.8","705039"
"DKS","20160831","59","59.1","58.07","58.6","1203862"
"DKS","20160901","58.7","58.8799","58.1","58.79","1044347"
"DKS","20160902","58.82","59.41","58.27","59.03","848564"
"DKS","20160906","59.05","59.5633","58.8","59.52","1231223"
"DKS","20160907","59.17","59.355","58.59","59.02","2086115"
"DKS","20160908","58.79","59.98","58.6","59.65","1700304"
"DKS","20160909","59.2","59.69","58.94","58.94","1457052"
"DKS","20160912","58.67","60.17","58.36","59.99","1420031"
"DKS","20160913","59.59","59.94","58.16","58.2","2556981"
"DKS","20160914","58.45","59.05","58.18","58.65","1261944"
"DKS","20160915","59.73","60.55","59.17","60.36","1975957"
"DKS","20160916","60.26","60.87","60.136","60.44","1530368"
"DKS","20160919","60.59","61.61","60.56","60.83","1483985"
"DKS","20160920","61.07","61.235","60.56","60.8","892141"
"DKS","20160921","60.74","61.61","60.6816","61.52","1095000"
"DKS","20160922","61.6","61.94","61.055","61.59","1182948"
"DKS","20160923","61.27","61.71","60.51","60.52","1560518"
"DKS","20160926","60.45","60.47","59.595","60.01","1733876"
"DKS","20160927","59.95","60.48","59.78","60.42","1506927"
"DKS","20160928","60.49","61","58.91","59.13","1402257"
"DKS","20160929","57.99","58","56.5","56.57","4067874"
"DKS","20160930","57.63","57.7","56.12","56.72","2824082"
"DKS","20161003","56.85","57.09","55.85","55.93","1619615"
"DKS","20161004","56.34","56.615","55.64","56.02","1267959"
"DKS","20161005","56.36","57.15","56.27","56.71","1425578"
"DKS","20161006","56.63","58.19","55.76","58.12","2237768"
"DKS","20161007","58.16","58.41","57.44","57.71","1462565"
"DKS","20161010","58.09","58.63","57.075","57.63","1214860"
"DKS","20161011","57.01","57.49","56.74","57.06","954737"
"DKS","20161012","57.3","57.36","56.83","56.84","770110"
"DKS","20161013","56.6","56.76","55.36","55.92","1208353"
"DKS","20161014","56.31","56.9","56.1","56.46","1218384"
"DKS","20161017","56.35","56.557","55.69","55.72","749717"
"DKS","20161018","55.97","56.18","55.55","55.8","706119"
"DKS","20161019","56","57.17","55.68","57.07","790959"
"DKS","20161020","57.27","57.28","56.63","56.71","705829"
"DKS","20161021","56.39","56.89","56.23","56.78","1119736"
"DKS","20161024","58.35","58.35","57.56","57.81","1148019"
"DKS","20161025","56.3","57.29","55.04","55.07","2282628"
"DKS","20161026","55.02","55.6211","54.69","55.24","1387792"
"DKS","20161027","55.18","55.265","54.35","54.76","1125209"
"DKS","20161028","54.55","56.07","54.5101","55.4","1618282"
"DKS","20161031","55.67","55.835","55.18","55.65","1283065"
"DKS","20161101","55.12","55.485","54.625","54.67","1788465"
"DKS","20161102","54.71","57","54.71","56.42","2368902"
"DKS","20161103","56.76","57.17","56.19","56.31","1594072"
"DKS","20161104","56.68","57.34","55.76","56.72","1462948"
"DKS","20161107","57.72","58.38","57.505","58.31","1831261"
"DKS","20161108","58.14","58.235","57.28","57.8","1295446"
"DKS","20161109","56.99","58.8825","56.751","58.51","1737749"
"DKS","20161110","59.24","60.56","58.56","59.3","2117456"
"DKS","20161111","59.4","59.91","58.18","59.44","1718558"
"DKS","20161114","61.04","62.88","60","60.89","5514759"
"DKS","20161115","57.14","57.53","54.26","56.71","9411274"
"DKS","20161116","57.08","58.9","56.45","57.8","4810289"
"DKS","20161117","58","58.795","57.37","58.78","2333963"
"DKS","20161118","58.45","59.25","57.58","58.02","1960267"
"DKS","20161121","58.14","59.44","58.14","58.88","1787017"
"DKS","20161122","58.85","60.18","58.52","60.11","1249728"
"DKS","20161123","59.75","60.47","59.61","59.91","1350785"
"DKS","20161124","59.91","59.91","59.91","59.91","0"
"DKS","20161125","60.35","60.37","59.95","60.23","358268"
"DKS","20161128","60.05","60.37","59.19","59.23","1396577"
"DKS","20161129","59.61","60.82","59.61","60.18","1230055"
"DKS","20161130","59.87","60.275","59.01","59.09","1251849"
"DKS","20161201","58.99","60.11","58.41","59.12","1388225"
"DKS","20161202","59.03","59.5502","58.55","58.86","1375294"
"DKS","20161205","59.31","61.33","59.22","61.11","1472480"
"DKS","20161206","61.12","61.28","60.19","61.16","1033041"
"DKS","20161207","60.84","62.27","60.3829","62.25","1117571"
"DKS","20161208","62.15","62.8","61.101","61.43","1173529"
"DKS","20161209","61.59","61.89","60.26","60.28","1305594"
"DKS","20161212","59.73","59.7999","57.58","58.25","1973745"
"DKS","20161213","58.5","59","58.14","58.45","1436358"
"DKS","20161214","58.35","58.65","57.77","57.87","1426103"
"DKS","20161215","58","58.92","57.6","58.18","1345161"
"DKS","20161216","58.4","59.63","56.895","56.96","2017828"
"DKS","20161219","57.22","57.86","56.91","57.36","957172"
"DKS","20161220","57.82","58.29","57.671","57.93","931919"
"DKS","20161221","56.9","57.49","56.105","57.31","1583558"
"DKS","20161222","57.32","57.7","52.62","52.85","4120732"
"DKS","20161223","52.76","53.92","52.01","52.3","2206425"
"DKS","20161227","52.46","53.35","52.25","53.11","1363615"
"DKS","20161228","53.17","53.62","52.18","52.29","1043929"
"DKS","20161229","52.3","53.01","52.11","52.38","1192608"
"DKS","20161230","52.5","53.41","52.4","53.1","2279059"
"DKS","20170103","53.47","54.56","53.22","54","2182013"
"DKS","20170104","54.44","56.25","54.44","55.18","2155756"
"DKS","20170105","53.07","54.505","52.55","54.44","2414717"
"DKS","20170106","54.53","56.03","54.04","55.33","1912149"
"DKS","20170109","55.13","55.31","53.505","53.82","1855754"
"DKS","20170110","53.94","54.82","53.91","54.62","935016"
"DKS","20170111","54.64","54.77","53.535","54.1","1587465"
"DKS","20170112","54.01","54.26","53.22","53.66","1389016"
"DKS","20170113","53.75","54.02","52.58","52.62","1510544"
"DKS","20170117","53.25","54.74","52.62","52.9","1982843"
"DKS","20170118","52.64","52.796","51.29","51.97","1745682"
"DKS","20170119","51.93","52.2199","50.452","50.87","2428283"
"DKS","20170120","50.94","52.77","50.9101","52.41","2539379"
"DKS","20170123","52.05","52.16","51","51.64","1441553"
"DKS","20170124","51.85","52.165","51.41","51.79","1560152"
"DKS","20170125","52.42","53.665","52.35","53.58","2399172"
"DKS","20170126","53.46","54.03","52.35","52.36","2021467"
"DKS","20170127","52.63","52.83","51.11","51.31","1812522"
"DKS","20170130","52.36","52.73","50.961","52.17","2457408"
"DKS","20170131","49.91","51.78","49.33","51.6","4005089"
"DKS","20170201","51.68","52.209","50.28","51.2","1498639"
"DKS","20170202","51.01","51.41","50.62","50.71","1163013"
"DKS","20170203","51.12","52.28","51.079","51.72","2146387"
"DKS","20170206","51.35","52.61","51.3431","52.14","1774909"
"DKS","20170207","52.27","52.38","50.98","51.17","1492861"
"DKS","20170208","51.15","52.27","50.58","52.15","1560790"
"DKS","20170209","52.17","53.67","52.04","53.17","1809007"
"DKS","20170210","53.33","53.75","52.13","52.7","1209240"
"DKS","20170213","52.9","53.17","52.19","52.42","1628573"
"DKS","20170214","50.81","52.4125","50.525","51.75","2238692"
"DKS","20170215","51.52","52","49.51","49.87","3833507"
"DKS","20170216","49.84","49.9","48.12","48.5","4160701"
"DKS","20170217","48.43","50.195","48.25","49.79","2552382"
"DKS","20170221","48.97","50.5","48.97","50.33","2372893"
"DKS","20170222","50.32","50.45","48.97","49.26","1476579"
"DKS","20170223","49.28","49.57","48.13","48.27","1880262"
"DKS","20170224","48.13","50","48.06","49.24","2016220"
"DKS","20170227","48.86","49.68","48.75","49.52","1522748"
"DKS","20170228","49.12","49.75","48.64","48.95","2082428"
"DKS","20170301","49.81","50.98","49.71","50.85","3323451"
"DKS","20170302","50.82","51.5","50.525","51.04","2656700"
"DKS","20170303","51.4","52.67","51.12","52.34","3322782"
"DKS","20170306","52.28","52.89","51.29","52.61","4656209"
"DKS","20170307","51.125","51.25","47.5","48.08","22964204"
"DKS","20170308","48.42","49.66","48.42","49","6450440"
"DKS","20170309","48.93","49.36","48.26","48.35","2767424"
"DKS","20170310","48.76","48.99","48.13","48.84","2599267"
"DKS","20170313","48.84","49.16","46.94","47.29","4628435"
"DKS","20170314","47.66","47.97","46.86","47.83","2715011"
"DKS","20170315","47.88","48.66","47.25","48.29","1781138"
"DKS","20170316","48.25","48.29","47.55","48.2","2053915"
"DKS","20170317","48.26","48.6727","47.73","48.35","1822869"
"DKS","20170320","48.49","48.67","47.59","47.96","1585862"
"DKS","20170321","47.98","48.01","46.61","47.31","2651037"
"DKS","20170322","47.17","47.68","46.48","47.61","1821644"
"DKS","20170323","47.72","48","47.14","47.39","2079358"
"DKS","20170324","47.21","47.44","46.76","46.99","1863559"
"DKS","20170327","46.64","47.11","46.3","46.34","2454393"
"DKS","20170328","46.39","46.99","46","46.86","2099501"
"DKS","20170329","47","48.89","47","48.76","3001082"
"DKS","20170330","48.72","49.34","48.56","49.12","2531392"
"DKS","20170331","49.05","49.32","48.57","48.66","1328979"
"DKS","20170403","48.83","49.16","48.41","49.07","1887533"
"DKS","20170404","48.98","49.47","48.43","48.84","2720056"
"DKS","20170405","49","49.04","48.07","48.09","1840796"
"DKS","20170406","48.48","49.97","48.43","49.69","2697106"
"DKS","20170407","49.59","50.29","49.52","49.97","1749520"
"DKS","20170410","49.91","50.96","49.91","50.42","1953160"
"DKS","20170411","50.33","50.75","49.93","50.52","1347567"
"DKS","20170412","50.9","50.95","50.14","50.23","1426245"
"DKS","20170413","50.04","50.35","49.53","49.66","1207675"
"DKS","20170417","49.73","50.37","49.56","50.27","1125468"
"DKS","20170418","50.28","50.51","49.89","50.04","941827"
"DKS","20170419","50.15","50.73","50.15","50.55","1332612"
"DKS","20170420","50.65","51.91","50.65","51.84","1992317"
"DKS","20170421","51.62","51.73","51.15","51.58","1257553"
"DKS","20170424","52.26","52.31","51.275","51.35","1798272"
"DKS","20170425","51.61","51.61","50.17","50.23","1732194"
"DKS","20170426","50.53","51.22","50.23","51","1816656"
"DKS","20170427","51.19","51.37","50.671","51.01","1139008"
"DKS","20170428","50.89","51.07","50.06","50.55","1679457"
"DKS","20170501","51.05","51.05","50.37","50.47","1358722"
"DKS","20170502","50.44","51.5","50.34","51.13","1520784"
"DKS","20170503","51.42","52.13","50.62","50.84","2109357"
"DKS","20170504","50.89","51.08","50.38","50.76","1152876"
"DKS","20170505","51.05","51.57","50.8","51.1","1888201"
"DKS","20170508","51.22","51.22","50.645","50.69","878662"
"DKS","20170509","50.78","51.9","50.6547","51.68","1414141"
"DKS","20170510","51.49","51.94","51.23","51.25","969996"
"DKS","20170511","50.51","51","49.62","50.19","2018490"
"DKS","20170512","47.52","48.11","45.88","48.06","7460106"
"DKS","20170515","48.23","48.24","47.37","47.57","3560464"
"DKS","20170516","42.05","43.2","40.25","41.04","21328741"
"DKS","20170517","40.91","42.25","40.8","41.75","8450571"
"DKS","20170518","41.66","42.15","41.2","41.39","4350809"
"DKS","20170519","41.19","41.19","40.385","40.8","4376886"
"DKS","20170522","40.74","41.1119","40.69","40.98","2536967"
"DKS","20170523","41.02","41.595","41","41.43","2987834"
"DKS","20170524","41.44","41.84","41.27","41.5","1836274"
"DKS","20170525","41.94","42.76","41.58","41.99","2015951"
"DKS","20170526","42.01","42.29","41.67","42.05","1790513"
"DKS","20170530","41.96","42.38","41.94","42.13","1796582"
"DKS","20170531","42.22","42.22","40.855","41.13","1836850"
"DKS","20170601","41.34","41.87","41.14","41.5","1538989"
"DKS","20170602","41.38","41.77","40.71","41.01","1331602"
"DKS","20170605","41.24","41.4794","40.23","40.43","1384520"
"DKS","20170606","40.13","40.16","38.74","39.19","3434444"
"DKS","20170607","39.25","39.33","38.3","39.01","2723291"
"DKS","20170608","39.23","39.83","38.55","38.59","2053315"
"DKS","20170609","38.62","40.28","38.62","40.02","2176863"
"DKS","20170612","40.15","41.71","40.15","40.88","2654058"
"DKS","20170613","40.65","41.11","39.98","40.59","1217806"
"DKS","20170614","40.65","40.91","40.1","40.61","821133"
"DKS","20170615","40.99","41.61","40.4841","40.68","1652576"
"DKS","20170616","40.54","40.54","39.27","39.99","1763531"
"DKS","20170619","40","40.31","39.25","40.26","1125519"
"DKS","20170620","40.21","40.21","39.46","39.57","965841"
"DKS","20170621","37.23","38.3864","35.87","38.05","5219575"
"DKS","20170622","38.09","39.14","38.02","38.59","1840645"
"DKS","20170623","38.5","39.16","38.02","39.06","1650305"
"DKS","20170626","39.14","39.65","38.9","39.44","772204"
"DKS","20170627","39.65","40.46","39.57","39.9","1359946"
"DKS","20170628","40.16","40.7","40","40.16","1439555"
"DKS","20170629","40.17","40.27","38.76","39.25","2335654"
"DKS","20170630","39.51","40.03","39.28","39.83","1048950"
"DKS","20170703","40.07","40.64","40.07","40.19","426277"
"DKS","20170705","40.21","40.7699","40.16","40.49","1039173"
"DKS","20170706","40.37","40.42","39.46","39.64","1245567"
"DKS","20170707","39.73","39.99","39.44","39.88","825470"
"DKS","20170710","38.3","39.35","36.96","37.02","3112395"
"DKS","20170711","37.14","37.53","36.71","36.95","1664649"
"DKS","20170712","37.15","37.3","36.26","36.29","2406348"
"DKS","20170713","36.68","37.915","36.64","37.78","2867708"
"DKS","20170714","37.94","38.06","36.93","37.12","1222995"
"DKS","20170717","37.46","38.37","37.45","37.92","1197686"
"DKS","20170718","37.9","37.9","36.88","36.99","1172715"
"DKS","20170719","37.05","37.44","36.78","37.25","930217"
"DKS","20170720","37.25","37.785","36.77","37.23","1289402"
"DKS","20170721","37.43","37.43","36.81","37.16","861801"
"DKS","20170724","34.95","36.47","34.551","35.12","5173506"
"DKS","20170725","35.06","36.35","35.0199","35.8","2636532"
"DKS","20170726","35.7","36.54","35.1","36.21","1790803"
"DKS","20170727","36.29","37.06","35.88","36.72","2574665"
"DKS","20170728","36.74","37.05","36.41","36.67","1257183"
"DKS","20170731","36.74","37.57","36.51","37.34","1898721"
"DKS","20170801","37.07","37.08","35.87","36.66","2431038"
"DKS","20170802","36.44","37.22","36.32","36.66","1875892"
"DKS","20170803","36.55","37.89","36.55","37.26","1587032"
"DKS","20170804","37.31","38.35","37.19","37.97","2248971"
"DKS","20170807","37.84","37.86","37","37.35","972589"
"DKS","20170808","37.74","38.3","36.92","37.05","1615989"
"DKS","20170809","36.91","37.48","36.91","36.91","1576271"
"DKS","20170810","35.62","36.4","33.49","33.81","4885885"
"DKS","20170811","33.63","34.31","33.32","34","3384184"
"DKS","20170814","34.15","35.03","33.86","34.91","3543964"
"DKS","20170815","28.66","29.55","26.86","26.87","28097307"
"DKS","20170816","26.42","27.94","26.32","27.7","13295126"
"DKS","20170817","27.61","28.37","27.41","27.74","5799528"
"DKS","20170818","27.33","27.49","26.6548","26.99","6349492"
"DKS","20170821","26.99","26.99","26.36","26.46","3392439"
"DKS","20170822","26.7","26.71","25.94","26.27","3640408"
"DKS","20170823","26.27","26.79","26.1","26.53","2625040"
"DKS","20170824","26.91","27.41","26.125","26.23","2398376"
"DKS","20170825","26.56","27.08","26.296","26.94","3235504"
"DKS","20170828","27.01","27.045","26.56","26.96","1687624"
"DKS","20170829","26.5","26.8","26.229","26.52","2320066"
"DKS","20170830","26.5","26.5","26","26.2","3406298"
"DKS","20170831","26.26","26.65","26.2","26.36","2303652"
"DKS","20170901","26.44","26.97","26.4375","26.72","1575108"
"DKS","20170905","26.7","26.95","26.21","26.6","1458879"
"DKS","20170906","26.65","27.4","26.61","27.3","1870486"
"DKS","20170907","27.26","27.44","26.66","26.91","1264671"
"DKS","20170908","26.93","27.12","26.58","26.87","1423844"
"DKS","20170911","26.91","27.16","26.7","27.1","1395526"
"DKS","20170912","27.2","28.11","26.92","27.73","1796360"
"DKS","20170913","27.76","28.49","27.75","28.17","1815275"
"DKS","20170914","28.17","28.18","27.2","27.32","1921476"
"DKS","20170915","27.25","28.09","27.15","27.74","2848079"
"DKS","20170918","27.8","27.88","27.16","27.35","1663281"
"DKS","20170919","27.31","27.58","26.69","26.8","1599775"
"DKS","20170920","26.73","26.94","26.17","26.54","2140847"
"DKS","20170921","26.72","26.93","26.15","26.23","1693454"
"DKS","20170922","26.25","26.92","26.07","26.87","1390942"
"DKS","20170925","26.85","27.6","26.65","27.52","1739782"
"DKS","20170926","27.6","27.68","27.27","27.61","1336111"
"DKS","20170927","27.56","27.69","27","27.44","2186997"
"DKS","20170928","27.47","27.72","26.97","27.43","2242368"
"DKS","20170929","27.35","27.74","26.89","27.01","2319700"
"DKS","20171002","27.01","27.6","26.72","27.49","2028143"
"DKS","20171003","27.51","27.88","27.2","27.87","1591976"
"DKS","20171004","27.4","27.995","27.3","27.33","1496597"
"DKS","20171005","27.27","27.68","27.15","27.47","1495138"
"DKS","20171006","27.43","28.04","27.38","27.62","2101484"
"DKS","20171009","27.62","27.75","27.06","27.14","1540045"
"DKS","20171010","27.22","27.68","26.91","27.14","1697413"
"DKS","20171011","26.5","26.91","25.19","25.3","8054453"
"DKS","20171012","25.07","25.44","24.6","24.96","3445458"
"DKS","20171013","24.96","25.2","24.62","24.85","2062636"
