"EVC","20150120","6.41","6.42","6.25","6.33","410475"
"EVC","20150121","6.31","6.49","6.26","6.44","390218"
"EVC","20150122","6.47","6.78","6.36","6.75","638306"
"EVC","20150123","6.78","6.89","6.75","6.89","347071"
"EVC","20150126","6.89","6.89","6.65","6.7","372960"
"EVC","20150127","6.61","6.76","6.47","6.63","436341"
"EVC","20150128","6.66","6.69","6.29","6.3","800141"
"EVC","20150129","6.31","6.3972","6.12","6.36","404090"
"EVC","20150130","6.29","6.31","6.14","6.17","387556"
"EVC","20150202","6.15","6.38","6.03","6.35","383060"
"EVC","20150203","6.36","6.55","6.36","6.54","333722"
"EVC","20150204","6.5","6.66","6.46","6.53","158629"
"EVC","20150205","6.55","6.615","6.45","6.52","108031"
"EVC","20150206","6.52","6.77","6.49","6.69","376292"
"EVC","20150209","6.64","6.99","6.64","6.82","686644"
"EVC","20150210","6.89","6.9","6.66","6.79","308209"
"EVC","20150211","6.77","7.11","6.7","6.99","790108"
"EVC","20150212","7.05","7.27","7.01","7.15","823173"
"EVC","20150213","7.18","7.3","7.03","7.08","287352"
"EVC","20150217","7.13","7.14","7","7.02","168729"
"EVC","20150218","6.98","7.06","6.91","7.01","148725"
"EVC","20150219","7.01","7.065","6.865","6.96","160376"
"EVC","20150220","6.97","7.04","6.83","6.87","159233"
"EVC","20150223","6.85","6.96","6.7","6.87","237419"
"EVC","20150224","6.9","6.96","6.8","6.87","323283"
"EVC","20150225","6.89","6.96","6.8","6.85","257107"
"EVC","20150226","6.81","7","6.8","6.97","188189"
"EVC","20150227","6.98","7","6.1","6.86","669612"
"EVC","20150302","6.86","6.92","6.63","6.915","339149"
"EVC","20150303","6.8","6.9","6.52","6.77","304992"
"EVC","20150304","6.69","6.77","6.42","6.58","257701"
"EVC","20150305","6.61","6.67","6.5","6.64","260377"
"EVC","20150306","6.61","6.8","6.55","6.8","459052"
"EVC","20150309","6.8","6.95","6.7705","6.81","194845"
"EVC","20150310","6.68","6.77","6.41","6.43","318432"
"EVC","20150311","6.43","6.52","6.35","6.47","245860"
"EVC","20150312","6.56","6.8","6.56","6.65","241085"
"EVC","20150313","6.64","6.75","6.6199","6.73","134341"
"EVC","20150316","6.77","6.82","6.68","6.75","250549"
"EVC","20150317","6.69","6.79","6.661","6.71","311656"
"EVC","20150318","6.7","6.89","6.65","6.74","252634"
"EVC","20150319","6.71","6.75","6.66","6.69","71819"
"EVC","20150320","6.73","6.91","6.68","6.86","365626"
"EVC","20150323","6.85","6.89","6.745","6.86","129657"
"EVC","20150324","6.83","7","6.804","6.83","175592"
"EVC","20150325","6.86","6.9","6.58","6.61","206049"
"EVC","20150326","6.57","6.58","6.4","6.45","143509"
"EVC","20150327","6.45","6.53","6.376","6.43","150251"
"EVC","20150330","6.46","6.53","6.39","6.45","103483"
"EVC","20150331","6.41","6.44","6.24","6.32","146340"
"EVC","20150401","6.3","6.42","6.242","6.39","230873"
"EVC","20150402","6.39","6.49","6.31","6.4","199515"
"EVC","20150406","6.39","6.48","6.37","6.44","215302"
"EVC","20150407","6.42","6.51","6.38","6.45","203877"
"EVC","20150408","6.46","6.5","6.21","6.29","190800"
"EVC","20150409","6.27","6.35","6.26","6.32","414637"
"EVC","20150410","6.37","6.425","6.29","6.36","486606"
"EVC","20150413","6.4","6.43","6.32","6.34","212184"
"EVC","20150414","6.34","6.49","6.31","6.48","152135"
"EVC","20150415","6.5","6.67","6.45","6.65","127887"
"EVC","20150416","6.61","6.75","6.5","6.63","244159"
"EVC","20150417","6.56","6.65","6.494","6.58","187015"
"EVC","20150420","6.64","6.74","6.562","6.69","91753"
"EVC","20150421","6.68","6.74","6.66","6.72","85850"
"EVC","20150422","6.69","6.78","6.62","6.74","94009"
"EVC","20150423","6.71","6.82","6.644","6.79","130028"
"EVC","20150424","6.77","6.81","6.7","6.79","138727"
"EVC","20150427","6.78","6.89","6.7","6.75","161318"
"EVC","20150428","6.73","6.89","6.6801","6.83","129644"
"EVC","20150429","6.78","6.82","6.76","6.77","128834"
"EVC","20150430","6.71","6.8","6.5","6.54","265476"
"EVC","20150501","6.57","6.62","6.4","6.52","92580"
"EVC","20150504","6.53","6.64","6.53","6.58","99085"
"EVC","20150505","6.55","6.62","6.38","6.43","130584"
"EVC","20150506","6.44","6.47","6.29","6.42","133309"
"EVC","20150507","6.38","6.45","6.37","6.4","102320"
"EVC","20150508","6.53","6.64","6.37","6.49","267159"
"EVC","20150511","6.47","6.5099","6.34","6.35","108974"
"EVC","20150512","6.33","6.42","6.15","6.39","131727"
"EVC","20150513","6.39","6.48","6.34","6.44","96356"
"EVC","20150514","6.46","6.58","6.44","6.55","170702"
"EVC","20150515","6.55","6.67","6.45","6.6","235196"
"EVC","20150518","6.56","6.78","6.47","6.64","207738"
"EVC","20150519","6.63","6.76","6.61","6.73","117085"
"EVC","20150520","6.77","6.81","6.68","6.69","103708"
"EVC","20150521","6.71","6.755","6.63","6.67","68511"
"EVC","20150522","6.68","6.78","6.67","6.78","290368"
"EVC","20150526","6.75","6.829","6.72","6.77","231765"
"EVC","20150527","6.76","6.82","6.74","6.8","136957"
"EVC","20150528","6.76","6.85","6.73","6.76","97655"
"EVC","20150529","6.74","6.87","6.675","6.75","229247"
"EVC","20150601","6.78","6.95","6.73","6.86","194394"
"EVC","20150602","6.81","6.93","6.77","6.85","339957"
"EVC","20150603","6.84","7.04","6.83","7.04","652701"
"EVC","20150604","6.97","7.09","6.97","7.06","498672"
"EVC","20150605","7.06","7.12","6.84","7.05","501067"
"EVC","20150608","7.09","7.12","7.04","7.07","318574"
"EVC","20150609","7.07","7.25","6.99","7.19","772724"
"EVC","20150610","7.23","7.48","7.222","7.43","1047851"
"EVC","20150611","7.41","7.48","7.32","7.46","210181"
"EVC","20150612","7.45","7.54","7.3907","7.5","671169"
"EVC","20150615","7.46","7.6","7.33","7.45","533591"
"EVC","20150616","7.41","7.64","7.41","7.62","624698"
"EVC","20150617","7.66","7.7","7.56","7.6","565470"
"EVC","20150618","7.62","7.79","7.53","7.79","679280"
"EVC","20150619","7.77","8.26","7.76","8.25","1503781"
"EVC","20150622","8.29","8.5","8.28","8.39","900153"
"EVC","20150623","8.4","8.485","8.37","8.38","544601"
"EVC","20150624","8.31","8.4","8.235","8.29","395556"
"EVC","20150625","8.35","8.44","8.23","8.24","338183"
"EVC","20150626","8.3","8.65","8.295","8.43","999746"
"EVC","20150629","8.24","8.43","8.06","8.1","365241"
"EVC","20150630","8.18","8.28","8.09","8.23","377371"
"EVC","20150701","8.37","8.45","8.16","8.25","227223"
"EVC","20150702","8.29","8.37","8.08","8.13","177316"
"EVC","20150706","8.03","8.18","7.9701","8.07","204707"
"EVC","20150707","8.08","8.09","7.79","8.02","290725"
"EVC","20150708","7.96","8.09","7.9","8.08","302421"
"EVC","20150709","8.16","8.23","7.96","8.04","281592"
"EVC","20150710","8.17","8.31","8.121","8.24","156367"
"EVC","20150713","8.24","8.45","8.18","8.18","203656"
"EVC","20150714","8.18","8.24","8.12","8.15","280549"
"EVC","20150715","8.18","8.24","7.9","7.94","624028"
"EVC","20150716","7.98","8.24","7.98","8.06","510334"
"EVC","20150717","8.1","8.19","7.93","8","329283"
"EVC","20150720","7.98","8.14","7.82","7.92","544661"
"EVC","20150721","7.92","8.13","7.88","7.97","197032"
"EVC","20150722","7.96","8.03","7.86","7.9","179753"
"EVC","20150723","7.89","7.93","7.56","7.6","275248"
"EVC","20150724","7.54","7.71","7.4","7.44","168439"
"EVC","20150727","7.41","7.55","7.25","7.4","198599"
"EVC","20150728","7.44","7.48","7.19","7.37","151605"
"EVC","20150729","7.34","7.4","7.24","7.37","164009"
"EVC","20150730","7.32","7.445","7.25","7.39","342582"
"EVC","20150731","7.39","7.71","7.34","7.67","270147"
"EVC","20150803","7.69","7.84","7.53","7.64","306711"
"EVC","20150804","7.65","7.79","7.46","7.51","159129"
"EVC","20150805","7.59","7.59","7.27","7.39","271888"
"EVC","20150806","7.47","7.51","6.89","6.96","747643"
"EVC","20150807","6.95","8.08","6.89","7.98","1239143"
"EVC","20150810","8.05","8.3","7.94","8.28","516767"
"EVC","20150811","8.26","8.34","7.69","7.75","391802"
"EVC","20150812","7.73","7.825","7.5","7.75","326127"
"EVC","20150813","7.71","7.97","7.62","7.86","307133"
"EVC","20150814","7.84","8.6","7.72","8.56","1028877"
"EVC","20150817","8.56","8.6799","8.175","8.55","629250"
"EVC","20150818","8.56","8.56","8.245","8.34","311067"
"EVC","20150819","8.29","8.51","8.16","8.43","339276"
"EVC","20150820","8.32","8.32","7.82","7.9","351267"
"EVC","20150821","7.75","8.01","7.53","7.58","363831"
"EVC","20150824","7.13","7.72","6.89","7.38","587773"
"EVC","20150825","7.65","7.65","7.36","7.39","287611"
"EVC","20150826","7.55","7.61","7.19","7.42","247637"
"EVC","20150827","7.46","7.5","7.35","7.49","446236"
"EVC","20150828","7.49","7.6099","7.37","7.57","214477"
"EVC","20150831","7.62","8.26","7.62","8.05","585936"
"EVC","20150901","7.89","7.89","7.41","7.52","934126"
"EVC","20150902","7.62","7.62","7.45","7.6","291761"
"EVC","20150903","7.61","7.69","7.42","7.51","270744"
"EVC","20150904","7.45","7.55","7.3","7.42","334936"
"EVC","20150908","7.54","7.6","7.4","7.55","454819"
"EVC","20150909","7.59","7.6299","7.36","7.39","222631"
"EVC","20150910","7.37","7.45","7.25","7.28","286956"
"EVC","20150911","7.18","7.27","7.1001","7.2","274013"
"EVC","20150914","7.22","7.27","7.12","7.18","244330"
"EVC","20150915","7.21","7.42","7.15","7.395","230271"
"EVC","20150916","7.4","7.66","7.33","7.54","280728"
"EVC","20150917","7.55","7.71","7.5","7.6","182667"
"EVC","20150918","7.48","7.68","7.28","7.33","391395"
"EVC","20150921","7.39","7.4116","7.065","7.14","199044"
"EVC","20150922","7.09","7.18","6.97","7","172564"
"EVC","20150923","7.07","7.07","6.92","7.03","185277"
"EVC","20150924","6.99","7.01","6.8","6.94","198196"
"EVC","20150925","7","7.02","6.58","6.67","209081"
"EVC","20150928","6.66","6.8","6.51","6.55","368594"
"EVC","20150929","6.55","6.61","6.3","6.415","1022909"
"EVC","20150930","6.49","6.81","6.49","6.65","680284"
"EVC","20151001","6.68","6.75","6.52","6.68","244555"
"EVC","20151002","6.75","6.7699","6.43","6.75","226371"
"EVC","20151005","6.83","7.1","6.81","7.04","337131"
"EVC","20151006","7.05","7.05","6.755","6.82","184093"
"EVC","20151007","6.87","6.97","6.78","6.95","208203"
"EVC","20151008","6.96","6.98","6.76","6.84","185156"
"EVC","20151009","6.89","6.89","6.63","6.71","230894"
"EVC","20151012","7.11","8.08","7.05","7.79","1381460"
"EVC","20151013","7.79","8.2","7.6956","8.08","988083"
"EVC","20151014","8.07","8.1","7.75","7.8","181957"
"EVC","20151015","7.84","8.11","7.75","8.05","281717"
"EVC","20151016","8.11","8.4","7.84","8.37","528596"
"EVC","20151019","8.35","8.47","8.18","8.38","97471"
"EVC","20151020","8.41","8.41","8.25","8.34","63225"
"EVC","20151021","8.34","8.6","8.27","8.34","531731"
"EVC","20151022","8.37","8.5","8.27","8.48","45462"
"EVC","20151023","8.54","8.76","8.45","8.6","67176"
"EVC","20151026","8.61","8.86","8.58","8.73","287636"
"EVC","20151027","8.67","8.67","8.29","8.43","264804"
"EVC","20151028","8.48","8.83","8.32","8.75","306155"
"EVC","20151029","8.72","8.808","8.59","8.63","158254"
"EVC","20151030","8.6","8.87","8.39","8.76","311624"
"EVC","20151102","8.72","8.9","8.61","8.83","326932"
"EVC","20151103","8.79","9.06","8.67","8.88","251343"
"EVC","20151104","8.89","9.14","8.79","9.02","547798"
"EVC","20151105","9","9.04","8.66","8.85","224085"
"EVC","20151106","9","9.55","8.85","9.26","1098444"
"EVC","20151109","9.2","9.23","8.43","8.52","676746"
"EVC","20151110","8.47","8.72","8.45","8.58","303820"
"EVC","20151111","8.59","8.775","8.5","8.6","210398"
"EVC","20151112","8.33","8.33","8.23","8.33","258295"
"EVC","20151113","8.23","8.45","8","8.38","277216"
"EVC","20151116","8.4","8.54","8.316","8.46","208731"
"EVC","20151117","8.48","8.52","8.32","8.37","210591"
"EVC","20151118","8.44","8.55","8.27","8.52","329361"
"EVC","20151119","8.55","8.55","8.31","8.43","160756"
"EVC","20151120","8.52","8.58","8.3","8.39","233985"
"EVC","20151123","8.4","8.44","8.24","8.37","256366"
"EVC","20151124","8.36","8.37","8.13","8.27","154214"
"EVC","20151125","8.3","8.52","8.17","8.5","402134"
"EVC","20151127","8.47","8.49","8.24","8.36","128340"
"EVC","20151130","8.37","8.58","8.29","8.39","380047"
"EVC","20151201","8.39","8.49","8.335","8.43","172209"
"EVC","20151202","8.45","8.52","8.33","8.41","264884"
"EVC","20151203","8.48","8.57","8.235","8.36","248671"
"EVC","20151204","8.35","8.65","8.32","8.63","229275"
"EVC","20151207","8.64","8.74","8.54","8.67","214786"
"EVC","20151208","8.56","8.69","8.45","8.54","258768"
"EVC","20151209","8.48","8.77","8.31","8.52","737535"
"EVC","20151210","8.5","8.51","8.16","8.37","289837"
"EVC","20151211","8.1","8.23","7.8","7.87","338569"
"EVC","20151214","7.87","7.9","7.5","7.55","241397"
"EVC","20151215","7.63","7.825","7.595","7.78","244407"
"EVC","20151216","7.82","7.95","7.73","7.81","194324"
"EVC","20151217","7.85","7.92","7.65","7.78","269453"
"EVC","20151218","7.73","7.88","7.61","7.61","526519"
"EVC","20151221","7.67","7.7","7.54","7.6","319326"
"EVC","20151222","7.61","7.67","7.51","7.57","276921"
"EVC","20151223","7.64","7.65","7.54","7.65","126789"
"EVC","20151224","7.67","7.78","7.62","7.71","71840"
"EVC","20151228","7.7","7.7","7.49","7.52","430496"
"EVC","20151229","7.57","7.68","7.49","7.55","396908"
"EVC","20151230","7.53","7.85","7.49","7.67","355674"
"EVC","20151231","7.67","7.87","7.57","7.72","314554"
"EVC","20160104","7.52","7.57","7.2","7.22","672797"
"EVC","20160105","7.28","7.3","7.02","7.16","262477"
"EVC","20160106","7.02","7.22","7.02","7.09","268283"
"EVC","20160107","6.93","7.08","6.87","6.92","702920"
"EVC","20160108","6.93","7.14","6.87","6.98","452630"
"EVC","20160111","7","7.4","7","7.33","476444"
"EVC","20160112","7.38","7.51","7.15","7.25","597488"
"EVC","20160113","7.29","7.46","7.06","7.09","356703"
"EVC","20160114","7.16","7.49","7.03","7.34","367103"
"EVC","20160115","7.11","7.25","7.03","7.16","295828"
"EVC","20160119","7.27","7.36","6.89","7.05","343250"
"EVC","20160120","6.92","7.435","6.84","7.3","485129"
"EVC","20160121","7.31","7.55","7.1","7.48","491539"
"EVC","20160122","7.6","7.74","7.52","7.68","336237"
"EVC","20160125","7.63","7.71","7.48","7.51","234680"
"EVC","20160126","7.55","7.62","7.34","7.58","249706"
"EVC","20160127","7.54","7.64","7.32","7.33","250285"
"EVC","20160128","7.42","7.43","7.145","7.18","169617"
"EVC","20160129","7.18","7.47","7.12","7.46","315814"
"EVC","20160201","7.41","7.42","7.22","7.36","260958"
"EVC","20160202","7.25","7.314","7.1","7.14","223706"
"EVC","20160203","7.24","7.32","7.07","7.18","241005"
"EVC","20160204","7.16","7.3","7","7.07","186877"
"EVC","20160205","7.03","7.08","6.63","6.67","673404"
"EVC","20160208","6.56","6.61","6.43","6.53","529746"
"EVC","20160209","6.4","6.81","6.33","6.7","497056"
"EVC","20160210","6.77","7.0815","6.6","6.74","488371"
"EVC","20160211","6.58","6.79","6.5","6.74","689171"
"EVC","20160212","6.82","7.07","6.6833","7.05","390715"
"EVC","20160216","7.13","7.3","7.0785","7.19","387485"
"EVC","20160217","7.24","7.367","6.98","7.32","460643"
"EVC","20160218","7.31","7.43","7.045","7.4","449643"
"EVC","20160219","7.39","7.74","7.34","7.64","593740"
"EVC","20160222","7.77","7.82","7.6","7.67","312080"
"EVC","20160223","7.64","7.75","7.54","7.56","155616"
"EVC","20160224","7.44","7.75","7.357","7.72","459847"
"EVC","20160225","7.72","7.8","7.56","7.76","207367"
"EVC","20160226","7.53","8.203","7.24","7.63","546567"
"EVC","20160229","7.65","7.86","7.57","7.72","383772"
"EVC","20160301","7.76","8","7.69","7.74","318107"
"EVC","20160302","7.71","7.78","7.62","7.65","301275"
"EVC","20160303","7.63","7.88","7.52","7.75","344236"
"EVC","20160304","7.73","7.94","7.73","7.92","286783"
"EVC","20160307","7.85","8.04","7.675","7.79","429156"
"EVC","20160308","7.77","7.96","7.71","7.73","353514"
"EVC","20160309","7.71","7.84","7.66","7.72","258383"
"EVC","20160310","7.77","7.8","7.65","7.7","259712"
"EVC","20160311","7.75","7.89","7.749","7.82","184003"
"EVC","20160314","7.77","7.85","7.7","7.74","125010"
"EVC","20160315","7.71","7.8","7.5","7.6","305196"
"EVC","20160316","7.55","7.74","7.55","7.63","221827"
"EVC","20160317","7.59","7.72","7.56","7.67","196884"
"EVC","20160318","7.74","7.82","7.64","7.68","370970"
"EVC","20160321","7.69","7.74","7.52","7.57","264670"
"EVC","20160322","7.51","7.59","7.29","7.32","266763"
"EVC","20160323","7.36","7.43","7.1","7.13","243867"
"EVC","20160324","7.05","7.17","7.05","7.15","333008"
"EVC","20160328","7.2","7.3","7.12","7.25","340086"
"EVC","20160329","7.26","7.55","7.26","7.52","304630"
"EVC","20160330","7.54","7.59","7.48","7.53","275797"
"EVC","20160331","7.5","7.6","7.33","7.44","344018"
"EVC","20160401","7.36","7.6569","7.32","7.55","250748"
"EVC","20160404","7.53","7.62","7.23","7.24","411531"
"EVC","20160405","7.19","7.26","7.08","7.09","334213"
"EVC","20160406","7.07","7.26","7.07","7.24","183835"
"EVC","20160407","7.17","7.33","7.06","7.1","159892"
"EVC","20160408","7.03","7.26","6.99","7.13","223626"
"EVC","20160411","7.15","7.27","7.075","7.11","154948"
"EVC","20160412","7.1","7.2","7.05","7.09","180840"
"EVC","20160413","7.11","7.31","7.1","7.3","228316"
"EVC","20160414","7.32","7.37","7.21","7.25","124061"
"EVC","20160415","7.23","7.27","7.16","7.19","164469"
"EVC","20160418","7.14","7.23","7.05","7.12","207355"
"EVC","20160419","7.12","7.28","7.12","7.21","190427"
"EVC","20160420","7.18","7.27","7.08","7.12","170467"
"EVC","20160421","7.12","7.19","7.08","7.16","91620"
"EVC","20160422","7.14","7.48","7.14","7.46","320835"
"EVC","20160425","7.36","7.46","7.21","7.31","214968"
"EVC","20160426","7.26","7.54","7.23","7.52","158644"
"EVC","20160427","7.53","7.65","7.39","7.47","159398"
"EVC","20160428","7.43","7.49","7.3","7.3","202667"
"EVC","20160429","7.28","8","7.235","7.95","1042850"
"EVC","20160502","7.96","8.31","7.84","8.27","811756"
"EVC","20160503","8.17","8.27","8.01","8.03","189823"
"EVC","20160504","8.03","8.19","7.9","8","359019"
"EVC","20160505","8.03","8.19","7.95","7.97","204454"
"EVC","20160506","7.14","8.04","7.13","7.85","868750"
"EVC","20160509","7.82","8.09","7.61","7.94","247542"
"EVC","20160510","7.97","8.04","7.67","7.71","285252"
"EVC","20160511","7.72","7.72","7.31","7.38","335916"
"EVC","20160512","7.41","7.49","7.19","7.27","182717"
"EVC","20160513","7.22","7.3","7.02","7.14","264063"
"EVC","20160516","7.13","7.19","7","7.15","452545"
"EVC","20160517","7.13","7.21","6.94","7.01","307421"
"EVC","20160518","6.96","7.02","6.861","6.93","243033"
"EVC","20160519","6.85","6.95","6.79","6.87","207832"
"EVC","20160520","6.9","7.02","6.88","6.94","152203"
"EVC","20160523","6.9","6.94","6.77","6.85","290292"
"EVC","20160524","6.87","7.12","6.86","7.08","192852"
"EVC","20160525","7.04","7.16","7.01","7.07","153402"
"EVC","20160526","7.06","7.17","7.06","7.13","110900"
"EVC","20160527","7.15","7.28","7.1","7.25","180001"
"EVC","20160531","7.11","7.24","7.01","7.22","421460"
"EVC","20160601","7.22","7.22","7.1","7.19","592605"
"EVC","20160602","7.19","7.32","7.11","7.23","202605"
"EVC","20160603","7.19","7.22","7.055","7.12","234816"
"EVC","20160606","7.1","7.21","7.06","7.17","133237"
"EVC","20160607","7.14","7.21","7.101","7.16","177168"
"EVC","20160608","7.15","7.23","7.1","7.21","109635"
"EVC","20160609","7.15","7.26","7.1","7.24","184287"
"EVC","20160610","7.14","7.2","6.96","7.03","204153"
"EVC","20160613","6.96","7.05","6.86","6.91","331153"
"EVC","20160614","6.88","6.99","6.8575","6.98","274285"
"EVC","20160615","7.02","7.06","6.91","6.91","132329"
"EVC","20160616","6.9","6.9","6.62","6.84","473634"
"EVC","20160617","6.86","6.87","6.6","6.67","523004"
"EVC","20160620","6.75","6.87","6.74","6.75","220789"
"EVC","20160621","6.78","6.78","6.46","6.52","459813"
"EVC","20160622","6.55","6.56","6.44","6.5","356970"
"EVC","20160623","6.62","6.74","6.55","6.67","327520"
"EVC","20160624","6.35","6.56","6.35","6.5","295207"
"EVC","20160627","6.38","6.46","5.94","6.13","1325063"
"EVC","20160628","6.21","6.36","6.15","6.25","387996"
"EVC","20160629","6.34","6.77","6.27","6.67","750317"
"EVC","20160630","6.67","6.8","6.56","6.72","476542"
"EVC","20160701","6.69","6.96","6.69","6.91","324005"
"EVC","20160705","6.86","6.93","6.56","6.76","778064"
"EVC","20160706","6.71","6.85","6.68","6.83","244212"
"EVC","20160707","6.89","6.94","6.86","6.92","272360"
"EVC","20160708","6.96","7.13","6.89","7.01","329664"
"EVC","20160711","7.01","7.11","6.99","7.07","236769"
"EVC","20160712","7.09","7.2","7.07","7.16","534484"
"EVC","20160713","7.12","7.325","7.1","7.32","340653"
"EVC","20160714","7.36","7.38","7.24","7.28","191919"
"EVC","20160715","7.34","7.34","7.2","7.28","253193"
"EVC","20160718","7.27","7.33","7.22","7.32","346416"
"EVC","20160719","7.31","7.34","7.2","7.26","366031"
"EVC","20160720","7.29","7.34","7.2","7.29","194944"
"EVC","20160721","7.26","7.34","7.24","7.31","237577"
"EVC","20160722","7.28","7.51","7.28","7.49","426299"
"EVC","20160725","7.47","7.48","7.3","7.36","235344"
"EVC","20160726","7.39","7.42","7.26","7.4","251272"
"EVC","20160727","7.41","7.46","7.31","7.35","199981"
"EVC","20160728","7.36","7.36","7.246","7.3","274961"
"EVC","20160729","7.31","7.395","7.24","7.26","423115"
"EVC","20160801","7.23","7.415","7.21","7.35","254690"
"EVC","20160802","7.38","7.38","7.26","7.29","522797"
"EVC","20160803","7.27","7.45","7.21","7.37","317936"
"EVC","20160804","7.45","7.81","7.45","7.7","590727"
"EVC","20160805","7.77","8","7.77","7.93","355373"
"EVC","20160808","8","8","7.78","7.88","290538"
"EVC","20160809","7.81","7.88","7.64","7.65","212031"
"EVC","20160810","7.7","7.78","7.6","7.72","391617"
"EVC","20160811","7.76","7.85","7.76","7.79","162786"
"EVC","20160812","7.78","7.86","7.65","7.72","170496"
"EVC","20160815","7.74","7.83","7.68","7.77","212284"
"EVC","20160816","7.75","7.79","7.6","7.62","278973"
"EVC","20160817","7.59","7.71","7.59","7.66","214179"
"EVC","20160818","7.76","7.77","7.6","7.76","322934"
"EVC","20160819","7.74","7.88","7.7","7.81","303497"
"EVC","20160822","7.8","7.82","7.68","7.74","147459"
"EVC","20160823","7.81","7.86","7.69","7.75","234941"
"EVC","20160824","7.74","7.81","7.48","7.51","258374"
"EVC","20160825","7.5","7.57","7.45","7.56","141492"
"EVC","20160826","7.53","7.62","7.49","7.54","269595"
"EVC","20160829","7.53","7.59","7.46","7.49","145675"
"EVC","20160830","7.44","7.54","7.41","7.44","164909"
"EVC","20160831","7.47","7.54","7.41","7.52","260329"
"EVC","20160901","7.57","7.67","7.55","7.61","106773"
"EVC","20160902","7.69","7.87","7.64","7.83","165288"
"EVC","20160906","7.83","7.89","7.69","7.72","208647"
"EVC","20160907","7.72","7.83","7.7","7.76","599143"
"EVC","20160908","7.76","7.84","7.67","7.69","176269"
"EVC","20160909","7.6","7.63","7.37","7.38","301074"
"EVC","20160912","7.35","7.56","7.32","7.53","180171"
"EVC","20160913","7.41","7.47","7.13","7.25","514463"
"EVC","20160914","7.22","7.42","7.14","7.4","626268"
"EVC","20160915","7.41","7.46","7.32","7.36","149406"
"EVC","20160916","7.37","7.4","7.28","7.37","612471"
"EVC","20160919","7.41","7.49","7.33","7.39","164472"
"EVC","20160920","7.36","7.4","7.23","7.28","397362"
"EVC","20160921","7.24","7.36","7.22","7.35","187943"
"EVC","20160922","7.4","7.46","7.33","7.45","430684"
"EVC","20160923","7.41","7.49","7.34","7.38","327330"
"EVC","20160926","7.32","7.32","7.21","7.26","192636"
"EVC","20160927","7.23","7.32","7.22","7.27","119811"
"EVC","20160928","7.26","7.41","7.26","7.41","157179"
"EVC","20160929","7.37","7.5","7.34","7.4","142407"
"EVC","20160930","7.41","7.68","7.41","7.63","202555"
"EVC","20161003","7.58","7.615","7.51","7.57","101130"
"EVC","20161004","7.65","7.67","7.55","7.6","62993"
"EVC","20161005","7.66","7.72","7.59","7.69","101333"
"EVC","20161006","7.65","7.74","7.56","7.69","120662"
"EVC","20161007","7.72","7.72","7.46","7.52","117478"
"EVC","20161010","7.58","7.62","7.52","7.56","81186"
"EVC","20161011","7.55","7.55","7.29","7.3","121421"
"EVC","20161012","7.33","7.39","7.25","7.3","70609"
"EVC","20161013","7.25","7.25","7.12","7.16","132540"
"EVC","20161014","7.16","7.25","7.05","7.08","244086"
"EVC","20161017","7.08","7.12","6.98","7.05","231561"
"EVC","20161018","7.15","7.15","7.05","7.06","148880"
"EVC","20161019","7.1","7.19","7.06","7.11","173783"
"EVC","20161020","7.07","7.09","6.82","6.88","418692"
"EVC","20161021","6.79","6.89","6.76","6.89","310118"
"EVC","20161024","6.96","7","6.8","6.88","261262"
"EVC","20161025","6.83","6.9","6.81","6.87","157444"
"EVC","20161026","6.85","6.86","6.76","6.81","163712"
"EVC","20161027","6.86","6.86","6.7","6.76","131075"
"EVC","20161028","6.72","6.8299","6.71","6.73","145537"
"EVC","20161031","6.8","6.8","6.65","6.7","186167"
"EVC","20161101","6.7","6.75","6.5","6.6","172522"
"EVC","20161102","6.6","6.65","6.4","6.4","87960"
"EVC","20161103","6.5","6.5","6.35","6.35","177402"
"EVC","20161104","5.8","6.3","5.3","6","590189"
"EVC","20161107","6.05","6.1","5.9","5.95","347418"
"EVC","20161108","5.85","5.95","5.75","5.9","620617"
"EVC","20161109","5.75","6.05","5.75","6.05","516733"
"EVC","20161110","6.15","6.45","6","6.35","538090"
"EVC","20161111","6.4","6.55","6.35","6.5","536325"
"EVC","20161114","6.6","6.65","6.45","6.6","512382"
"EVC","20161115","6.55","6.9","6.43","6.9","355122"
"EVC","20161116","6.85","7","6.695","6.85","299580"
"EVC","20161117","6.95","6.95","6.55","6.6","372491"
"EVC","20161118","6.65","6.7","6.45","6.6","492115"
"EVC","20161121","6.65","6.7","6.55","6.65","100911"
"EVC","20161122","6.7","6.9","6.65","6.85","134084"
"EVC","20161123","6.8","6.85","6.7","6.75","227850"
"EVC","20161125","6.75","7","6.75","6.9","125528"
"EVC","20161128","6.8","6.9","6.65","6.65","230971"
"EVC","20161129","6.7","6.8","6.65","6.7","213757"
"EVC","20161130","6.7","6.8","6.6","6.6","145828"
"EVC","20161201","6.7","6.75","6.55","6.65","137333"
"EVC","20161202","6.65","6.7","6.6","6.65","125256"
"EVC","20161205","6.9","7.15","6.65","6.8","618535"
"EVC","20161206","6.85","6.9","6.6","6.7","248138"
"EVC","20161207","6.8","6.85","6.625","6.75","393872"
"EVC","20161208","6.8","7","6.75","6.95","268473"
"EVC","20161209","6.9","7.1","6.75","6.8","434204"
"EVC","20161212","6.8","6.8","6.55","6.55","170109"
"EVC","20161213","6.55","6.7","6.55","6.6","586161"
"EVC","20161214","6.6","6.7","6.55","6.6","147729"
"EVC","20161215","6.65","6.75","6.525","6.55","237629"
"EVC","20161216","6.6","6.75","6.55","6.65","325547"
"EVC","20161219","6.75","6.75","6.6","6.6","190080"
"EVC","20161220","6.6","6.75","6.6","6.7","204670"
"EVC","20161221","6.65","6.7","6.55","6.65","133100"
"EVC","20161222","6.65","6.7","6.6","6.65","55529"
"EVC","20161223","6.65","6.75","6.55","6.75","101509"
"EVC","20161227","6.8","6.8","6.7","6.8","159731"
"EVC","20161228","6.75","6.85","6.6","6.7","164433"
"EVC","20161229","6.7","6.8","6.675","6.75","192792"
"EVC","20161230","6.75","7","6.7","7","271477"
"EVC","20170103","7.05","7.05","6.575","6.7","388804"
"EVC","20170104","6.65","6.8","6.65","6.75","332402"
"EVC","20170105","6.65","6.7","6.475","6.55","289051"
"EVC","20170106","6.6","6.6","6.45","6.55","211786"
"EVC","20170109","6.5","6.55","6.45","6.45","113098"
"EVC","20170110","6.45","6.55","6.45","6.5","217593"
"EVC","20170111","6.45","6.55","6.4","6.55","260355"
"EVC","20170112","6.45","6.55","6.25","6.35","170148"
"EVC","20170113","6.35","6.5","6.35","6.45","195677"
"EVC","20170117","6","6","5.15","5.6","1609665"
"EVC","20170118","5.7","5.7","5.25","5.35","640994"
"EVC","20170119","5.25","5.4346","5.1","5.15","705880"
"EVC","20170120","5.15","5.25","5","5.1","406295"
"EVC","20170123","5.1","5.2","4.95","5.1","374198"
"EVC","20170124","5.05","5.15","4.9","5.15","535087"
"EVC","20170125","5.15","5.3","5.1","5.3","558698"
"EVC","20170126","5.35","5.35","5.2","5.3","210083"
"EVC","20170127","5.3","5.3","5.17","5.3","158775"
"EVC","20170130","5.3","5.45","5.15","5.3","434214"
"EVC","20170131","5.3","5.425","5.2","5.4","458121"
"EVC","20170201","5.45","5.45","5.15","5.25","310784"
"EVC","20170202","5.3","5.3","5.1","5.25","223130"
"EVC","20170203","5.3","5.4","5.2","5.35","271151"
"EVC","20170206","5.3","5.35","5.2","5.25","217787"
"EVC","20170207","5.35","5.6","5.15","5.4","819830"
"EVC","20170208","5.45","5.5","5.15","5.4","459547"
"EVC","20170209","5.4","5.495","5.25","5.25","647498"
"EVC","20170210","5.35","5.375","5.25","5.3","364040"
"EVC","20170213","5.4","5.4","5.3","5.35","483426"
"EVC","20170214","5.35","5.45","5.3","5.35","797696"
"EVC","20170215","5.4","5.425","5.25","5.35","479511"
"EVC","20170216","5.35","5.4","5.3","5.4","241987"
"EVC","20170217","5.4","5.45","5.3","5.4","486937"
"EVC","20170221","5.4","5.55","5.35","5.55","510075"
"EVC","20170222","5.5","5.6","5.45","5.5","346093"
"EVC","20170223","5.55","5.55","5.35","5.55","489475"
"EVC","20170224","5.45","5.65","5.4","5.65","488552"
"EVC","20170227","5.65","5.65","5.4","5.45","491466"
"EVC","20170228","5.45","5.575","5.35","5.35","319046"
"EVC","20170301","5.5","5.58","5.39","5.55","635913"
"EVC","20170302","5.55","5.6","5.4","5.55","555836"
"EVC","20170303","6","6.4","6","6.1","2898970"
"EVC","20170306","6.1","6.35","5.85","6.3","1136019"
"EVC","20170307","6.3","6.3","6.1","6.2","730065"
"EVC","20170308","6.2","6.35","6.15","6.15","410306"
"EVC","20170309","6.15","6.25","6.05","6.2","304020"
"EVC","20170310","6.2","6.25","6.1","6.15","275550"
"EVC","20170313","6.1","6.25","6.025","6.15","293983"
"EVC","20170314","6.15","6.25","6.1","6.2","248633"
"EVC","20170315","6.2","6.245","6.15","6.15","202775"
"EVC","20170316","6.15","6.2","6.1","6.1","181038"
"EVC","20170317","6.1","6.25","6","6.25","669182"
"EVC","20170320","6.25","6.4","6.05","6.25","339794"
"EVC","20170321","6.3","6.45","6.1","6.15","506283"
"EVC","20170322","6.1","6.2","5.85","6.15","320770"
"EVC","20170323","6.15","6.3","6","6.1","315517"
"EVC","20170324","6.1","6.15","5.95","6.1","227441"
"EVC","20170327","6.05","6.15","6","6.05","258401"
"EVC","20170328","6.05","6.2","6","6.1","254452"
"EVC","20170329","6.1","6.3","6.1","6.15","202278"
"EVC","20170330","6.15","6.25","6.1","6.1","392169"
"EVC","20170331","6.1","6.225","6.1","6.2","1111629"
"EVC","20170403","6.2","6.3","6.1","6.15","401728"
"EVC","20170404","6.15","6.3","6.15","6.25","231073"
"EVC","20170405","6.25","6.4","6.15","6.2","309219"
"EVC","20170406","6.2","6.3","6.175","6.3","133115"
"EVC","20170407","6.25","6.45","6.25","6.45","255349"
"EVC","20170410","6.4","6.5","6.25","6.25","312006"
"EVC","20170411","6.25","6.3","6.2","6.2","148217"
"EVC","20170412","6.2","6.25","6.05","6.15","236696"
"EVC","20170413","6.15","6.2","6.05","6.1","322012"
"EVC","20170417","6.15","6.3","6.15","6.15","182923"
"EVC","20170418","6.15","6.2","6.1","6.2","177944"
"EVC","20170419","6.25","6.25","6.15","6.15","104689"
"EVC","20170420","6.2","6.2","6.15","6.15","107073"
"EVC","20170421","6.15","6.25","6.15","6.15","152382"
"EVC","20170424","6.25","6.3","6.2","6.25","163912"
"EVC","20170425","6.35","6.4","6.225","6.25","150276"
"EVC","20170426","6.25","6.45","6.2","6.4","429656"
"EVC","20170427","6.4","6.45","6.35","6.4","152428"
"EVC","20170428","6.4","6.4","6.1","6.2","224413"
"EVC","20170501","6.25","6.3","6.05","6.25","140317"
"EVC","20170502","6.25","6.25","6.1","6.2","221537"
"EVC","20170503","6.15","6.2","5.875","5.95","547832"
"EVC","20170504","5.9","5.95","5.8","5.8","274286"
"EVC","20170505","5.75","5.95","5.55","5.7","478207"
"EVC","20170508","5.75","5.8","5.625","5.65","193647"
"EVC","20170509","5.7","5.975","5.65","5.85","410236"
"EVC","20170510","5.85","5.85","5.55","5.6","313311"
"EVC","20170511","5.55","5.675","5.55","5.6","165082"
"EVC","20170512","5.6","5.65","5.45","5.55","268240"
"EVC","20170515","5.6","5.7","5.5","5.7","157143"
"EVC","20170516","5.7","5.75","5.55","5.65","573097"
"EVC","20170517","5.55","5.7","5.55","5.65","492342"
"EVC","20170518","5.6","5.7","5.55","5.6","282640"
"EVC","20170519","5.55","5.65","5.55","5.6","174168"
"EVC","20170522","5.6","5.7","5.5","5.65","500272"
"EVC","20170523","5.65","5.65","5.55","5.6","201323"
"EVC","20170524","5.6","5.625","5.5","5.6","209345"
"EVC","20170525","5.65","5.8","5.6","5.75","315481"
"EVC","20170526","5.7","5.9","5.675","5.85","205394"
"EVC","20170530","5.8","6","5.8","5.95","362429"
"EVC","20170531","6","6","5.7","5.75","225057"
"EVC","20170601","5.75","6","5.75","5.9","165280"
"EVC","20170602","5.85","6.025","5.85","5.95","269757"
"EVC","20170605","5.9","5.95","5.8","5.8","154593"
"EVC","20170606","5.8","5.85","5.7","5.75","161696"
"EVC","20170607","5.75","5.85","5.55","5.65","356910"
"EVC","20170608","5.7","5.85","5.6685","5.8","229565"
"EVC","20170609","5.8","6","5.7","6","265212"
"EVC","20170612","5.95","6.075","5.85","6.05","443050"
"EVC","20170613","6","6.2","5.95","6.15","294637"
"EVC","20170614","6.1","6.35","6.1","6.3","651001"
"EVC","20170615","6.25","6.325","6.15","6.25","432830"
"EVC","20170616","6.15","6.35","6.1","6.3","766743"
"EVC","20170619","6.3","6.45","6.2","6.4","370576"
"EVC","20170620","6.4","6.5","6.25","6.3","295658"
"EVC","20170621","6.3","6.4","6.2","6.35","696144"
"EVC","20170622","6.35","6.5","6.3","6.45","562802"
"EVC","20170623","6.45","6.5","6.35","6.45","633708"
"EVC","20170626","6.45","6.5","6.35","6.5","335487"
"EVC","20170627","6.5","6.5","6.4","6.4","115448"
"EVC","20170628","6.4","6.7253","6.35","6.65","394274"
"EVC","20170629","6.65","6.65","6.45","6.65","298094"
"EVC","20170630","6.65","6.6885","6.4","6.6","291094"
"EVC","20170703","6.6","6.65","6.45","6.65","143412"
"EVC","20170705","6.65","6.65","6.45","6.6","233613"
"EVC","20170706","6.5","6.6","6.4","6.5","466720"
"EVC","20170707","6.5","6.55","6.45","6.55","117400"
"EVC","20170710","6.6","6.7","6.45","6.55","535350"
"EVC","20170711","6.55","6.65","6.5","6.65","408229"
"EVC","20170712","6.7","6.7","6.525","6.65","273256"
"EVC","20170713","6.6","6.8","6.55","6.75","376071"
"EVC","20170714","6.75","6.825","6.675","6.8","168560"
"EVC","20170717","6.75","6.85","6.65","6.8","453331"
"EVC","20170718","6.8","6.8","6.65","6.7","183090"
"EVC","20170719","6.7","6.75","6.6","6.65","141430"
"EVC","20170720","6.65","6.85","6.6","6.8","468778"
"EVC","20170721","6.85","6.9","6.65","6.85","271481"
"EVC","20170724","6.8","6.85","6.65","6.7","402161"
"EVC","20170725","6.75","6.775","6.65","6.7","336583"
"EVC","20170726","6.7","6.75","6.55","6.55","136855"
"EVC","20170727","6.6","6.7","6.5","6.5","322403"
"EVC","20170728","6.5","6.6","6.5","6.5","603300"
"EVC","20170731","6.5","6.55","6.4","6.5","352263"
"EVC","20170801","6.55","6.6","6.425","6.55","300879"
"EVC","20170802","6.6","6.6","6.4","6.45","579949"
"EVC","20170803","6.5","6.675","6.1","6.3","514099"
"EVC","20170804","6.3","6.35","6.025","6.1","743810"
"EVC","20170807","6.1","6.1","5.9","6","375002"
"EVC","20170808","5.95","6.05","5.8","6.05","629942"
"EVC","20170809","5.9","5.9","5.85","5.9","413282"
"EVC","20170810","5.85","5.95","5.7","5.8","321514"
"EVC","20170811","5.7","6","5.6","5.95","346356"
"EVC","20170814","6","6.05","5.85","5.95","337498"
"EVC","20170815","5.95","5.95","5.7","5.75","353977"
"EVC","20170816","5.75","5.8","5.6","5.6","235569"
"EVC","20170817","5.55","5.7","5.5","5.5","397913"
"EVC","20170818","5.45","5.7","5.45","5.65","432773"
"EVC","20170821","5.6","5.65","5.45","5.55","421752"
"EVC","20170822","5.55","5.65","5.55","5.6","185943"
"EVC","20170823","5.6","5.675","5.5","5.65","255827"
"EVC","20170824","5.65","5.75","5.55","5.55","190630"
"EVC","20170825","5.55","5.65","5.55","5.6","178053"
"EVC","20170828","5.65","5.7","5.5","5.55","396871"
"EVC","20170829","5.5","5.7","5.45","5.6","420693"
"EVC","20170830","5.6","5.7","5.55","5.65","74649"
"EVC","20170831","5.6","5.6825","5.4","5.55","337577"
"EVC","20170901","5.6","5.7","5.55","5.65","193522"
"EVC","20170905","5.6","5.675","5.45","5.55","297728"
"EVC","20170906","5.55","5.6","5.45","5.55","253365"
"EVC","20170907","5.55","5.55","5.4","5.5","283243"
"EVC","20170908","5.5","5.5","5.4","5.45","214087"
"EVC","20170911","5.45","5.5","5.4","5.45","208029"
"EVC","20170912","5.45","5.525","5.4","5.45","281954"
"EVC","20170913","5.4","5.625","5.4","5.6","221899"
"EVC","20170914","5.65","5.65","5.525","5.6","187205"
"EVC","20170915","5.7","5.7","5.55","5.7","451152"
"EVC","20170918","5.65","5.85","5.6","5.8","309973"
"EVC","20170919","5.8","5.83","5.7","5.75","158609"
"EVC","20170920","5.75","5.8","5.6","5.7","223097"
"EVC","20170921","5.7","5.75","5.6","5.75","210918"
"EVC","20170922","5.75","5.8","5.65","5.75","188481"
"EVC","20170925","5.75","5.85","5.7","5.75","312018"
"EVC","20170926","5.75","5.85","5.65","5.75","295775"
"EVC","20170927","5.8","5.84","5.71","5.8","285388"
"EVC","20170928","5.75","5.8","5.65","5.75","221078"
"EVC","20170929","5.8","5.8","5.625","5.7","337766"
"EVC","20171002","5.75","5.775","5.6","5.7","332389"
"EVC","20171003","5.75","5.8","5.65","5.7","221323"
"EVC","20171004","5.75","5.8","5.675","5.75","199357"
"EVC","20171005","5.8","5.85","5.7","5.75","246927"
"EVC","20171006","5.75","5.8","5.625","5.75","224331"
"EVC","20171009","5.7","5.8","5.6","5.65","217101"
"EVC","20171010","5.7","5.7","5.45","5.55","391219"
"EVC","20171011","5.5","5.55","5.2","5.45","707493"
"EVC","20171012","5.5","5.5","5.3","5.3","358626"
"EVC","20171013","5.25","5.4","5.2","5.3","191883"
