"FTI","20150120","39.87","40.04","38.78","38.92","3361866"
"FTI","20150121","39.15","39.92","39.068","39.79","3664900"
"FTI","20150122","40.08","40.23","38.905","39.1","4144196"
"FTI","20150123","39.12","39.32","38","38.09","4251541"
"FTI","20150126","38.31","38.96","37.91","38.2","3318542"
"FTI","20150127","37.84","38.66","37.425","38.16","3710804"
"FTI","20150128","38.07","38.07","36.14","36.17","4490919"
"FTI","20150129","36.61","36.94","34.85","36.47","4576827"
"FTI","20150130","36.16","38.08","35.92","37.48","2572701"
"FTI","20150202","37.95","39.059","37.76","38.89","3702849"
"FTI","20150203","39.55","41.11","39.2","39.47","7360956"
"FTI","20150204","38.73","39.14","38.19","38.68","3414944"
"FTI","20150205","39.41","39.81","39.01","39.14","2613310"
"FTI","20150206","39.37","39.61","38.3","38.57","2768241"
"FTI","20150209","38.61","39.3","38","38.89","4172765"
"FTI","20150210","38.96","39.06","38.22","38.9","3676654"
"FTI","20150211","38.32","41.18","38.16","40.93","7762547"
"FTI","20150212","41.02","41.4","39.41","39.77","5338792"
"FTI","20150213","40.39","41.1","40.06","41.07","3073469"
"FTI","20150217","40.99","43.119","40.47","43.01","4477204"
"FTI","20150218","42.31","43.17","42.01","42.78","3258813"
"FTI","20150219","41.05","42.37","41","41.65","3437830"
"FTI","20150220","41.54","41.78","40.6","40.97","2663247"
"FTI","20150223","40.36","41.47","40.09","40.8","3117958"
"FTI","20150224","41.16","41.31","40.47","41.25","2858860"
"FTI","20150225","41.47","41.47","40.65","40.94","2011307"
"FTI","20150226","40.59","41.06","39.815","39.99","3708240"
"FTI","20150227","40.27","40.43","39.75","39.94","4031579"
"FTI","20150302","39.78","39.93","39.09","39.63","3604777"
"FTI","20150303","39.78","40.06","39.42","39.61","3066252"
"FTI","20150304","39.57","39.68","38.89","39.5","3273416"
"FTI","20150305","39.35","40.1053","39.11","39.49","2704908"
"FTI","20150306","39.11","39.53","38.55","38.84","3878893"
"FTI","20150309","38.77","40.08","38.69","39.18","3806288"
"FTI","20150310","38.68","38.97","38.04","38.04","2372474"
"FTI","20150311","37.39","38.11","36.81","37.41","4947536"
"FTI","20150312","37.5","37.516","36.58","36.64","3187811"
"FTI","20150313","36.28","37","36.01","36.66","3581395"
"FTI","20150316","36.4","37.01","36.14","36.99","3297907"
"FTI","20150317","36.57","36.74","35.37","36.14","4402485"
"FTI","20150318","35.86","37.71","35.58","37.03","5697318"
"FTI","20150319","36.54","36.71","35.99","36.21","3964752"
"FTI","20150320","36.65","37.74","36.56","36.79","6703158"
"FTI","20150323","36.8","37.39","36.75","36.77","1849289"
"FTI","20150324","36.97","37.49","36.95","37.19","3494040"
"FTI","20150325","37.5","37.79","37.06","37.61","3281786"
"FTI","20150326","38.13","38.57","37.4","37.79","2929739"
"FTI","20150327","37.46","37.81","37.16","37.45","1627449"
"FTI","20150330","37.64","38.035","37.29","37.55","4161384"
"FTI","20150331","37.21","37.71","37","37","4013259"
"FTI","20150401","37.19","37.68","36.83","36.96","3512730"
"FTI","20150402","36.69","37.51","36.65","37.13","3051895"
"FTI","20150406","37.46","38.46","37.17","38.25","2564762"
"FTI","20150407","38.25","39.15","37.96","38.06","2574078"
"FTI","20150408","38.22","38.6","37.88","38.09","2692141"
"FTI","20150409","38.25","39.44","38.18","39.29","3259380"
"FTI","20150410","39.3","39.65","38.74","38.87","1604740"
"FTI","20150413","38.83","39.21","38.12","38.18","2974971"
"FTI","20150414","38.39","39.25","38.08","38.75","3309207"
"FTI","20150415","39.16","40.9","39.13","40.86","4006583"
"FTI","20150416","40.64","40.92","39.88","39.91","4328813"
"FTI","20150417","39.83","39.9","39","39.32","2271106"
"FTI","20150420","39.33","39.96","39.17","39.51","3538763"
"FTI","20150421","39.58","39.61","37.55","37.74","3264680"
"FTI","20150422","37.64","41.44","37.62","40.56","7437031"
"FTI","20150423","40.56","41.87","40.56","41.42","3984420"
"FTI","20150424","41.26","41.59","39.84","40","2919991"
"FTI","20150427","40.76","40.95","40.21","40.85","2148154"
"FTI","20150428","40.66","41.32","40.46","41.03","2356123"
"FTI","20150429","40.96","42.615","40.67","42.49","3150269"
"FTI","20150430","42.51","44.43","42.11","44.1","4759252"
"FTI","20150501","43.99","44.24","43","43.31","3074076"
"FTI","20150504","43.46","43.52","42.4781","42.86","1798288"
"FTI","20150505","43.11","44","43.06","43.39","2982123"
"FTI","20150506","43.63","44.28","43.03","43.24","2774708"
"FTI","20150507","42.83","42.87","41.54","42.15","2640098"
"FTI","20150508","42.57","42.97","41.95","42.79","1807148"
"FTI","20150511","42.7","42.76","41.41","41.55","1843575"
"FTI","20150512","41.85","42.26","41.23","41.83","1670259"
"FTI","20150513","42.01","42.08","41","41.44","2021536"
"FTI","20150514","41.66","42.2899","41.36","41.57","1996171"
"FTI","20150515","41.41","41.97","40.86","41.5","1735019"
"FTI","20150518","41.47","41.76","41.02","41.62","1958089"
"FTI","20150519","41.09","41.375","40.73","41.16","2946334"
"FTI","20150520","41.52","42.2","40.91","42.03","2505045"
"FTI","20150521","42.26","43.19","42.08","42.91","2360372"
"FTI","20150522","42.43","43.2","42.1","42.94","2612011"
"FTI","20150526","42.47","42.82","41","41.54","3733728"
"FTI","20150527","41.5","42.21","41.33","42.025","2815750"
"FTI","20150528","41.84","41.97","41.24","41.92","2204215"
"FTI","20150529","42.01","42.48","41.76","41.805","1770406"
"FTI","20150601","41.66","41.75","40.905","41.66","1994790"
"FTI","20150602","42.04","43.675","41.835","43.16","2197072"
"FTI","20150603","42.99","43.47","42.4","42.51","1640027"
"FTI","20150604","42.21","42.54","41.84","42.23","1925452"
"FTI","20150605","41.97","43.3","41.87","42.77","1519579"
"FTI","20150608","42.51","43.1","42.13","42.23","989442"
"FTI","20150609","42.65","43","42.4601","42.49","1093923"
"FTI","20150610","43.17","43.43","42.9","43.25","1982005"
"FTI","20150611","43.17","43.27","42.66","42.88","1670190"
"FTI","20150612","42.82","43.08","42.62","42.76","1633546"
"FTI","20150615","42.39","42.66","41.99","42.25","1113275"
"FTI","20150616","42.31","42.54","42.17","42.43","1401234"
"FTI","20150617","42.96","43.05","42.45","42.61","1643797"
"FTI","20150618","42.83","42.92","41.89","42.13","1676029"
"FTI","20150619","41.9","42.45","41.68","41.72","2342048"
"FTI","20150622","41.72","41.96","41.41","41.71","2359267"
"FTI","20150623","41.91","42.41","41.55","42.23","3553971"
"FTI","20150624","42.03","42.79","42","42.31","1997896"
"FTI","20150625","42.23","42.5","42.03","42.24","1645556"
"FTI","20150626","42.17","42.186","41.305","41.98","2913378"
"FTI","20150629","41.44","41.65","40.595","40.8","2924828"
"FTI","20150630","41.19","41.61","40.74","41.49","4546324"
"FTI","20150701","41.58","41.72","39.48","39.64","7249600"
"FTI","20150702","39.84","40.19","39.51","39.78","2233115"
"FTI","20150706","38.78","39.42","38.51","38.65","2164130"
"FTI","20150707","38.58","38.89","37.28","38.67","4072495"
"FTI","20150708","38.3","38.53","37.05","37.12","2875105"
"FTI","20150709","37.83","38.1","37.4","37.4","2271519"
"FTI","20150710","37.73","38.085","37","37.44","2991861"
"FTI","20150713","37.5","37.87","37.03","37.18","3433950"
"FTI","20150714","37.38","37.9","37.23","37.55","3420690"
"FTI","20150715","37.43","37.54","36.5","36.53","2417486"
"FTI","20150716","36.93","37.37","36.77","36.94","2672343"
"FTI","20150717","36.82","36.96","36.2","36.42","2690141"
"FTI","20150720","36.53","36.65","35.98","36.3","2495615"
"FTI","20150721","36.44","37.18","36.285","36.39","2870080"
"FTI","20150722","35","35.69","32.72","32.75","11597277"
"FTI","20150723","32.8","33.28","31.83","32.18","4566922"
"FTI","20150724","32.32","33.24","32.24","32.83","5340246"
"FTI","20150727","32.37","33.06","32.28","32.65","4058506"
"FTI","20150728","32.72","33.78","32.37","33.38","3861632"
"FTI","20150729","33.1","33.99","32.86","33.66","2541360"
"FTI","20150730","33.55","33.75","32.84","33.08","2529842"
"FTI","20150731","32.88","33.28","32.72","32.76","2520670"
"FTI","20150803","32.49","33.4","32.27","32.68","3079942"
"FTI","20150804","32.97","33.42","32.48","32.59","1711665"
"FTI","20150805","33.16","33.58","32.7","33.21","2994042"
"FTI","20150806","33.03","33.54","32.55","33.33","2360746"
"FTI","20150807","32.99","33.22","32.42","32.51","2743543"
"FTI","20150810","32.57","34.03","32.57","33.95","1865823"
"FTI","20150811","33.08","33.49","32.81","33.3","2180855"
"FTI","20150812","33.06","33.77","32.71","33.6797","2110746"
"FTI","20150813","33.17","33.47","32.495","32.68","1651738"
"FTI","20150814","32.69","33.41","32.63","32.83","2058481"
"FTI","20150817","32.61","33.34","32.55","32.87","3725670"
"FTI","20150818","32.76","33.09","32.47","32.64","1110510"
"FTI","20150819","32.35","32.65","31.45","31.62","2670086"
"FTI","20150820","31.48","32.1","30.92","30.94","1810641"
"FTI","20150821","30.62","31.21","30.01","30.03","2553013"
"FTI","20150824","28.03","30.01","27.94","29","3589016"
"FTI","20150825","30.32","30.32","28.72","28.75","3007850"
"FTI","20150826","30.88","32.03","29.67","30.73","6652246"
"FTI","20150827","31.84","33.65","31.51","32.52","3156173"
"FTI","20150828","32.43","34.34","32.42","34.28","4703380"
"FTI","20150831","33.75","35.21","33.39","34.78","3922188"
"FTI","20150901","33.2","34.17","32.3","33.24","3580772"
"FTI","20150902","33.79","34.25","33.015","33.76","4926464"
"FTI","20150903","34","34.35","33.44","33.89","4383705"
"FTI","20150904","33.82","33.92","32.94","33.2","3356934"
"FTI","20150908","33.53","33.94","33.22","33.86","2530737"
"FTI","20150909","34.16","34.49","32.6","32.86","2789365"
"FTI","20150910","32.86","33.62","32.53","33.3","2704129"
"FTI","20150911","32.01","32.71","32.01","32.56","2105246"
"FTI","20150914","32.45","33.15","32.27","33.03","2265528"
"FTI","20150915","33.16","33.94","33.08","33.8","1747894"
"FTI","20150916","34.19","35.66","33.91","35.12","2131985"
"FTI","20150917","35.02","35.33","34.29","34.59","2623165"
"FTI","20150918","31.31","33.99","31.31","33.26","2538120"
"FTI","20150921","33.76","33.94","33.11","33.19","1631811"
"FTI","20150922","32.54","33.93","32.51","33.01","2866520"
"FTI","20150923","33.08","33.44","32.73","32.78","1381958"
"FTI","20150924","32.46","32.85","31.78","32.55","2967131"
"FTI","20150925","32.93","33.11","32.5","32.83","1904000"
"FTI","20150928","32.38","32.49","31.355","31.44","2312975"
"FTI","20150929","31.74","32.11","31.23","31.56","3078919"
"FTI","20150930","31.74","31.92","30.49","30.99","3531641"
"FTI","20151001","31.54","31.59","29.72","29.84","5640475"
"FTI","20151002","30.72","30.73","30.72","30.72","7205616"
"FTI","20151005","31.07","32.985","30.39","32.77","5694040"
"FTI","20151006","32.77","34.04","32.27","33.49","6785493"
"FTI","20151007","34.15","34.57","33.24","34.18","3426517"
"FTI","20151008","34.09","34.985","33.54","34.77","2353347"
"FTI","20151009","34.9","34.9","34.01","34.46","1408463"
"FTI","20151012","34.43","34.67","33.43","33.67","1560020"
"FTI","20151013","33.4","34.23","33.33","33.63","1833540"
"FTI","20151014","33.72","34.11","33.25","33.98","1692335"
"FTI","20151015","33.91","34.85","33.61","34.79","3114087"
"FTI","20151016","35.01","35.04","33.45","34.09","2351197"
"FTI","20151019","33.62","34.07","33.43","33.85","687990"
"FTI","20151020","33.25","34.19","33.25","34.07","1508047"
"FTI","20151021","33.44","33.92","32.4","32.75","5466589"
"FTI","20151022","32.9","33.46","32.455","32.72","745861"
"FTI","20151023","32.68","33.73","32.44","33.26","724029"
"FTI","20151026","33.49","33.49","31.96","32.23","2463737"
"FTI","20151027","31.38","32.36","31.05","31.8","2347401"
"FTI","20151028","32.12","33.54","31.74","33.48","4596190"
"FTI","20151029","33.28","33.8","32.62","32.83","2310674"
"FTI","20151030","32.87","34.07","32.41","33.83","5227092"
"FTI","20151102","33.44","34.7","33.38","34.66","2617413"
"FTI","20151103","34.76","35.77","34.68","35.45","3193303"
"FTI","20151104","35.43","35.93","35.21","35.49","2111315"
"FTI","20151105","35.31","35.87","34.82","35.03","1724848"
"FTI","20151106","34.6","35.31","34.5","35.13","1400746"
"FTI","20151109","35.03","35.27","34.04","34.62","1391701"
"FTI","20151110","34.44","34.775","33.98","34.45","1135478"
"FTI","20151111","34.45","34.47","33.2802","33.645","1446772"
"FTI","20151112","32.49","32.49","32.43","32.49","1827040"
"FTI","20151113","32.34","32.82","32.08","32.26","1479945"
"FTI","20151116","32.28","33.46","32.12","33.43","1380664"
"FTI","20151117","33.29","33.64","32.91","33.14","1144050"
"FTI","20151118","33.51","34.36","33.18","34.32","1091954"
"FTI","20151119","34.18","34.43","33.28","33.43","962144"
"FTI","20151120","33.5","33.76","32.64","33.11","1346896"
"FTI","20151123","33.04","33.52","32.83","33.28","968470"
"FTI","20151124","33.49","34.345","33.39","34.2","1549872"
"FTI","20151125","33.8","34.46","33.34","33.91","904230"
"FTI","20151127","33.66","34.14","33.265","33.38","498288"
"FTI","20151130","34.13","34.6299","33.7","34.02","1472688"
"FTI","20151201","33.92","34.23","33.43","34.01","1571132"
"FTI","20151202","33.79","34.3","33.31","33.67","1849524"
"FTI","20151203","33.98","34.15","33.04","33.2","1755799"
"FTI","20151204","32.87","33.12","32.11","32.64","2270781"
"FTI","20151207","31.66","31.66","30.375","30.92","2913321"
"FTI","20151208","30.38","31.41","30.21","30.7","2695917"
"FTI","20151209","30.94","33.67","29.795","31.45","5437665"
"FTI","20151210","31","31.26","30.35","30.85","6454145"
"FTI","20151211","30.26","30.46","28.85","28.91","3665995"
"FTI","20151214","28.76","29.61","28.76","29.19","3804482"
"FTI","20151215","29.66","31.12","29.56","30.62","2836834"
"FTI","20151216","30.52","31.035","29.935","30.36","2270733"
"FTI","20151217","30.18","30.36","29.04","29.05","2345495"
"FTI","20151218","28.87","29.08","28.34","28.36","2748006"
"FTI","20151221","28.39","28.855","28.08","28.7","1916491"
"FTI","20151222","28.87","29.13","28.65","28.88","2555271"
"FTI","20151223","29.57","29.68","28.99","29.62","2958953"
"FTI","20151224","29.7","29.85","29.23","29.25","1197012"
"FTI","20151228","28.59","28.96","28.34","28.95","1812503"
"FTI","20151229","29.45","29.73","29.01","29.19","1462788"
"FTI","20151230","28.56","29.59","28.56","29.17","1820765"
"FTI","20151231","28.97","29.41","28.83","29","1103597"
"FTI","20160104","28.88","29.24","28.355","29.23","2037384"
"FTI","20160105","29.14","29.27","28.4839","28.82","1908835"
"FTI","20160106","27.96","28.3","26.76","27.11","4659083"
"FTI","20160107","26.55","27.415","26.37","26.84","4586588"
"FTI","20160108","27.21","27.58","25.975","25.99","3085182"
"FTI","20160111","26.12","26.17","25.22","25.44","3009462"
"FTI","20160112","26.2","26.2","24.72","25.25","3937615"
"FTI","20160113","25.53","25.75","24.745","24.75","4011300"
"FTI","20160114","24.95","25.62","24.55","25.5","3592733"
"FTI","20160115","24.48","24.79","24.09","24.33","4514518"
"FTI","20160119","24.49","24.56","23.57","23.88","4121883"
"FTI","20160120","23.34","23.88","22.85","23.59","4781393"
"FTI","20160121","23.36","24.42","23.26","23.78","3881154"
"FTI","20160122","24.81","24.98","23.68","24.31","5050018"
"FTI","20160125","23.61","24.54","23.37","23.38","4064617"
"FTI","20160126","24","24.25","23.52","23.93","3030851"
"FTI","20160127","23.84","24.5","23.66","23.92","3871170"
"FTI","20160128","24.97","25.13","23.95","24.32","4508391"
"FTI","20160129","24.35","25.15","24.15","25.15","5911022"
"FTI","20160201","25.05","25.25","24.22","24.78","4682495"
"FTI","20160202","23.53","24.2","23.53","23.64","2750195"
"FTI","20160203","23.94","24.4","22.91","24.07","5508550"
"FTI","20160204","24.35","25.45","24.07","24.28","6229951"
"FTI","20160205","23.83","24.38","23.54","23.8","4700866"
"FTI","20160208","23.39","23.72","23.16","23.63","5085658"
"FTI","20160209","23.24","23.5","22.52","22.98","4383329"
"FTI","20160210","22.88","23.61","22.705","23.16","5438934"
"FTI","20160211","22.74","23.14","22.3","22.77","3985372"
"FTI","20160212","23.1","23.71","22.98","23.12","8520833"
"FTI","20160216","23.53","23.65","23.04","23.48","8196341"
"FTI","20160217","26.19","26.83","24.93","25.14","14133305"
"FTI","20160218","25.41","25.41","24.44","24.84","5373444"
"FTI","20160219","24.63","25.17","24.3","25.16","3641974"
"FTI","20160222","26.25","26.25","25.26","25.32","3272148"
"FTI","20160223","25.12","25.3","24.19","24.2","2434734"
"FTI","20160224","23.79","24.51","23.52","24.48","3279168"
"FTI","20160225","24.46","24.62","23.27","23.86","2864903"
"FTI","20160226","24.36","24.8475","24.12","24.53","2623902"
"FTI","20160229","24.54","24.88","24.23","24.53","5085299"
"FTI","20160301","24.82","25.56","24.67","25.38","2605194"
"FTI","20160302","25.24","25.77","24.7","25.75","2391976"
"FTI","20160303","25.72","26.47","25.62","26.43","3039193"
"FTI","20160304","26.54","26.66","25.35","25.69","5138287"
"FTI","20160307","25.6","26.67","25.44","26.64","6018937"
"FTI","20160308","26.39","26.39","23.99","24.34","7066307"
"FTI","20160309","24.64","25.67","23.68","25.265","4446531"
"FTI","20160310","25.12","25.54","24.82","25.37","3005945"
"FTI","20160311","26.11","27.58","26.11","27.53","5320233"
"FTI","20160314","27.04","27.53","26.82","27.17","3763782"
"FTI","20160315","26.77","26.85","26.22","26.78","2619459"
"FTI","20160316","26.87","27.1925","26.54","27.07","2244719"
"FTI","20160317","27.36","27.71","27.07","27.6","2317599"
"FTI","20160318","27.8","27.88","27.425","27.54","4951891"
"FTI","20160321","27.3","27.87","27.13","27.82","2201649"
"FTI","20160322","27.4","27.94","27.2901","27.45","1970866"
"FTI","20160323","27.19","27.54","26.86","26.87","2066525"
"FTI","20160324","26.35","27.03","26.11","26.98","1993857"
"FTI","20160328","26.98","27.15","26.51","26.84","2531575"
"FTI","20160329","26.42","26.89","26.17","26.85","1921917"
"FTI","20160330","27.19","27.65","26.89","27.09","2243288"
"FTI","20160331","26.97","27.4","26.88","27.36","2895603"
"FTI","20160401","26.77","27.56","26.77","27.24","2570991"
"FTI","20160404","27.08","27.295","26.72","27.1","3062278"
"FTI","20160405","26.83","27.27","26.59","26.98","2352679"
"FTI","20160406","27.35","27.63","26.53","27.55","2669170"
"FTI","20160407","27.28","27.46","26.5","26.8","2393966"
"FTI","20160408","27.43","27.97","27.34","27.55","1574524"
"FTI","20160411","27.61","27.85","27.23","27.23","1656521"
"FTI","20160412","27.46","28.25","27.21","28.08","2412990"
"FTI","20160413","28.19","28.86","28.04","28.71","2035925"
"FTI","20160414","28.76","28.9","27.84","28.23","2799919"
"FTI","20160415","27.92","27.92","27.19","27.7","2312824"
"FTI","20160418","26.99","28.84","26.8811","28.77","2223256"
"FTI","20160419","29","29.6","28.71","29.52","2386448"
"FTI","20160420","29.28","29.57","28.92","29.29","1716210"
"FTI","20160421","29.38","29.45","28.765","28.91","1913386"
"FTI","20160422","28.95","30.06","28.9","29.52","1802868"
"FTI","20160425","29.34","29.46","28.63","28.87","2125536"
"FTI","20160426","29.07","29.19","27.93","28.5","6480787"
"FTI","20160427","29.24","31.05","28.24","30.35","5512635"
"FTI","20160428","30.13","31.295","29.97","30.22","5328490"
"FTI","20160429","30.32","31.25","29.835","30.49","3710709"
"FTI","20160502","30.47","30.7","29.65","29.95","2248981"
"FTI","20160503","29.48","29.605","29.01","29.45","2282939"
"FTI","20160504","29.49","29.82","28.48","28.53","2064490"
"FTI","20160505","29.14","29.19","28.32","28.57","1623593"
"FTI","20160506","28.26","29.05","28.07","28.64","1541341"
"FTI","20160509","27.77","28.04","27.25","27.58","2120620"
"FTI","20160510","27.67","28.06","27.47","27.95","1473357"
"FTI","20160511","27.89","28.42","27.13","28.12","1863208"
"FTI","20160512","28.45","28.61","27.64","28.02","1652126"
"FTI","20160513","27.78","28.07","27.43","27.57","1655039"
"FTI","20160516","28.14","29.035","28.03","28.85","2745028"
"FTI","20160517","28.79","29.42","28.74","29.33","2208228"
"FTI","20160518","29.2","29.26","28.425","28.63","2216851"
"FTI","20160519","29.01","29.01","27.29","27.3","8110153"
"FTI","20160520","27.18","27.6","26.47","27.12","8841528"
"FTI","20160523","26.87","27.26","26.65","27.05","3957144"
"FTI","20160524","27.27","27.34","26.55","26.97","4298586"
"FTI","20160525","27.23","27.49","27.12","27.29","5605255"
"FTI","20160526","27.54","27.65","26.73","26.74","4054996"
"FTI","20160527","26.76","27.01","26.65","27","1881260"
"FTI","20160531","27.06","27.46","27","27.23","2760885"
"FTI","20160601","26.91","27.16","26.51","26.905","2228263"
"FTI","20160602","26.58","26.89","26.42","26.6","1929938"
"FTI","20160603","26.66","27.06","26.52","26.59","1988164"
"FTI","20160606","27.02","27.895","27","27.8","4106014"
"FTI","20160607","27.99","28.43","27.965","28.35","3537292"
"FTI","20160608","29","29.38","28.82","29.06","3919388"
"FTI","20160609","28.51","28.67","28.24","28.26","3327523"
"FTI","20160610","27.82","28.145","27.46","27.48","2216237"
"FTI","20160613","26.79","27.41","26.72","26.93","2421662"
"FTI","20160614","26.43","27.07","26.41","26.73","2377843"
"FTI","20160615","26.71","27.25","26.49","26.67","1875294"
"FTI","20160616","26.34","26.37","25.71","26.11","2201091"
"FTI","20160617","26.46","27.53","26.27","27.05","2844994"
"FTI","20160620","27.59","27.85","27.38","27.42","3072419"
"FTI","20160621","27.35","27.7","27.03","27.59","2669954"
"FTI","20160622","27.96","27.96","27.54","27.6","1754372"
"FTI","20160623","27.99","28.17","27.76","28.11","2110318"
"FTI","20160624","26.18","26.97","25.86","25.9","4398139"
"FTI","20160627","25.41","25.5","24.31","24.42","2208419"
"FTI","20160628","25.03","25.21","24.74","25.02","2498199"
"FTI","20160629","25.66","26.13","25.54","25.85","3054712"
"FTI","20160630","26.16","26.67","25.98","26.67","2493068"
"FTI","20160701","26.97","27.48","26.97","27.24","1944653"
"FTI","20160705","26.78","26.79","25.82","26.14","2077975"
"FTI","20160706","25.63","25.98","25.342","25.92","1482007"
"FTI","20160707","26.09","26.615","25.62","25.81","2152701"
"FTI","20160708","26.24","26.57","26.1","26.36","1537490"
"FTI","20160711","26.8","27.1","26.21","26.21","2231716"
"FTI","20160712","26.9","27.45","26.9","27.1","2335855"
"FTI","20160713","27.26","27.4","26.625","27.04","2350308"
"FTI","20160714","27.46","27.5425","27.12","27.33","2030493"
"FTI","20160715","27.48","27.51","27.17","27.32","1558137"
"FTI","20160718","27.18","27.71","27.01","27.7","1918236"
"FTI","20160719","27.49","27.82","27.35","27.39","2283184"
"FTI","20160720","27.2","27.9","27.03","27.74","3498450"
"FTI","20160721","27.96","28.26","27.07","27.18","5298042"
"FTI","20160722","27.12","27.27","25.96","26.04","4946348"
"FTI","20160725","25.76","25.82","25.18","25.24","2827303"
"FTI","20160726","25.19","25.43","24.98","25.37","2496853"
"FTI","20160727","25.45","25.695","25","25.24","2525727"
"FTI","20160728","25.55","25.95","25.25","25.38","3605955"
"FTI","20160729","25.16","25.45","25.12","25.38","3227624"
"FTI","20160801","25.2","25.23","24.12","24.19","3252412"
"FTI","20160802","24.33","24.62","24","24.61","2860864"
"FTI","20160803","24.59","24.97","24.37","24.97","1900973"
"FTI","20160804","24.89","25.19","24.63","24.98","2336494"
"FTI","20160805","25.03","25.82","25.03","25.75","2164304"
"FTI","20160808","26.03","26.3","25.95","26.03","2817763"
"FTI","20160809","26.5","26.62","26.15","26.28","4646774"
"FTI","20160810","26.4","26.68","25.965","26.02","3320263"
"FTI","20160811","26.13","26.68","26.1","26.555","3661286"
"FTI","20160812","27.11","27.29","26.625","26.77","3514462"
"FTI","20160815","26.89","27.24","26.86","27.07","2646097"
"FTI","20160816","27.31","27.58","27.1","27.19","2700155"
"FTI","20160817","27.02","27.58","26.86","27.55","3220000"
"FTI","20160818","28.55","28.69","28.55","28.55","2945688"
"FTI","20160819","28.85","29.05","28.5","28.83","4040810"
"FTI","20160822","28.58","28.64","28.16","28.29","2054324"
"FTI","20160823","28.35","28.76","28.3","28.47","2027882"
"FTI","20160824","28.28","28.62","28.125","28.2","2611017"
"FTI","20160825","28.39","28.56","28.21","28.52","2265664"
"FTI","20160826","28.68","28.91","27.92","28.06","3730757"
"FTI","20160829","28","28.4","27.96","28.03","2925671"
"FTI","20160830","28.19","28.47","27.89","28.24","2982931"
"FTI","20160831","28.04","28.59","28.04","28.2","4213893"
"FTI","20160901","28.25","28.34","27.41","27.71","2879121"
"FTI","20160902","28.12","28.29","27.77","27.84","1649713"
"FTI","20160906","28.31","28.69","28.25","28.44","3042284"
"FTI","20160907","28.45","28.69","28.165","28.21","3457356"
"FTI","20160908","28.38","28.92","28.31","28.855","3213622"
"FTI","20160909","28.72","28.89","27.81","27.82","3277791"
"FTI","20160912","27.65","28.5","27.52","28.31","3297309"
"FTI","20160913","28.08","28.32","27.525","27.865","2961219"
"FTI","20160914","27.75","28.095","27.415","27.61","3042549"
"FTI","20160915","27.7","27.98","27.4","27.83","2790323"
"FTI","20160916","27.35","27.6","27.29","27.52","2674304"
"FTI","20160919","27.78","28.13","27.485","27.5","2350960"
"FTI","20160920","27.53","27.765","27.31","27.55","4493431"
"FTI","20160921","27.81","28.04","27.45","27.92","2643281"
"FTI","20160922","28.47","28.63","27.94","27.99","3652958"
"FTI","20160923","27.87","28.08","27.33","27.45","3929260"
"FTI","20160926","27.65","28.06","27.5","27.53","2813643"
"FTI","20160927","27.142","27.716","27.12","27.43","2753563"
"FTI","20160928","27.72","28.55","27.34","28.52","3404636"
"FTI","20160929","28.92","30.02","28.91","29.51","5431253"
"FTI","20160930","30.08","30.19","29.635","29.67","3145171"
"FTI","20161003","29.7","29.965","29.48","29.86","3468062"
"FTI","20161004","30.04","30.3","29.725","29.95","3462109"
"FTI","20161005","30.51","31.07","30.41","30.72","3987367"
"FTI","20161006","30.87","31.26","30.75","30.96","2608643"
"FTI","20161007","31.52","31.54","31.13","31.31","2917699"
"FTI","20161010","31.72","32.22","31.72","32.15","3495785"
"FTI","20161011","31.85","31.89","31.01","31.3","2839751"
"FTI","20161012","31.28","31.5","31.255","31.43","2428145"
"FTI","20161013","31.27","31.99","31.24","31.85","3334818"
"FTI","20161014","32","32.05","31.63","31.73","2811954"
"FTI","20161017","31.73","31.99","31.33","31.43","2532531"
"FTI","20161018","31.84","31.95","30.91","31.15","2870924"
"FTI","20161019","31.33","31.56","31.14","31.48","3718952"
"FTI","20161020","32.3","33.38","31.9","32.85","8689370"
"FTI","20161021","32.96","33.43","32.885","33.27","4162290"
"FTI","20161024","33.18","33.2","32.025","32.43","3264230"
"FTI","20161025","32.38","32.62","32.24","32.42","2414048"
"FTI","20161026","31.99","32.24","31.65","32.15","2688636"
"FTI","20161027","32.87","32.98","32.3907","32.5","4557811"
"FTI","20161028","32.65","33.1","32.23","32.48","3895627"
"FTI","20161031","32.53","32.75","32.18","32.27","3770312"
"FTI","20161101","32.53","32.75","32.12","32.5","4237366"
"FTI","20161102","32.08","32.32","31.53","32.14","3691004"
"FTI","20161103","32.23","32.7","32.15","32.64","3179098"
"FTI","20161104","32.44","32.57","31.985","32.24","2859824"
"FTI","20161107","32.78","32.96","32.54","32.96","2121461"
"FTI","20161108","32.72","33.0625","32.7","32.91","1808670"
"FTI","20161109","32.93","33.85","32.85","33.52","3521904"
"FTI","20161110","34","34.685","33.84","34.48","4027004"
"FTI","20161111","34.27","34.47","33.55","33.76","2784127"
"FTI","20161114","33.61","34.25","33.61","34.23","2013468"
"FTI","20161115","34.51","35.74","34.38","35.4","3202162"
"FTI","20161116","35.05","35.08","34.5","34.81","2692896"
"FTI","20161117","34.79","35.01","34.415","34.92","2999811"
"FTI","20161118","34.41","34.51","34.09","34.26","2334157"
"FTI","20161121","34.74","35.15","34.6","35.12","2155419"
"FTI","20161122","34.94","35.04","34.34","34.76","2308101"
"FTI","20161123","34.25","34.84","34","34.71","2803713"
"FTI","20161124","34.71","34.71","34.71","34.71","0"
"FTI","20161125","34.29","34.29","33.64","33.98","1427013"
"FTI","20161128","33.37","33.6","33.055","33.31","3374502"
"FTI","20161129","32.75","33.28","32.445","32.99","3633553"
"FTI","20161130","33.99","34.74","33.79","34.27","5107648"
"FTI","20161201","34.82","35.17","34.51","34.67","3367307"
"FTI","20161202","34.83","35.815","34.8089","35.6","2800663"
"FTI","20161205","35.89","36.51","35.86","36.32","2922255"
"FTI","20161206","36","36.32","35.85","36.24","2659380"
"FTI","20161207","35.78","36.02","35.54","35.89","2420624"
"FTI","20161208","35.46","35.96","35.17","35.9","4761878"
"FTI","20161209","35.55","35.75","35.17","35.35","2439885"
"FTI","20161212","36.38","36.41","35.83","36.08","3738060"
"FTI","20161213","35.88","35.9","35.55","35.71","2486351"
"FTI","20161214","35.41","35.62","34.94","35.005","1573972"
"FTI","20161215","34.56","35.31","34.42","35.13","2692167"
"FTI","20161216","34.95","35.03","34.67","34.9","2741533"
"FTI","20161219","34.75","34.83","34.43","34.63","1677726"
"FTI","20161220","34.87","35.04","34.64","34.68","1918676"
"FTI","20161221","34.93","35.03","34.6","34.96","2031324"
"FTI","20161222","35","35.47","34.84","35.25","1675433"
"FTI","20161223","35.18","35.3","34.82","35.02","1308937"
"FTI","20161227","35.25","35.69","35.25","35.67","1172976"
"FTI","20161228","35.7","35.87","35.09","35.19","2386109"
"FTI","20161229","35.27","35.725","35.27","35.55","2059321"
"FTI","20161230","35.6","35.91","35.39","35.54","1587991"
"FTI","20170103","36.08","36.44","35.86","36.39","4095241"
"FTI","20170104","36.29","36.79","36.07","36.73","2389580"
"FTI","20170105","36.55","36.96","36.33","36.61","3073103"
"FTI","20170106","36.16","36.73","35.9","36.4","3293947"
"FTI","20170109","36.09","36.44","35.76","35.89","3732440"
"FTI","20170110","36.34","36.34","35.71","35.8","2257199"
"FTI","20170111","35.98","36.81","35.91","36.67","3447302"
"FTI","20170112","37.03","37.09","35.935","36","6581365"
"FTI","20170113","35.62","35.95","35.1243","35.85","32474888"
"FTI","20170117","35.89","36.14","34.92","35.35","44967802"
"FTI","20170118","34.86","35.22","34.45","34.92","9016633"
"FTI","20170119","34.72","34.9","34.17","34.2","5323965"
"FTI","20170120","34.3","34.46","34.03","34.12","5051047"
"FTI","20170123","33.84","33.84","33.17","33.47","5738282"
"FTI","20170124","33.73","34.65","33.66","34.21","3778564"
"FTI","20170125","34.51","35.335","34.49","35.265","4294319"
"FTI","20170126","35.06","35.44","35.04","35.25","3522839"
"FTI","20170127","35.7","35.73","35.145","35.3","2702189"
"FTI","20170130","34.61","34.7","33.18","33.3","3890140"
"FTI","20170131","33.43","33.66","32.835","33.62","4967793"
"FTI","20170201","33.69","33.91","33.32","33.7","3623226"
"FTI","20170202","33.45","33.46","32.705","32.91","2423119"
"FTI","20170203","32.56","33.41","32.56","33.41","3232525"
"FTI","20170206","32.76","32.83","31.975","32.01","3194551"
"FTI","20170207","31.48","31.77","31.115","31.47","5456423"
"FTI","20170208","30.79","31.485","30.61","31.22","3543126"
"FTI","20170209","31.155","31.505","30.99","31.26","4046876"
"FTI","20170210","31.19","31.78","31.18","31.76","4410509"
"FTI","20170213","31.93","32.055","31.62","31.85","2329901"
"FTI","20170214","32.17","32.34","31.67","32.33","3313401"
"FTI","20170215","32.24","32.825","32.22","32.68","5424927"
"FTI","20170216","32.44","32.78","32.28","32.48","3792441"
"FTI","20170217","32.18","32.33","32.03","32.1","2010212"
"FTI","20170221","32.41","32.75","32.36","32.71","2199359"
"FTI","20170222","32.55","32.835","32.275","32.69","3287791"
"FTI","20170223","33.23","33.35","32.59","32.87","3857508"
"FTI","20170224","31.88","32.34","31.88","32.3","3878480"
"FTI","20170227","32.04","33.405","32","33.03","4069405"
"FTI","20170228","32.56","32.58","32.19","32.32","4894440"
"FTI","20170301","32.53","33.35","32.52","33.2","2324120"
"FTI","20170302","33.17","33.72","33.1","33.14","2320073"
"FTI","20170303","33.27","33.35","32.425","32.52","1531878"
"FTI","20170306","32.2","32.35","32.03","32.28","2097101"
"FTI","20170307","32.03","32.1","31.66","31.9","2334423"
"FTI","20170308","31.61","31.96","31.48","31.59","4610762"
"FTI","20170309","31.28","31.59","30.73","31.5","5326023"
"FTI","20170310","31.54","31.8","31.43","31.7","2763712"
"FTI","20170313","31.72","32.04","31.66","31.79","2148024"
"FTI","20170314","31.29","31.49","30.96","31.37","2741566"
"FTI","20170315","31.51","32.115","31.35","32.04","2989942"
"FTI","20170316","32.11","32.13","31.53","31.82","2675745"
"FTI","20170317","31.75","31.93","31.25","31.69","10379481"
"FTI","20170320","31.33","31.52","31.18","31.39","4160988"
"FTI","20170321","31.54","32.025","31.415","31.86","5160129"
"FTI","20170322","31.61","32.25","31.61","32.06","4117171"
"FTI","20170323","31.69","31.7311","31.28","31.41","4610220"
"FTI","20170324","31.45","31.725","31.22","31.3","2788767"
"FTI","20170327","31.33","31.56","31.21","31.4","2857629"
"FTI","20170328","31.52","32.03","31.47","31.96","3578232"
"FTI","20170329","31.91","33.03","31.87","32.98","2878687"
"FTI","20170330","33.19","33.21","32.13","32.18","9686321"
"FTI","20170331","32.52","32.89","32.45","32.49","2633054"
"FTI","20170403","32.83","32.83","32.165","32.455","2397945"
"FTI","20170404","32.46","32.84","32.24","32.64","2026707"
"FTI","20170405","33.47","33.76","32.95","32.97","3494262"
"FTI","20170406","33.71","34.07","33.42","33.635","2809681"
"FTI","20170407","33.98","34","33.42","33.5","1827519"
"FTI","20170410","33.47","33.8","33.35","33.64","1389881"
"FTI","20170411","33.77","33.79","33.2","33.53","1666972"
"FTI","20170412","33.63","33.8499","33.22","33.325","2429195"
"FTI","20170413","33.11","33.22","32.5","32.53","1546209"
"FTI","20170417","32.75","32.84","32.31","32.57","2012289"
"FTI","20170418","32.45","32.71","32.32","32.45","1611590"
"FTI","20170419","32.47","32.54","31.98","32.04","3004212"
"FTI","20170420","32.36","32.63","32.075","32.16","2736018"
"FTI","20170421","31.89","32.03","31.51","31.71","3167618"
"FTI","20170424","32.8","32.8","31.85","31.89","4595542"
"FTI","20170425","32.19","32.25","31.88","32.12","4222204"
"FTI","20170426","31.87","32.465","31.87","32.26","2677321"
"FTI","20170427","30.09","30.52","29.86","30.22","8467145"
"FTI","20170428","30.2","30.32","29.91","30.12","2380091"
"FTI","20170501","30.05","30.285","29.9099","30.075","1795745"
"FTI","20170502","30.76","31.11","30.59","30.755","3852518"
"FTI","20170503","31.06","31.27","30.83","31.175","3277723"
"FTI","20170504","31.21","31.25","30.8","31.02","3689982"
"FTI","20170505","31.42","31.96","31.26","31.93","1797938"
"FTI","20170508","31.54","31.82","31.45","31.59","1987540"
"FTI","20170509","31.59","31.72","31.27","31.61","1691397"
"FTI","20170510","31.95","32.39","31.9","32","2671228"
"FTI","20170511","32.03","32.03","31.45","31.53","1924575"
"FTI","20170512","31.54","31.59","30.78","30.92","1930289"
"FTI","20170515","31.74","31.8875","31.355","31.46","2532150"
"FTI","20170516","31.91","32.04","31.29","31.4","2849932"
"FTI","20170517","31.28","31.4601","31.01","31.28","2651329"
"FTI","20170518","30.81","31.78","30.78","31.54","2310757"
"FTI","20170519","31.74","32.26","31.625","32.075","2570485"
"FTI","20170522","32.37","32.46","31.95","32.1","2003324"
"FTI","20170523","32.17","32.21","31.64","31.79","2661344"
"FTI","20170524","31.75","31.88","30.91","31.27","3400932"
"FTI","20170525","30.82","30.905","29.36","29.39","9847871"
"FTI","20170526","28.75","29.25","28.75","29.07","5003912"
"FTI","20170530","28.98","29.02","28.68","28.68","2210838"
"FTI","20170531","28.71","29.04","28.42","28.95","4946769"
"FTI","20170601","28.7","29.45","28.56","29.42","3731957"
"FTI","20170602","29.04","29.29","28.74","29","3444766"
"FTI","20170605","28.92","29.355","28.87","29.1","1490941"
"FTI","20170606","28.75","29.165","28.7","29.03","2866012"
"FTI","20170607","28.65","28.87","28.08","28.21","4495899"
"FTI","20170608","27.93","28.265","27.8901","28.0699","2655322"
"FTI","20170609","27.99","28.8","27.92","28.54","3633337"
"FTI","20170612","28.78","28.91","28.46","28.7","3179773"
"FTI","20170613","28.59","28.975","28.57","28.89","2538871"
"FTI","20170614","28.83","28.85","28.04","28.38","3492804"
"FTI","20170615","27.33","27.84","27.33","27.655","5860212"
"FTI","20170616","27.32","27.61","27.24","27.595","7365481"
"FTI","20170619","27.45","27.48","27.17","27.23","3467778"
"FTI","20170620","26.78","26.79","26.42","26.62","3215240"
"FTI","20170621","26.86","26.87","26.245","26.49","4197475"
"FTI","20170622","26.38","27.08","26.25","26.74","3298468"
"FTI","20170623","26.79","27.015","26.625","26.7","1938072"
"FTI","20170626","26.97","27.085","26.795","26.88","1735528"
"FTI","20170627","27.09","27.395","26.89","26.93","3219806"
"FTI","20170628","27.15","27.475","27.14","27.24","2299261"
"FTI","20170629","27.2","27.33","27.02","27.23","3468282"
"FTI","20170630","27.25","27.38","27.07","27.2","2979851"
"FTI","20170703","27.46","28.3","27.43","27.7","1895296"
"FTI","20170705","27.65","27.71","27.1","27.46","3788590"
"FTI","20170706","27.49","27.54","26.94","26.97","2304985"
"FTI","20170707","26.55","26.79","26.33","26.75","2135415"
"FTI","20170710","26.46","27.47","26.46","27.175","3497185"
"FTI","20170711","27.3","28.18","27.13","27.59","4352459"
"FTI","20170712","28.13","28.16","27.44","27.63","2138521"
"FTI","20170713","27.02","27.61","26.78","27.52","3758049"
"FTI","20170714","28.07","28.36","27.865","28.09","2464547"
"FTI","20170717","27.88","28.19","27.795","27.81","1581938"
"FTI","20170718","28.2","28.2","27.61","27.795","1368116"
"FTI","20170719","27.6","28.81","27.59","28.68","3065307"
"FTI","20170720","28.7","28.77","28.25","28.43","2250112"
"FTI","20170721","28.28","28.36","27.82","27.89","2230987"
"FTI","20170724","27.99","28.115","27.82","28.05","1786576"
"FTI","20170725","26.41","28.3","26.41","27.5597","8438240"
"FTI","20170726","27.83","28.24","27.64","27.71","3116934"
"FTI","20170727","28.5","28.73","27.67","28.7","3811869"
"FTI","20170728","28.44","29.18","28.41","28.89","3792009"
"FTI","20170731","28.84","28.84","28.31","28.54","1893423"
"FTI","20170801","28.54","28.55","27.96","28.24","2187338"
"FTI","20170802","28.01","28.15","27.7","27.865","2665373"
"FTI","20170803","27.77","27.8","27.4","27.53","2195726"
"FTI","20170804","27.75","27.76","27.34","27.54","1549558"
"FTI","20170807","27.68","27.68","27.24","27.3","1937981"
"FTI","20170808","27.03","27.39","26.95","27.14","2194937"
"FTI","20170809","27.16","27.33","26.94","27.16","2395524"
"FTI","20170810","27.13","27.18","26.57","26.9","2882192"
"FTI","20170811","26.45","26.79","26.4","26.42","1819967"
"FTI","20170814","26.47","26.64","26.24","26.3","1498756"
"FTI","20170815","26.2","26.29","25.91","26.11","1706359"
"FTI","20170816","26.4","26.4","25.75","25.89","1463913"
"FTI","20170817","25.88","26.12","25.57","25.57","1833620"
"FTI","20170818","25.51","25.98","25.45","25.75","2131881"
"FTI","20170821","25.58","25.635","25.405","25.43","1903406"
"FTI","20170822","25.6","25.62","25.3","25.31","1292552"
"FTI","20170823","25.45","25.785","25.39","25.61","1268531"
"FTI","20170824","25.55","25.57","25.17","25.17","1514800"
"FTI","20170825","25.52","25.84","25.49","25.76","2230499"
"FTI","20170828","25.82","25.855","25.375","25.5","2017423"
"FTI","20170829","25.42","25.67","25.3","25.61","1707038"
"FTI","20170830","25.43","25.57","25.29","25.42","1713632"
"FTI","20170831","25.62","25.95","25.48","25.83","2300785"
"FTI","20170901","26.04","26.36","25.8","26.32","2242961"
"FTI","20170905","26.48","26.715","26.32","26.57","3095224"
"FTI","20170906","26.63","26.835","26.17","26.24","3583028"
"FTI","20170907","26.62","26.72","26.235","26.31","2428328"
"FTI","20170908","26.18","26.2305","25.455","25.5","2252515"
"FTI","20170911","25.74","25.95","25.57","25.77","2530918"
"FTI","20170912","25.68","26.105","25.65","25.94","3074709"
"FTI","20170913","25.95","26.41","25.9","26.41","4544622"
"FTI","20170914","26.85","26.99","26.56","26.7","3126815"
"FTI","20170915","26.92","27.075","26.595","27.06","6445836"
"FTI","20170918","26.98","27.38","26.9","27.21","2381343"
"FTI","20170919","27.36","27.65","27.25","27.595","2645142"
"FTI","20170920","27.52","27.87","27.4","27.56","3707370"
"FTI","20170921","27.41","27.495","27.13","27.2","2547648"
"FTI","20170922","27.11","27.14","26.575","26.83","2341257"
"FTI","20170925","26.6","27.15","26.57","27.02","3091263"
"FTI","20170926","26.78","26.98","26.71","26.79","2268283"
"FTI","20170927","26.93","27.44","26.78","27.44","3691395"
"FTI","20170928","28.08","28.5","27.71","27.82","3732900"
"FTI","20170929","27.69","27.95","27.405","27.92","3867204"
"FTI","20171002","27.58","27.7","27.47","27.66","1899620"
"FTI","20171003","27.95","28.0401","27.79","27.83","2472560"
"FTI","20171004","27.74","28.05","27.53","27.55","1936543"
"FTI","20171005","27.72","27.72","27.47","27.47","2110802"
"FTI","20171006","27.39","27.49","27.215","27.415","1536402"
"FTI","20171009","27.62","27.66","27.4583","27.6","1354504"
"FTI","20171010","27.79","27.895","27.24","27.27","1615239"
"FTI","20171011","27.28","27.315","26.83","27.27","3181151"
"FTI","20171012","26.93","26.94","26.6","26.62","2596994"
"FTI","20171013","26.8","26.96","26.64","26.67","1234854"
