"FUN","20150120","50.81","51.1","50.61","51.1","148871"
"FUN","20150121","51.07","52.04","51.07","51.79","118360"
"FUN","20150122","51.83","52.5","51.82","52.5","143833"
"FUN","20150123","52.69","53.5","52.31","53.4","130367"
"FUN","20150126","53.38","53.897","53.2","53.5","108829"
"FUN","20150127","53.35","53.6","52.8416","53.4","149945"
"FUN","20150128","53.56","53.81","53.04","53.04","49366"
"FUN","20150129","53.1","54.27","52.66","54.21","102546"
"FUN","20150130","54.24","54.69","53.9628","54.32","133627"
"FUN","20150202","55.09","55.09","53.955","54.5","212463"
"FUN","20150203","54.62","54.62","53.575","53.81","152427"
"FUN","20150204","53.72","54.5","53.68","54.17","122314"
"FUN","20150205","54.41","54.65","54","54.09","137573"
"FUN","20150206","54","54.26","53.7","54.13","164361"
"FUN","20150209","54.13","54.13","52.87","53","176785"
"FUN","20150210","53.4","54.7","53.25","54.5","159049"
"FUN","20150211","54.5","54.957","54","54.19","104274"
"FUN","20150212","54.53","54.749","54.2","54.35","49664"
"FUN","20150213","54.34","54.49","53.54","53.8","56830"
"FUN","20150217","53.79","53.79","53.29","53.35","96862"
"FUN","20150218","53","53.492","53","53.47","109945"
"FUN","20150219","53.5","54.2","52.08","52.71","200497"
"FUN","20150220","53.18","54.495","52.61","54.26","135589"
"FUN","20150223","54.23","55.75","53.59","55.35","375782"
"FUN","20150224","55.38","56.77","55.12","56.23","307206"
"FUN","20150225","56.33","56.33","54.88","55.68","217236"
"FUN","20150226","55.66","55.75","54.75","55.68","104331"
"FUN","20150227","55.61","55.98","55.144","55.93","145616"
"FUN","20150302","56.35","56.81","55.28","55.33","162664"
"FUN","20150303","55.23","56.17","55.06","55.79","168232"
"FUN","20150304","55.62","56","54.871","55.76","176536"
"FUN","20150305","55.73","56.11","55.38","55.74","75907"
"FUN","20150306","55.7","55.71","54.411","54.79","136620"
"FUN","20150309","55.14","55.35","54.74","54.82","86885"
"FUN","20150310","54.79","55.08","54.4","54.49","115150"
"FUN","20150311","53.99","54.02","53.44","53.66","77559"
"FUN","20150312","53.78","55.16","53.78","55","113623"
"FUN","20150313","55.12","55.2299","54.24","54.7","117466"
"FUN","20150316","54.82","55.33","54.4355","55.24","102270"
"FUN","20150317","55.3","55.5","54.905","55.43","144004"
"FUN","20150318","55.42","56.94","55.17","56.84","154122"
"FUN","20150319","56.84","58.03","56.28","57.91","181371"
"FUN","20150320","58.26","58.94","57.53","57.91","243128"
"FUN","20150323","57.54","58.64","57.13","58.55","138384"
"FUN","20150324","58.7","58.7","57.57","58.22","103892"
"FUN","20150325","58.69","58.69","57.04","57.43","143675"
"FUN","20150326","57.25","57.33","56.3803","56.82","185742"
"FUN","20150327","57.09","57.3465","56.53","56.83","67789"
"FUN","20150330","56.83","57.15","56","56.53","102535"
"FUN","20150331","56.44","57.47","56.15","57.4","117811"
"FUN","20150401","57.3","58.66","57.12","58.5","152097"
"FUN","20150402","58.26","58.62","57.72","57.89","99275"
"FUN","20150406","57.8","57.8155","56.5","56.73","92403"
"FUN","20150407","56.54","57.31","56.5101","56.93","79174"
"FUN","20150408","57","57.12","56.4194","57","31138"
"FUN","20150409","56.74","57.32","56.2623","57.02","63722"
"FUN","20150410","57.02","57.8","56.8901","57","57414"
"FUN","20150413","57","57.35","56.39","56.4","66675"
"FUN","20150414","56.35","56.75","55.5552","55.83","52758"
"FUN","20150415","56.01","56.435","55.84","55.85","61278"
"FUN","20150416","55.66","57.009","55.12","56.48","133594"
"FUN","20150417","56","56.7799","55.6201","56.59","56149"
"FUN","20150420","56.67","57.19","56.2901","56.6","523599"
"FUN","20150421","56.87","56.87","56.001","56.2","81000"
"FUN","20150422","56.17","57.16","56.17","56.97","125210"
"FUN","20150423","57.13","57.73","56.19","57.5","86626"
"FUN","20150424","57.75","58.2","57.495","58.06","34729"
"FUN","20150427","58","58.685","57.88","58.29","73044"
"FUN","20150428","58.37","58.65","57","58","107962"
"FUN","20150429","56.5","57.4","56.15","56.99","160610"
"FUN","20150430","57.42","57.42","55.3","56.43","132470"
"FUN","20150501","56.72","58.79","56.498","57.85","120016"
"FUN","20150504","58.09","58.09","56.63","57.85","113330"
"FUN","20150505","57.97","57.97","55.99","56","126958"
"FUN","20150506","56.77","57.21","55.53","57.2","192231"
"FUN","20150507","57.2","57.52","56.39","57.52","122690"
"FUN","20150508","58","58.25","57","57.19","120169"
"FUN","20150511","57.14","57.33","56.5","56.56","42499"
"FUN","20150512","56.5","57.1","56.08","57.07","65116"
"FUN","20150513","57.43","58.09","57.06","58.01","118724"
"FUN","20150514","58.1","58.2285","57.67","57.99","79904"
"FUN","20150515","58.5","58.94","57.7525","58.19","172868"
"FUN","20150518","58.29","58.73","57.75","58.09","61640"
"FUN","20150519","58.45","58.67","57.25","58.6","118470"
"FUN","20150520","58.48","58.58","57.5","57.52","93475"
"FUN","20150521","57.59","58.02","57","57.1","68756"
"FUN","20150522","57.3","58.2436","57.08","57.79","67348"
"FUN","20150526","57.73","58.7","57.325","58.35","97879"
"FUN","20150527","58.5","59.6","58.22","59.32","183096"
"FUN","20150528","59.2","59.61","59.0266","59.61","55807"
"FUN","20150529","59.89","60.64","59.6528","60.31","152530"
"FUN","20150601","59.56","60.14","57.87","58.47","279072"
"FUN","20150602","58.11","58.6","58","58.14","336453"
"FUN","20150603","57.93","58.364","57.6","57.81","113597"
"FUN","20150604","57.81","58.1799","56.665","57.63","186689"
"FUN","20150605","57.5","57.605","56.8","57.28","120863"
"FUN","20150608","57.37","57.93","56.67","57.44","91395"
"FUN","20150609","57.47","58","56.92","57.79","89181"
"FUN","20150610","58.34","58.5","57.5","58.22","90271"
"FUN","20150611","58.4","58.43","57.45","57.5","74047"
"FUN","20150612","57.48","57.48","57.01","57.3","89752"
"FUN","20150615","57.37","57.57","56.8","57.28","172511"
"FUN","20150616","57.2","58.46","57.19","58.45","111875"
"FUN","20150617","58.5","59.08","58.08","58.97","72599"
"FUN","20150618","59.08","59.4799","58.26","58.37","89461"
"FUN","20150619","58.44","58.9045","57.76","58","36234"
"FUN","20150622","58.17","58.19","56.8","56.94","79338"
"FUN","20150623","57","57.04","55.97","56.33","138976"
"FUN","20150624","56.38","56.87","55.35","55.45","105655"
"FUN","20150625","55.71","55.85","55","55.13","85414"
"FUN","20150626","55.11","55.48","54.78","55.38","90562"
"FUN","20150629","54.58","55.26","54.14","54.15","139592"
"FUN","20150630","54.38","55","54.15","54.45","153683"
"FUN","20150701","54.67","54.77","54.19","54.69","105904"
"FUN","20150702","54.65","54.893","54.43","54.78","71003"
"FUN","20150706","54.54","54.89","54.21","54.69","40484"
"FUN","20150707","54.8","54.8","53.1","54.6","140640"
"FUN","20150708","54.6","55.72","54.51","55.61","225108"
"FUN","20150709","55.79","56.4524","54.89","55.17","93803"
"FUN","20150710","56","56.095","55.41","56.08","92335"
"FUN","20150713","55.88","56.55","55.795","56.41","50540"
"FUN","20150714","56.27","57.05","56.05","57.04","42619"
"FUN","20150715","57","57.29","56.61","56.95","65374"
"FUN","20150716","57.03","57.03","55.82","56.51","112071"
"FUN","20150717","56.51","56.7646","56.0501","56.65","61313"
"FUN","20150720","56.85","56.85","56.15","56.27","164404"
"FUN","20150721","56.04","56.68","54.5","55.11","115109"
"FUN","20150722","54.8","55.7963","54.34","55.5","86600"
"FUN","20150723","55.5","55.82","53.36","53.62","113530"
"FUN","20150724","53.78","54.4962","53.31","54.09","101842"
"FUN","20150727","53.59","53.89","51.4","51.65","157599"
"FUN","20150728","51.28","53.5","50.25","52.83","179549"
"FUN","20150729","52.5","53.4","52.5","52.9","67583"
"FUN","20150730","52.9","53.145","52.05","52.83","111776"
"FUN","20150731","53.2","54.3","52.75","53.65","136523"
"FUN","20150803","53.7","55.94","53.7","54.96","107226"
"FUN","20150804","54.99","55.28","54.2101","55","90147"
"FUN","20150805","55.24","58.12","54.87","58.11","257183"
"FUN","20150806","57.81","57.81","55.5","56.14","99073"
"FUN","20150807","55.95","55.9908","53.6","53.76","188133"
"FUN","20150810","53.79","54.46","53.5","54.46","151571"
"FUN","20150811","53.7","54.53","52.59","53.06","164767"
"FUN","20150812","52.75","54.79","52.38","54.7","94511"
"FUN","20150813","54.73","54.93","54.06","54.9","120655"
"FUN","20150814","54.49","54.95","53.1","54.51","124574"
"FUN","20150817","54.74","54.77","53.88","54.26","109875"
"FUN","20150818","53.85","54.25","53.41","53.57","125951"
"FUN","20150819","53.41","53.59","52.12","52.85","229677"
"FUN","20150820","53","53.59","52.11","52.89","159730"
"FUN","20150821","52.01","52.7","51.36","52.19","368156"
"FUN","20150824","49.04","53.2199","48.94","51.88","761624"
"FUN","20150825","54","54","51.8","51.97","93673"
"FUN","20150826","52.25","53.1149","51.342","53.07","137123"
"FUN","20150827","54","54.2099","52.78","54","131308"
"FUN","20150828","53.69","54.6999","53.62","54.07","61734"
"FUN","20150831","54.43","55.6525","54.08","55.18","171309"
"FUN","20150901","53.77","54.16","52.32","52.81","300679"
"FUN","20150902","52.91","53.66","52.58","53.45","155032"
"FUN","20150903","53.82","54.73","53.46","53.56","167137"
"FUN","20150904","53.81","54.51","53.2501","54.44","96277"
"FUN","20150908","54.61","54.95","54.02","54.68","153815"
"FUN","20150909","54.7","55.23","53.52","53.99","187798"
"FUN","20150910","54.42","54.999","54.1551","54.32","257728"
"FUN","20150911","54.78","54.78","53.8201","54.59","89280"
"FUN","20150914","54.65","55.17","54.35","54.91","135329"
"FUN","20150915","55","56.01","55","55.76","130110"
"FUN","20150916","56.38","56.38","55.12","55.54","99076"
"FUN","20150917","55.09","56.08","55","55.79","142781"
"FUN","20150918","55.83","55.969","54.39","54.55","148524"
"FUN","20150921","54.92","55.57","54.2","54.33","105133"
"FUN","20150922","53.57","54.25","53.28","54.09","82779"
"FUN","20150923","53.88","54.4","52.79","53.35","266395"
"FUN","20150924","53.22","53.76","52.744","53.27","127046"
"FUN","20150925","53.73","54.029","52.26","52.92","76912"
"FUN","20150928","52.72","52.8199","50.92","50.96","124799"
"FUN","20150929","51","52.39","50.6","52.15","156082"
"FUN","20150930","52.2","53.46","52.2","52.61","123258"
"FUN","20151001","52.54","52.76","51.57","52.3","152783"
"FUN","20151002","52.88","53","52.88","52.88","82105"
"FUN","20151005","53.46","54.02","53.08","53.93","86951"
"FUN","20151006","54.29","54.3199","53.47","53.57","41988"
"FUN","20151007","54.07","54.36","53.04","54.36","58773"
"FUN","20151008","54.52","54.52","53.65","54.4","62365"
"FUN","20151009","54.52","55.71","54.003","54.7","97462"
"FUN","20151012","54.75","55.19","54.319","55","47291"
"FUN","20151013","55.08","55.29","54.7501","54.92","46770"
"FUN","20151014","54.92","54.92","54.25","54.61","60838"
"FUN","20151015","54.89","55.28","53.65","55.28","118072"
"FUN","20151016","55.05","55.93","55.05","55.65","62773"
"FUN","20151019","55.35","55.9499","55.02","55.84","31635"
"FUN","20151020","55.85","57.2","55.656","57.02","56545"
"FUN","20151021","57.04","57.29","56.74","57","64561"
"FUN","20151022","56.9512","58.46","56.8101","58.17","40278"
"FUN","20151023","58.1304","58.45","57.755","57.9617","49271"
"FUN","20151026","58.06","58.15","57.84","58.03","68287"
"FUN","20151027","57.65","57.84","56","57","127135"
"FUN","20151028","57.17","57.72","56.434","56.91","88338"
"FUN","20151029","57.06","57.0855","56.6095","56.83","58279"
"FUN","20151030","56.98","56.98","55.78","56","71979"
"FUN","20151102","56.26","57","56.23","56.47","51593"
"FUN","20151103","56.66","56.66","56.01","56.35","61229"
"FUN","20151104","56.41","56.94","55.45","56.45","245345"
"FUN","20151105","59","59","57","57.61","167165"
"FUN","20151106","57.81","58.74","57.625","58.34","159522"
"FUN","20151109","58.91","58.91","57.84","58.14","90604"
"FUN","20151110","58.1","58.268","57.32","57.74","69885"
"FUN","20151111","57.7","58.4599","56.7","57.35","128656"
"FUN","20151112","56.05","56.05","55.417","56.05","86578"
"FUN","20151113","56.13","56.615","55.8","56.05","100088"
"FUN","20151116","56.05","56.44","55.7","56.34","79491"
"FUN","20151117","56.57","57","55.965","56.37","148235"
"FUN","20151118","56.45","57.16","56.1","57.14","174714"
"FUN","20151119","56.92","57.47","56","56.51","74746"
"FUN","20151120","56.18","56.9799","56.15","56.72","60881"
"FUN","20151123","56.7","57.32","56.67","56.93","71513"
"FUN","20151124","56.62","57.2692","56.03","56.68","220875"
"FUN","20151125","56.66","57.3299","56.3","57.26","54172"
"FUN","20151127","57.6","57.6","56.68","57.13","47323"
"FUN","20151130","58.02","58.02","55.83","56.32","195673"
"FUN","20151201","55.81","57.44","55.46","57.4","354798"
"FUN","20151202","57.09","57.399","56.16","56.18","63254"
"FUN","20151203","56.5","56.5","54.3115","54.94","107226"
"FUN","20151204","55.01","55.5542","54.87","54.92","62759"
"FUN","20151207","55.18","55.18","54.2","54.67","171270"
"FUN","20151208","54.17","54.4004","53.491","53.68","132264"
"FUN","20151209","53.27","53.91","52.8201","53.45","135840"
"FUN","20151210","53.84","54.0522","52.12","52.44","113737"
"FUN","20151211","51.78","52.85","51.19","52.22","175254"
"FUN","20151214","52.19","52.814","51.68","52.74","200910"
"FUN","20151215","53.12","54.61","52.84","54.17","141486"
"FUN","20151216","54.61","55.2","54.18","54.86","165810"
"FUN","20151217","55.01","55.5","53.42","53.56","170635"
"FUN","20151218","53.55","53.7801","52.31","52.51","121876"
"FUN","20151221","52.98","53.07","51.88","52.02","328397"
"FUN","20151222","52.07","52.29","51.3612","51.94","202201"
"FUN","20151223","52","54.49","52","54.15","160752"
"FUN","20151224","54.43","54.94","54.2723","54.51","186933"
"FUN","20151228","54.4","55.15","54.05","55.09","73775"
"FUN","20151229","55.29","56.5","55.1754","55.89","198450"
"FUN","20151230","56","56.3399","55.21","55.84","58164"
"FUN","20151231","56.04","56.97","55.68","55.84","111437"
"FUN","20160104","55.05","55.87","54.54","55.85","294046"
"FUN","20160105","55.82","55.97","55.0329","55.43","144675"
"FUN","20160106","54.85","55.79","54.85","55.38","139314"
"FUN","20160107","55","55.7065","54.24","54.43","239586"
"FUN","20160108","54.88","55.2184","53.28","53.53","243998"
"FUN","20160111","53.31","53.652","51.725","52","284600"
"FUN","20160112","52.24","52.6","51.3501","51.5","542781"
"FUN","20160113","52","53.2599","50.37","50.49","467641"
"FUN","20160114","50.25","52.8559","48.4552","52.12","445185"
"FUN","20160115","50.5","51.9899","50.15","50.82","231160"
"FUN","20160119","51","51.38","50.34","51.22","143068"
"FUN","20160120","51.11","51.635","50.1004","51.55","584993"
"FUN","20160121","51.65","52.142","51.485","51.56","145651"
"FUN","20160122","52.36","53.47","52.02","53.19","364609"
"FUN","20160125","53.72","53.92","52.25","52.3","287411"
"FUN","20160126","52.56","53","52.067","52.68","228369"
"FUN","20160127","52.89","53.82","52.27","52.56","184914"
"FUN","20160128","52.86","53","52.15","52.39","86683"
"FUN","20160129","52.62","54.14","52.39","54.13","258008"
"FUN","20160201","53.89","54.84","53.37","54.36","237226"
"FUN","20160202","53.88","54.1499","52.83","53.33","260619"
"FUN","20160203","53.57","53.57","52.06","53","169895"
"FUN","20160204","53.19","53.6026","52","52.55","200106"
"FUN","20160205","52.53","52.53","51.75","51.95","106279"
"FUN","20160208","51.5","51.5638","49.27","50.24","478165"
"FUN","20160209","49.5","50.79","49.4","49.81","221266"
"FUN","20160210","50.3","50.87","49.7099","50.32","228370"
"FUN","20160211","49.96","50.61","49.4","49.94","350398"
"FUN","20160212","50.69","51.6958","50.21","51.1","319239"
"FUN","20160216","51.8","52.4946","51.574","52.44","113193"
"FUN","20160217","53.76","54.41","52.11","54.33","358873"
"FUN","20160218","54.17","56.6","53.78","56.13","267225"
"FUN","20160219","55.84","56.75","55.615","56.5","210544"
"FUN","20160222","56.88","57.55","56.5201","57.33","171849"
"FUN","20160223","57.25","57.75","56.8","57.35","172632"
"FUN","20160224","57.2","57.7","56.73","57.6899","227322"
"FUN","20160225","57.46","57.4999","56.7","57.05","130289"
"FUN","20160226","57.45","57.6199","56.95","57.27","93550"
"FUN","20160229","57.6","58.97","57.4982","58.94","190394"
"FUN","20160301","59.03","59.03","57.506","57.9","421954"
"FUN","20160302","58.25","58.25","56.91","57.94","119088"
"FUN","20160303","57.88","58.184","57.3801","57.82","173030"
"FUN","20160304","57.75","57.9999","57.13","57.88","253324"
"FUN","20160307","57.84","58.6999","57","57.71","143141"
"FUN","20160308","57.85","57.88","57.26","57.55","68615"
"FUN","20160309","57.75","58.18","57.51","58.09","91734"
"FUN","20160310","57.37","57.7","55.89","56.45","81267"
"FUN","20160311","56.76","57.18","56.52","56.63","170594"
"FUN","20160314","56.98","58.1","56.6358","57.27","1077735"
"FUN","20160315","57.06","57.56","56.7001","57.16","66565"
"FUN","20160316","57.4","58.98","57.22","58.89","193600"
"FUN","20160317","59","59.4","58.24","58.85","172318"
"FUN","20160318","59.2","60.23","59.01","59.76","186216"
"FUN","20160321","59.87","59.87","58.9","59.12","169097"
"FUN","20160322","59.12","59.88","58.54","58.72","126060"
"FUN","20160323","58.5","58.78","58","58.02","60005"
"FUN","20160324","58.2","59.03","57.51","59.03","189233"
"FUN","20160328","59.47","59.935","58.726","59.52","212048"
"FUN","20160329","59.71","59.8899","59","59.51","129942"
"FUN","20160330","59.54","59.9399","59.2","59.7","92967"
"FUN","20160331","59.42","59.7699","59.1","59.45","95158"
"FUN","20160401","59.1","59.55","58.98","59.24","101462"
"FUN","20160404","58.75","59.6199","58.6","58.8","129088"
"FUN","20160405","58.5","58.908","57.95","58.19","138895"
"FUN","20160406","58.29","59.12","58.29","58.48","68526"
"FUN","20160407","58.51","58.51","57.515","58.02","92151"
"FUN","20160408","58.44","59.03","57.91","59","154044"
"FUN","20160411","59.19","59.3899","58.04","58.04","77984"
"FUN","20160412","58.1","58.66","57.7501","58.56","76793"
"FUN","20160413","58.76","59.2","58.59","58.95","115931"
"FUN","20160414","59.11","59.34","58.6","58.99","78421"
"FUN","20160415","59.01","59.064","58.55","58.67","59525"
"FUN","20160418","58.7","59.39","58.5969","59.31","76566"
"FUN","20160419","59.46","59.62","58.39","58.95","74939"
"FUN","20160420","58.75","59.39","58.6","58.69","109664"
"FUN","20160421","58.69","59.05","58.08","58.32","133880"
"FUN","20160422","58.17","58.27","57.31","57.89","105852"
"FUN","20160425","57.85","58.55","57.8109","58.4","58909"
"FUN","20160426","58.6","58.79","58.09","58.71","137709"
"FUN","20160427","58.68","59.22","58.565","59.21","99734"
"FUN","20160428","58.85","59.2","58.02","58.27","64120"
"FUN","20160429","58.33","58.66","57.63","58.07","44773"
"FUN","20160502","58.5","58.92","58.16","58.61","82898"
"FUN","20160503","58.41","58.668","57.57","57.74","74639"
"FUN","20160504","58.18","59.36","57.28","57.97","219931"
"FUN","20160505","58.24","59.12","57.67","58.88","200489"
"FUN","20160506","58.8","58.85","57.45","58.05","64465"
"FUN","20160509","58.23","59","58.1","58.81","111858"
"FUN","20160510","58.88","59.71","58.41","58.56","112184"
"FUN","20160511","58.65","58.7563","58.02","58.02","83302"
"FUN","20160512","58.13","58.6","58","58.5","90658"
"FUN","20160513","58.38","58.7581","57.79","58.19","65912"
"FUN","20160516","58.59","58.7","57.8","58.03","109828"
"FUN","20160517","58.35","58.35","57.266","57.3","106737"
"FUN","20160518","57.67","58.66","57.3","57.91","144512"
"FUN","20160519","57.93","58.5299","57.44","57.72","96167"
"FUN","20160520","58.01","58.33","57.86","58.33","55005"
"FUN","20160523","58.61","58.8","58.26","58.49","83042"
"FUN","20160524","58.61","59.63","58.61","59.3","159693"
"FUN","20160525","59.74","59.77","59.37","59.52","169931"
"FUN","20160526","59.7","59.7","59.25","59.52","106878"
"FUN","20160527","59.35","59.7099","59.09","59.7","93336"
"FUN","20160531","59.7","60.02","59.3","59.98","162639"
"FUN","20160601","58.98","59.215","58.02","59.11","78052"
"FUN","20160602","58.97","59.18","58.46","58.49","55740"
"FUN","20160603","58.47","58.69","57.85","58.67","71479"
"FUN","20160606","58.74","58.74","57.81","58.17","77969"
"FUN","20160607","58.5","59.42","58.07","58.7","129498"
"FUN","20160608","58.67","59.32","58.67","59.08","107769"
"FUN","20160609","59.04","59.27","58.81","59","52880"
"FUN","20160610","59","59.25","58.71","58.95","184369"
"FUN","20160613","58.78","58.87","58.33","58.65","171386"
"FUN","20160614","58.37","58.83","58.1","58.58","230747"
"FUN","20160615","58.69","59.2799","58.2932","58.65","172310"
"FUN","20160616","58.77","59.14","58.25","59.035","133175"
"FUN","20160617","58.72","59","57.95","58.09","85107"
"FUN","20160620","58.91","58.91","58.11","58.17","75905"
"FUN","20160621","58.19","58.5399","57.5","57.63","141115"
"FUN","20160622","57.64","57.87","57.5","57.52","79570"
"FUN","20160623","57.74","57.8","57.32","57.69","127829"
"FUN","20160624","56.47","58.34","56.17","58.15","149992"
"FUN","20160627","57.9","57.939","56.3","57.07","275510"
"FUN","20160628","58.01","58.58","56.81","56.95","155296"
"FUN","20160629","57.55","57.55","56.72","56.96","102194"
"FUN","20160630","56.96","57.94","56.79","57.82","154744"
"FUN","20160701","57.4","58.61","57.4","57.95","102493"
"FUN","20160705","57.95","58.3764","57.88","58.28","92350"
"FUN","20160706","58.28","59.49","58.01","59.32","191990"
"FUN","20160707","59.51","59.6","58.6","58.82","181238"
"FUN","20160708","59.4","60.63","59.05","59.34","202053"
"FUN","20160711","59.32","60.21","59.26","60.21","90264"
"FUN","20160712","60.53","60.6","60.37","60.55","96063"
"FUN","20160713","60.64","60.86","60.49","60.82","81171"
"FUN","20160714","60.85","62","60.85","61.55","185338"
"FUN","20160715","61.41","61.99","61.29","61.78","172074"
"FUN","20160718","61.99","63.25","61.97","63.2","248631"
"FUN","20160719","63","63.4","62.766","62.89","164633"
"FUN","20160720","62.86","63.32","62.5","62.69","69310"
"FUN","20160721","62.38","62.52","61.1017","61.32","84823"
"FUN","20160722","61.32","61.532","61.09","61.32","114409"
"FUN","20160725","61.35","61.43","60.88","61.18","91129"
"FUN","20160726","61.19","61.78","60.01","60.23","105125"
"FUN","20160727","60.21","60.31","58.71","60.03","190157"
"FUN","20160728","60.09","60.7068","59.52","60.12","92113"
"FUN","20160729","60.18","60.5241","58.99","59.2","143392"
"FUN","20160801","59.09","59.68","58.51","58.52","282208"
"FUN","20160802","58.5","59.09","58.03","58.42","415019"
"FUN","20160803","58","59.27","57","58.56","478696"
"FUN","20160804","58.35","60.21","58.18","60.2","180959"
"FUN","20160805","60.22","61.38","60.22","61","119003"
"FUN","20160808","61.08","61.2499","60.54","60.79","99299"
"FUN","20160809","60.7","60.87","60.04","60.63","193556"
"FUN","20160810","60.67","60.67","60","60.08","56687"
"FUN","20160811","60.41","60.45","59.28","59.61","85124"
"FUN","20160812","59.78","59.99","59.262","59.63","333704"
"FUN","20160815","59.58","59.7099","58.85","58.85","90323"
"FUN","20160816","58.81","58.97","58.2","58.2","104502"
"FUN","20160817","58.2","58.28","57.86","58.06","132366"
"FUN","20160818","57.84","57.84","57.5","57.84","82063"
"FUN","20160819","57.97","58.03","57.22","57.4","59025"
"FUN","20160822","57.35","58.01","57.06","57.75","165603"
"FUN","20160823","58.13","58.669","57.975","58.49","97512"
"FUN","20160824","58.38","58.919","58.03","58.06","73579"
"FUN","20160825","58.31","58.542","57.25","57.43","165037"
"FUN","20160826","57.1","57.525","56.47","56.81","218844"
"FUN","20160829","56.8","59.33","56.56","57.11","568857"
"FUN","20160830","57.36","57.36","56.77","56.87","430718"
"FUN","20160831","56.87","58.36","56.83","58.2","325996"
"FUN","20160901","57.15","58.01","57.03","57.99","271283"
"FUN","20160902","58.09","58.25","57.8228","58.15","136929"
"FUN","20160906","57.97","58.14","57.361","57.45","88931"
"FUN","20160907","57.29","58.68","57","58.64","133166"
"FUN","20160908","58.43","58.66","58.21","58.5","71384"
"FUN","20160909","58.5","58.65","58.1728","58.48","133597"
"FUN","20160912","58.25","59.3","58.25","59.05","149724"
"FUN","20160913","58.99","59.01","58.46","58.69","308784"
"FUN","20160914","58.44","60.39","58.41","59.94","217109"
"FUN","20160915","60.11","61.15","59.97","60.79","158965"
"FUN","20160916","60.9","60.9792","60.16","60.16","93015"
"FUN","20160919","60.55","60.99","60.24","60.84","60849"
"FUN","20160920","60.98","61.04","60.32","60.34","82488"
"FUN","20160921","60.66","60.75","60.08","60.31","116448"
"FUN","20160922","60.5","60.98","60.5","60.63","54382"
"FUN","20160923","60.27","60.7","60.17","60.58","71984"
"FUN","20160926","60.5","60.65","59.36","59.44","140309"
"FUN","20160927","59.296","59.495","58.91","58.96","170959"
"FUN","20160928","59.1","59.1015","57.9","58.06","222416"
"FUN","20160929","57.93","58.3499","57.5","57.5","139403"
"FUN","20160930","57.5","57.91","57","57.29","178012"
"FUN","20161003","57.55","57.739","57.09","57.15","133418"
"FUN","20161004","57.46","58.34","57.23","57.83","117804"
"FUN","20161005","57.84","57.93","57.07","57.72","73715"
"FUN","20161006","57.34","58.1712","57.27","57.83","53608"
"FUN","20161007","57.95","58.04","57.4066","58.01","67420"
"FUN","20161010","57.8","58.78","57.8","58.64","134533"
"FUN","20161011","58.44","58.53","57.71","57.79","155422"
"FUN","20161012","57.62","57.75","57.295","57.37","43217"
"FUN","20161013","57.17","57.66","56.69","56.69","59953"
"FUN","20161014","57.04","57.38","56.71","56.92","117731"
"FUN","20161017","56.8","57.52","56.6667","57.52","127491"
"FUN","20161018","57.83","58.4","57.83","58.03","125269"
"FUN","20161019","58.01","58.64","57.786","58.4","92364"
"FUN","20161020","58.66","58.75","57.23","57.25","387108"
"FUN","20161021","57.27","57.77","57.14","57.29","60516"
"FUN","20161024","57.81","59.35","56.94","57.08","171600"
"FUN","20161025","56.88","57.58","56.35","57.45","238265"
"FUN","20161026","57.4","57.8808","57.08","57.11","112491"
"FUN","20161027","56.95","57.33","56.39","56.59","140788"
"FUN","20161028","56.54","57.16","56.37","56.81","74457"
"FUN","20161031","56.81","56.9366","56.39","56.85","157779"
"FUN","20161101","56.59","57.14","56.426","56.64","82885"
"FUN","20161102","56.39","59.17","56.23","59.09","231676"
"FUN","20161103","59.15","59.59","58.7591","58.95","82183"
"FUN","20161104","58.98","59.19","58.421","58.85","55370"
"FUN","20161107","58.9","59.553","58.9","59.49","89874"
"FUN","20161108","59.4","60.08","59","59.99","170347"
"FUN","20161109","59","60.48","58.7955","60.25","201540"
"FUN","20161110","60.45","60.49","59.94","60.05","62825"
"FUN","20161111","60.07","60.932","59.85","60.89","118536"
"FUN","20161114","61","61.24","59.03","59.09","260056"
"FUN","20161115","59","59.24","58.05","58.42","184292"
"FUN","20161116","58.45","59.49","58.42","59.33","103222"
"FUN","20161117","59.6","60.621","59.21","60.37","174191"
"FUN","20161118","60.42","60.5238","59.8601","60.23","88391"
"FUN","20161121","60.29","60.6884","60.12","60.25","95698"
"FUN","20161122","60.5","60.68","59.14","59.59","138857"
"FUN","20161123","59.31","60.4","59.31","60.01","80511"
"FUN","20161124","60.01","60.01","60.01","60.01","0"
"FUN","20161125","60","60.446","59.93","59.95","22364"
"FUN","20161128","59.95","60.5487","59.661","60.27","142875"
"FUN","20161129","60.44","61.0258","60.058","60.98","106347"
"FUN","20161130","61.25","61.25","60.56","61.02","91685"
"FUN","20161201","60.16","60.2","59.5","60.12","253789"
"FUN","20161202","60.3","60.309","59.95","60.04","50443"
"FUN","20161205","59.94","60.705","59.7726","60.23","87831"
"FUN","20161206","60.05","60.69","60.05","60.69","58161"
"FUN","20161207","60.7","61.67","60.32","61.42","198956"
"FUN","20161208","61.7","61.7","61","61.36","138271"
"FUN","20161209","61.25","63","61.11","62.24","272852"
"FUN","20161212","62.37","62.95","61.71","62.02","109708"
"FUN","20161213","62.02","62.74","61.82","62.43","79822"
"FUN","20161214","62.91","63.37","62.51","63.03","217842"
"FUN","20161215","63.26","63.2923","62.83","63.12","189784"
"FUN","20161216","63.45","63.82","63.2","63.65","214053"
"FUN","20161219","63.9","64.25","63.63","63.77","202783"
"FUN","20161220","63.89","64","63.6","63.85","169207"
"FUN","20161221","64","64.49","63.871","64.29","126687"
"FUN","20161222","64.51","64.9","64.01","64.64","160340"
"FUN","20161223","64.53","64.9","64.27","64.56","114219"
"FUN","20161227","64.25","64.84","64.25","64.5","233973"
"FUN","20161228","64.29","64.8","64.06","64.06","176010"
"FUN","20161229","64.29","64.3822","64.04","64.06","165212"
"FUN","20161230","64.35","64.35","63.79","64.2","113446"
"FUN","20170103","64.73","64.85","63.35","63.53","183060"
"FUN","20170104","63.5","64.135","63.3","63.75","219865"
"FUN","20170105","63.79","64.69","63.59","64.21","86250"
"FUN","20170106","64.52","64.85","64.21","64.37","63068"
"FUN","20170109","64.76","64.76","63.52","63.77","123000"
"FUN","20170110","63.73","63.9799","63.32","63.38","53128"
"FUN","20170111","63.15","63.29","62.87","62.88","37307"
"FUN","20170112","62.78","63.14","62.58","63.01","48686"
"FUN","20170113","63.08","63.67","63.0323","63.35","51439"
"FUN","20170117","63.4","63.52","63.07","63.4","70220"
"FUN","20170118","63.7","65.23","63.2124","64.08","91560"
"FUN","20170119","64.34","64.82","63.55","63.94","76319"
"FUN","20170120","63.82","64.09","63.63","63.95","65547"
"FUN","20170123","64.07","64.23","63.43","63.67","62039"
"FUN","20170124","63.75","64.19","63.61","63.85","96413"
"FUN","20170125","64","64.5","63.22","63.5","84506"
"FUN","20170126","63.8","64.4576","63.6","63.97","102541"
"FUN","20170127","64.18","64.18","63.01","63.09","85557"
"FUN","20170130","63","63.34","62.3","63.1","173371"
"FUN","20170131","62.78","62.99","62.42","62.53","85595"
"FUN","20170201","62.77","63.41","62.51","62.86","64561"
"FUN","20170202","62.47","62.99","62.228","62.61","52394"
"FUN","20170203","62.76","63.07","62","62.19","81406"
"FUN","20170206","62.01","63.32","62.01","62.58","127787"
"FUN","20170207","62.7","63.49","62.2314","63.12","119308"
"FUN","20170208","63.89","64.03","63.17","63.87","116690"
"FUN","20170209","64.29","64.29","63.25","63.35","67815"
"FUN","20170210","63.72","63.8","62.77","63.11","126325"
"FUN","20170213","63.74","64.19","63.178","63.94","112598"
"FUN","20170214","63.9","64.46","63.75","63.95","102329"
"FUN","20170215","64.45","65.96","64.03","65.95","198061"
"FUN","20170216","66","66.7","65.8001","66.59","97289"
"FUN","20170217","66.31","66.69","65.75","66.5","76866"
"FUN","20170221","67.02","67.67","66.51","67.4","191698"
"FUN","20170222","67.24","67.66","67.15","67.5","93315"
"FUN","20170223","67.67","68.68","67.445","68.29","228903"
"FUN","20170224","68.5","68.64","68.03","68.39","289717"
"FUN","20170227","68.7","69.81","68.39","68.64","237082"
"FUN","20170228","68.82","69.29","68.24","68.48","302449"
"FUN","20170301","68.18","68.47","67.03","67.25","253685"
"FUN","20170302","67.25","67.67","66.86","67.35","111301"
"FUN","20170303","67.76","67.94","67","67.29","67806"
"FUN","20170306","67.43","67.66","66.85","67.46","76307"
"FUN","20170307","67.08","67.76","67.042","67.33","146688"
"FUN","20170308","67.35","67.67","67.0601","67.5","48758"
"FUN","20170309","67.5","67.98","67.21","67.65","70063"
"FUN","20170310","68","68.37","67.93","68.12","104315"
"FUN","20170313","68.38","68.73","67.899","68.17","113267"
"FUN","20170314","68.11","68.23","67.6","67.78","62966"
"FUN","20170315","68.18","68.33","67.46","68.29","191699"
"FUN","20170316","68.64","68.79","67.75","67.96","191924"
"FUN","20170317","67.67","68.11","67.5","68.09","52627"
"FUN","20170320","68.31","68.32","67.8014","68.13","57686"
"FUN","20170321","68.2","68.2999","67.82","68.13","78176"
"FUN","20170322","67.88","68.08","67.3273","67.92","66059"
"FUN","20170323","67.88","68.1","67.53","67.94","60770"
"FUN","20170324","68.35","68.365","67.8917","68.1","48703"
"FUN","20170327","67.32","68.042","67.08","68.01","64023"
"FUN","20170328","68.02","68.02","67.3601","67.73","53004"
"FUN","20170329","67.4","67.81","67.351","67.73","40540"
"FUN","20170330","67.82","68","67.5","68","45743"
"FUN","20170331","68.5","68.5","67.74","67.81","180849"
"FUN","20170403","67.81","68.53","67.72","68.46","76259"
"FUN","20170404","68.22","68.84","68.14","68.64","63829"
"FUN","20170405","68.91","68.96","67.8378","68.04","69086"
"FUN","20170406","68.73","69.34","68.48","68.85","71456"
"FUN","20170407","68.84","68.84","68.32","68.68","55328"
"FUN","20170410","69.05","69.05","68.41","68.65","105952"
"FUN","20170411","68.56","68.64","67.67","68.43","84515"
"FUN","20170412","68.2","68.47","68","68.25","50835"
"FUN","20170413","68.03","68.88","68.02","68.35","49920"
"FUN","20170417","68.8","69.29","68.14","68.49","124527"
"FUN","20170418","68.41","69.24","68.41","69.01","55334"
"FUN","20170419","69.2","69.2946","68.7465","69.08","127879"
"FUN","20170420","69.14","69.42","68.64","69.21","61652"
"FUN","20170421","69.55","71.2199","69.4461","70.98","170101"
"FUN","20170424","71.49","71.61","70.474","70.69","86603"
"FUN","20170425","70.77","71.4271","70.39","70.89","120803"
"FUN","20170426","70.5","71.88","70.1983","71.61","59855"
"FUN","20170427","71.46","71.9152","71.03","71.5","60815"
"FUN","20170428","71.7","71.93","70.74","71.67","89470"
"FUN","20170501","71.75","72.56","71.5993","72.29","73535"
"FUN","20170502","72.45","72.55","72.03","72.22","79935"
"FUN","20170503","69.91","72","69.75","71.13","183061"
"FUN","20170504","71.32","71.484","69.75","69.87","144855"
"FUN","20170505","70.26","70.74","70.04","70.31","193360"
"FUN","20170508","70.7","70.7","69.56","70","174714"
"FUN","20170509","70.03","70.72","70.01","70.47","157202"
"FUN","20170510","70.49","70.835","70.06","70.38","94547"
"FUN","20170511","70.31","70.4097","69.532","69.58","168308"
"FUN","20170512","69.37","69.976","69.2","69.71","184759"
"FUN","20170515","69.71","71.2294","69.71","71.13","97270"
"FUN","20170516","71.46","71.46","69.7","70.15","141083"
"FUN","20170517","70.12","70.17","69.46","69.64","58588"
"FUN","20170518","69.5","70.1854","69.29","69.69","148913"
"FUN","20170519","70.12","70.74","70.0858","70.54","55509"
"FUN","20170522","70.87","71.2","70.3","70.31","71184"
"FUN","20170523","70.35","70.7034","70.0904","70.63","33525"
"FUN","20170524","70.89","71.33","70.7041","71.3","124296"
"FUN","20170525","71.44","71.8614","71.06","71.19","67626"
"FUN","20170526","71.1","71.3","70.09","70.76","95050"
"FUN","20170530","70.76","71","70.33","70.6","78557"
"FUN","20170531","70.65","71.06","70.38","71.02","106927"
"FUN","20170601","70.56","71.1","70.56","70.99","90140"
"FUN","20170602","71","71.2803","70.6596","71.04","105625"
"FUN","20170605","70.8","70.94","70.37","70.49","112691"
"FUN","20170606","70.49","70.926","70.25","70.5","49545"
"FUN","20170607","70.5","70.95","70.5","70.74","91664"
"FUN","20170608","70.88","70.97","70.265","70.47","51590"
"FUN","20170609","70.41","70.79","70.1","70.11","75987"
"FUN","20170612","70.3","70.93","70.05","70.65","55743"
"FUN","20170613","70.74","71.25","70.37","71","48342"
"FUN","20170614","70.74","72.48","70.74","71.95","104127"
"FUN","20170615","71.51","71.75","70.5064","71.37","111705"
"FUN","20170616","71.7","71.7","70.5","70.68","73076"
"FUN","20170619","71.7","72.37","71.07","71.5","136855"
"FUN","20170620","71.46","71.87","70.6","71.38","71494"
"FUN","20170621","71.42","71.65","71","71.57","110908"
"FUN","20170622","71.66","71.66","70.7201","70.78","174502"
"FUN","20170623","70.59","71","70.5","70.8","87927"
"FUN","20170626","70.8","70.825","70.19","70.54","113625"
"FUN","20170627","70.4","70.7085","70.24","70.39","132304"
"FUN","20170628","70.51","71.05","70.07","70.85","120094"
"FUN","20170629","70.79","71.545","70.5","71.49","103218"
"FUN","20170630","71.7","72.12","71.1982","72.1","88587"
"FUN","20170703","72.21","72.21","71.36","71.8","82326"
"FUN","20170705","71.79","71.79","70.06","71","158808"
"FUN","20170706","70.13","71.19","69.291","70.73","255225"
"FUN","20170707","70.6","70.6","69.55","69.9","186258"
"FUN","20170710","69.62","70.1","69.128","69.32","272740"
"FUN","20170711","68.95","70.1","68.26","69.88","430765"
"FUN","20170712","69.82","70.55","69.59","70.55","116644"
"FUN","20170713","70.75","71.85","69.95","71.65","202711"
"FUN","20170714","71.27","71.5301","70.19","70.87","199338"
"FUN","20170717","71.11","71.12","70.5","71.02","140238"
"FUN","20170718","70.76","70.76","69.75","70.2","279425"
"FUN","20170719","70.01","70.2","69.43","69.8","436725"
"FUN","20170720","69.88","69.9628","68.96","69.35","87300"
"FUN","20170721","69.32","69.505","68.85","69.18","57979"
"FUN","20170724","69.49","69.91","69.2","69.5","83379"
"FUN","20170725","69.49","69.6414","69.03","69.23","48924"
"FUN","20170726","69","70.25","68.98","69.47","71143"
"FUN","20170727","69.78","69.78","68.78","68.98","59421"
"FUN","20170728","68.76","69.54","68.76","69.42","36521"
"FUN","20170731","69.55","69.7524","69.21","69.44","44466"
"FUN","20170801","69.55","69.85","68.8203","69.08","106053"
"FUN","20170802","67.9","67.99","65.52","65.86","1232911"
"FUN","20170803","66","66.43","64.15","65.25","235460"
"FUN","20170804","65.4","66.71","65","66.46","111524"
"FUN","20170807","66.62","67.04","65.86","66.22","200758"
"FUN","20170808","66.08","66.5","65.614","65.94","89127"
"FUN","20170809","65.27","65.76","65.12","65.27","142921"
"FUN","20170810","65.15","65.445","64.16","64.25","85526"
"FUN","20170811","63.78","64.96","63.19","64.38","158135"
"FUN","20170814","64.5","65.54","64.35","65.29","65045"
"FUN","20170815","65.38","65.93","65.05","65.81","70609"
"FUN","20170816","65.93","67.93","65.54","67.77","217433"
"FUN","20170817","67.31","67.813","66.11","66.35","73176"
"FUN","20170818","66.35","66.695","66.195","66.4","70450"
"FUN","20170821","66.37","66.755","66","66.26","86660"
"FUN","20170822","66.36","66.77","66.31","66.51","107051"
"FUN","20170823","66.3","66.37","66.03","66.3","157423"
"FUN","20170824","66.5","67.22","66.5","67.1","119664"
"FUN","20170825","67.19","67.9125","67.19","67.81","61920"
"FUN","20170828","67.86","68.27","67.27","68.26","90295"
"FUN","20170829","68","68.25","67.77","67.84","145907"
"FUN","20170830","67.95","68.206","67.58","67.91","41475"
"FUN","20170831","67.97","69.6","67.97","69.38","89901"
"FUN","20170901","68.07","69","66.65","66.8","147863"
"FUN","20170905","66.76","66.8","64.882","65.5","70760"
"FUN","20170906","65.58","65.77","65.21","65.35","44450"
"FUN","20170907","65.27","65.6157","63.141","63.41","164257"
"FUN","20170908","63.31","63.8273","62.62","63.32","150822"
"FUN","20170911","63.71","65.38","63.57","64.67","78055"
"FUN","20170912","64.79","65.39","64.26","64.74","83974"
"FUN","20170913","64.65","65.57","64.65","65","71948"
"FUN","20170914","64.82","65.2199","64.37","64.96","66520"
"FUN","20170915","65.1","65.4999","64.52","64.62","114722"
"FUN","20170918","64.79","65.69","64.6294","65.07","123715"
"FUN","20170919","65.1","65.5853","64.49","64.6","114477"
"FUN","20170920","64.42","65","63.56","63.61","69904"
"FUN","20170921","63.56","63.86","63","63.8","88198"
"FUN","20170922","63.52","64.93","63.52","64.24","50601"
"FUN","20170925","64.24","64.24","63.37","63.56","63234"
"FUN","20170926","63.62","64.4199","63.62","64.11","59685"
"FUN","20170927","64.36","64.75","63.475","64.42","41060"
"FUN","20170928","64.23","64.87","63.93","64.76","52120"
"FUN","20170929","64.67","64.82","64","64.12","59303"
"FUN","20171002","64.1","64.57","63.54","63.87","83293"
"FUN","20171003","63.74","64.1501","63.63","63.89","52089"
"FUN","20171004","63.3","64.165","63","63.63","76550"
"FUN","20171005","63.74","64.25","63.095","63.11","66890"
"FUN","20171006","63.1","63.3394","62.75","62.92","59989"
"FUN","20171009","62.92","64","62.51","63.55","88662"
"FUN","20171010","63.7","63.86","62.9","63.15","378933"
"FUN","20171011","62.88","63.25","62.75","62.83","77197"
"FUN","20171012","62.67","63","62.23","62.38","95272"
"FUN","20171013","62.38","63.4","62.26","63.38","568553"
