{
  "backprop" : true,
  "backpropType" : "TruncatedBPTT",
  "confs" : [ {
    "iterationCount" : 0,
    "l1ByParam" : {
      "b" : 0.0,
      "W" : 0.0,
      "RW" : 0.0
    },
    "l2ByParam" : {
      "b" : 0.0,
      "W" : 1.0E-4,
      "RW" : 1.0E-4
    },
    "layer" : {
      "gravesLSTM" : {
        "activationFn" : {
          "TanH" : { }
        },
        "adamMeanDecay" : "NaN",
        "adamVarDecay" : "NaN",
        "biasInit" : 0.0,
        "biasLearningRate" : 0.45,
        "dist" : null,
        "dropOut" : 0.4,
        "epsilon" : 1.0E-8,
        "forgetGateBiasInit" : 1.0,
        "gateActivationFn" : {
          "HardSigmoid" : { }
        },
        "gradientNormalization" : "None",
        "gradientNormalizationThreshold" : 1.0,
        "l1" : 0.0,
        "l1Bias" : 0.0,
        "l2" : 1.0E-4,
        "l2Bias" : 0.0,
        "layerName" : "layer0",
        "learningRate" : 0.45,
        "learningRateSchedule" : null,
        "momentum" : "NaN",
        "momentumSchedule" : null,
        "nin" : 5,
        "nout" : 5,
        "rho" : "NaN",
        "rmsDecay" : 0.95,
        "updater" : "RMSPROP",
        "weightInit" : "XAVIER"
      }
    },
    "leakyreluAlpha" : 0.0,
    "learningRateByParam" : {
      "b" : 0.45,
      "W" : 0.45,
      "RW" : 0.45
    },
    "learningRatePolicy" : "None",
    "lrPolicyDecayRate" : "NaN",
    "lrPolicyPower" : "NaN",
    "lrPolicySteps" : "NaN",
    "maxNumLineSearchIterations" : 5,
    "miniBatch" : true,
    "minimize" : true,
    "numIterations" : 1,
    "optimizationAlgo" : "STOCHASTIC_GRADIENT_DESCENT",
    "pretrain" : false,
    "seed" : 12345,
    "stepFunction" : null,
    "useDropConnect" : false,
    "useRegularization" : true,
    "variables" : [ "W", "RW", "b" ]
  }, {
    "iterationCount" : 0,
    "l1ByParam" : {
      "b" : 0.0,
      "W" : 0.0,
      "RW" : 0.0
    },
    "l2ByParam" : {
      "b" : 0.0,
      "W" : 1.0E-4,
      "RW" : 1.0E-4
    },
    "layer" : {
      "gravesLSTM" : {
        "activationFn" : {
          "TanH" : { }
        },
        "adamMeanDecay" : "NaN",
        "adamVarDecay" : "NaN",
        "biasInit" : 0.0,
        "biasLearningRate" : 0.45,
        "dist" : null,
        "dropOut" : 0.4,
        "epsilon" : 1.0E-8,
        "forgetGateBiasInit" : 1.0,
        "gateActivationFn" : {
          "HardSigmoid" : { }
        },
        "gradientNormalization" : "None",
        "gradientNormalizationThreshold" : 1.0,
        "l1" : 0.0,
        "l1Bias" : 0.0,
        "l2" : 1.0E-4,
        "l2Bias" : 0.0,
        "layerName" : "layer1",
        "learningRate" : 0.45,
        "learningRateSchedule" : null,
        "momentum" : "NaN",
        "momentumSchedule" : null,
        "nin" : 5,
        "nout" : 50,
        "rho" : "NaN",
        "rmsDecay" : 0.95,
        "updater" : "RMSPROP",
        "weightInit" : "XAVIER"
      }
    },
    "leakyreluAlpha" : 0.0,
    "learningRateByParam" : {
      "b" : 0.45,
      "W" : 0.45,
      "RW" : 0.45
    },
    "learningRatePolicy" : "None",
    "lrPolicyDecayRate" : "NaN",
    "lrPolicyPower" : "NaN",
    "lrPolicySteps" : "NaN",
    "maxNumLineSearchIterations" : 5,
    "miniBatch" : true,
    "minimize" : true,
    "numIterations" : 1,
    "optimizationAlgo" : "STOCHASTIC_GRADIENT_DESCENT",
    "pretrain" : false,
    "seed" : 12345,
    "stepFunction" : null,
    "useDropConnect" : false,
    "useRegularization" : true,
    "variables" : [ "W", "RW", "b" ]
  }, {
    "iterationCount" : 0,
    "l1ByParam" : {
      "b" : 0.0,
      "W" : 0.0
    },
    "l2ByParam" : {
      "b" : 0.0,
      "W" : 1.0E-4
    },
    "layer" : {
      "dense" : {
        "activationFn" : {
          "ReLU" : { }
        },
        "adamMeanDecay" : "NaN",
        "adamVarDecay" : "NaN",
        "biasInit" : 0.0,
        "biasLearningRate" : 0.45,
        "dist" : null,
        "dropOut" : 0.0,
        "epsilon" : 1.0E-8,
        "gradientNormalization" : "None",
        "gradientNormalizationThreshold" : 1.0,
        "l1" : 0.0,
        "l1Bias" : 0.0,
        "l2" : 1.0E-4,
        "l2Bias" : 0.0,
        "layerName" : "layer2",
        "learningRate" : 0.45,
        "learningRateSchedule" : null,
        "momentum" : "NaN",
        "momentumSchedule" : null,
        "nin" : 50,
        "nout" : 1,
        "rho" : "NaN",
        "rmsDecay" : 0.95,
        "updater" : "RMSPROP",
        "weightInit" : "XAVIER"
      }
    },
    "leakyreluAlpha" : 0.0,
    "learningRateByParam" : {
      "b" : 0.45,
      "W" : 0.45
    },
    "learningRatePolicy" : "None",
    "lrPolicyDecayRate" : "NaN",
    "lrPolicyPower" : "NaN",
    "lrPolicySteps" : "NaN",
    "maxNumLineSearchIterations" : 5,
    "miniBatch" : true,
    "minimize" : true,
    "numIterations" : 1,
    "optimizationAlgo" : "STOCHASTIC_GRADIENT_DESCENT",
    "pretrain" : false,
    "seed" : 12345,
    "stepFunction" : null,
    "useDropConnect" : false,
    "useRegularization" : true,
    "variables" : [ "W", "b" ]
  }, {
    "iterationCount" : 0,
    "l1ByParam" : {
      "b" : 0.0,
      "W" : 0.0
    },
    "l2ByParam" : {
      "b" : 0.0,
      "W" : 1.0E-4
    },
    "layer" : {
      "rnnoutput" : {
        "activationFn" : {
          "Identity" : { }
        },
        "adamMeanDecay" : "NaN",
        "adamVarDecay" : "NaN",
        "biasInit" : 0.0,
        "biasLearningRate" : 0.45,
        "dist" : null,
        "dropOut" : 0.0,
        "epsilon" : 1.0E-8,
        "gradientNormalization" : "None",
        "gradientNormalizationThreshold" : 1.0,
        "l1" : 0.0,
        "l1Bias" : 0.0,
        "l2" : 1.0E-4,
        "l2Bias" : 0.0,
        "layerName" : "layer3",
        "learningRate" : 0.45,
        "learningRateSchedule" : null,
        "lossFn" : {
          "MSE" : { }
        },
        "lossFunction" : "MSE",
        "momentum" : "NaN",
        "momentumSchedule" : null,
        "nin" : 1,
        "nout" : 1,
        "rho" : "NaN",
        "rmsDecay" : 0.95,
        "updater" : "RMSPROP",
        "weightInit" : "XAVIER"
      }
    },
    "leakyreluAlpha" : 0.0,
    "learningRateByParam" : {
      "b" : 0.45,
      "W" : 0.45
    },
    "learningRatePolicy" : "None",
    "lrPolicyDecayRate" : "NaN",
    "lrPolicyPower" : "NaN",
    "lrPolicySteps" : "NaN",
    "maxNumLineSearchIterations" : 5,
    "miniBatch" : true,
    "minimize" : true,
    "numIterations" : 1,
    "optimizationAlgo" : "STOCHASTIC_GRADIENT_DESCENT",
    "pretrain" : false,
    "seed" : 12345,
    "stepFunction" : null,
    "useDropConnect" : false,
    "useRegularization" : true,
    "variables" : [ "W", "b" ]
  } ],
  "inputPreProcessors" : {
    "3" : {
      "feedForwardToRnn" : { }
    },
    "2" : {
      "rnnToFeedForward" : { }
    }
  },
  "iterationCount" : 0,
  "pretrain" : false,
  "tbpttBackLength" : 128,
  "tbpttFwdLength" : 128
}